Copyright 1986-2022 Xilinx, Inc. All Rights Reserved. Copyright 2022-2023 Advanced Micro Devices, Inc. All Rights Reserved.
---------------------------------------------------------------------------------------------------------------------------------------------
| Tool Version : Vivado v.2023.2 (lin64) Build 4029153 Fri Oct 13 20:13:54 MDT 2023
| Date         : Wed Jul  1 14:52:48 2026
| Host         : npl-17inch running 64-bit Ubuntu 22.04.5 LTS
| Command      : report_timing_summary -file reports/report_timing_summary.astropix-cmodr2_3_CONFIG_SE.log
| Design       : astep24_3l_multitarget_top
| Device       : 7a35t-cpg236
| Speed File   : -1  PRODUCTION 1.23 2018-06-13
| Design State : Routed
---------------------------------------------------------------------------------------------------------------------------------------------

Timing Summary Report

------------------------------------------------------------------------------------------------
| Timer Settings
| --------------
------------------------------------------------------------------------------------------------

  Enable Multi Corner Analysis               :  Yes
  Enable Pessimism Removal                   :  Yes
  Pessimism Removal Resolution               :  Nearest Common Node
  Enable Input Delay Default Clock           :  No
  Enable Preset / Clear Arcs                 :  No
  Disable Flight Delays                      :  No
  Ignore I/O Paths                           :  No
  Timing Early Launch at Borrowing Latches   :  No
  Borrow Time for Max Delay Exceptions       :  Yes
  Merge Timing Exceptions                    :  Yes
  Inter-SLR Compensation                     :  Conservative

  Corner  Analyze    Analyze    
  Name    Max Paths  Min Paths  
  ------  ---------  ---------  
  Slow    Yes        Yes        
  Fast    Yes        Yes        


------------------------------------------------------------------------------------------------
| Report Methodology
| ------------------
------------------------------------------------------------------------------------------------

No report available as report_methodology has not been run prior. Run report_methodology on the current design for the summary of methodology violations.



check_timing report

Table of Contents
-----------------
1. checking no_clock (0)
2. checking constant_clock (0)
3. checking pulse_width_clock (1)
4. checking unconstrained_internal_endpoints (8)
5. checking no_input_delay (0)
6. checking no_output_delay (9)
7. checking multiple_clock (1)
8. checking generated_clocks (0)
9. checking loops (0)
10. checking partial_input_delay (0)
11. checking partial_output_delay (0)
12. checking latch_loops (0)

1. checking no_clock (0)
------------------------
 There are 0 register/latch pins with no clock.


2. checking constant_clock (0)
------------------------------
 There are 0 register/latch pins with constant_clock.


3. checking pulse_width_clock (1)
---------------------------------
 There is 1 register/latch pin which need pulse_width check. (LOW)


4. checking unconstrained_internal_endpoints (8)
------------------------------------------------
 There are 0 pins that are not constrained for maximum delay.

 There are 8 pins that are not constrained for maximum delay due to constant clock. (MEDIUM)


5. checking no_input_delay (0)
------------------------------
 There are 0 input ports with no input delay specified.

 There are 0 input ports with no input delay but user has a false path constraint.


6. checking no_output_delay (9)
-------------------------------
 There are 0 ports with no output delay specified.

 There are 3 ports with no output delay but user has a false path constraint (MEDIUM)

 There are 6 ports with no output delay but with a timing clock defined on it or propagating through it (LOW)


7. checking multiple_clock (1)
------------------------------
 There is 1 register/latch pin with multiple clocks. (HIGH)


8. checking generated_clocks (0)
--------------------------------
 There are 0 generated clocks that are not connected to a clock source.


9. checking loops (0)
---------------------
 There are 0 combinational loops in the design.


10. checking partial_input_delay (0)
------------------------------------
 There are 0 input ports with partial input delay specified.


11. checking partial_output_delay (0)
-------------------------------------
 There are 0 ports with partial output delay specified.


12. checking latch_loops (0)
----------------------------
 There are 0 combinational latch loops in the design through latch input



------------------------------------------------------------------------------------------------
| Design Timing Summary
| ---------------------
------------------------------------------------------------------------------------------------

    WNS(ns)      TNS(ns)  TNS Failing Endpoints  TNS Total Endpoints      WHS(ns)      THS(ns)  THS Failing Endpoints  THS Total Endpoints     WPWS(ns)     TPWS(ns)  TPWS Failing Endpoints  TPWS Total Endpoints  
    -------      -------  ---------------------  -------------------      -------      -------  ---------------------  -------------------     --------     --------  ----------------------  --------------------  
      0.842        0.000                      0                15583        0.050        0.000                      0                15128        5.000        0.000                       0                  7493  


All user specified timing constraints are met.


------------------------------------------------------------------------------------------------
| Clock Summary
| -------------
------------------------------------------------------------------------------------------------

Clock                                  Waveform(ns)         Period(ns)      Frequency(MHz)
-----                                  ------------         ----------      --------------
async_io_dummy_clk                     {0.000 5.000}        10.000          100.000         
ext_clk_se                             {0.000 12.500}       25.000          40.000          
  clk_100_clk_core_extorint_40_1       {0.000 5.000}        10.000          100.000         
  clk_10_clk_core_extorint_40_1        {0.000 50.000}       100.000         10.000          
  clk_20_clk_core_extorint_40_1        {0.000 25.000}       50.000          20.000          
    timestamp_clk_internal_ap4_1       {0.000 200.000}      400.000         2.500           
  clk_80_clk_core_extorint_40_1        {0.000 6.250}        12.500          80.000          
  clkfbout_clk_core_extorint_40_1      {0.000 12.500}       25.000          40.000          
sw_spi_clk                             {0.000 15.000}       30.000          33.333          
sysclk                                 {0.000 41.666}       83.333          12.000          
  clk_out1_clk_sys_to_40               {0.000 12.500}       25.000          40.000          
    clk_100_clk_core_extorint_40       {0.000 5.000}        10.000          100.000         
    clk_10_clk_core_extorint_40        {0.000 50.000}       100.000         10.000          
    clk_20_clk_core_extorint_40        {0.000 25.000}       50.000          20.000          
      timestamp_clk_internal_ap4       {0.000 199.999}      399.998         2.500           
    clk_80_clk_core_extorint_40        {0.000 6.250}        12.500          80.000          
      hk_spi_divided                   {0.000 12.500}       25.000          40.000          
        hk_spi_divided_clock_internal  {0.000 25.000}       50.000          20.000          
      layers_spi_divided               {0.000 12.500}       25.000          40.000          
        spi_layer0_clock_internal      {0.000 25.000}       50.000          20.000          
        spi_layer1_clock_internal      {0.000 25.000}       50.000          20.000          
        spi_layer2_clock_internal      {0.000 25.000}       50.000          20.000          
    clkfbout_clk_core_extorint_40      {0.000 12.500}       25.000          40.000          
  clkfbout_clk_sys_to_40               {0.000 41.666}       83.333          12.000          


------------------------------------------------------------------------------------------------
| Intra Clock Table
| -----------------
------------------------------------------------------------------------------------------------

Clock                                  WNS(ns)      TNS(ns)  TNS Failing Endpoints  TNS Total Endpoints      WHS(ns)      THS(ns)  THS Failing Endpoints  THS Total Endpoints     WPWS(ns)     TPWS(ns)  TPWS Failing Endpoints  TPWS Total Endpoints  
-----                                  -------      -------  ---------------------  -------------------      -------      -------  ---------------------  -------------------     --------     --------  ----------------------  --------------------  
ext_clk_se                              22.527        0.000                      0                   29        0.180        0.000                      0                   29        7.500        0.000                       0                    17  
  clk_100_clk_core_extorint_40_1                                                                                                                                                     7.845        0.000                       0                     3  
  clk_10_clk_core_extorint_40_1                                                                                                                                                     97.845        0.000                       0                     3  
  clk_20_clk_core_extorint_40_1                                                                                                                                                     47.845        0.000                       0                     4  
    timestamp_clk_internal_ap4_1                                                                                                                                                   397.845        0.000                       0                     1  
  clk_80_clk_core_extorint_40_1          2.620        0.000                      0                11344        0.053        0.000                      0                11344        5.000        0.000                       0                  5290  
  clkfbout_clk_core_extorint_40_1                                                                                                                                                   22.845        0.000                       0                     3  
sw_spi_clk                               2.003        0.000                      0                  328        0.122        0.000                      0                  328       14.500        0.000                       0                   186  
sysclk                                                                                                                                                                              16.667        0.000                       0                     1  
  clk_out1_clk_sys_to_40                19.297        0.000                      0                   58        0.167        0.000                      0                   58        7.500        0.000                       0                    36  
    clk_100_clk_core_extorint_40                                                                                                                                                     7.845        0.000                       0                     3  
    clk_10_clk_core_extorint_40                                                                                                                                                     97.844        0.000                       0                     3  
    clk_20_clk_core_extorint_40                                                                                                                                                     47.845        0.000                       0                     4  
      timestamp_clk_internal_ap4                                                                                                                                                   397.843        0.000                       0                     1  
    clk_80_clk_core_extorint_40          2.613        0.000                      0                11344        0.053        0.000                      0                11344        5.000        0.000                       0                  5290  
      hk_spi_divided                     5.997        0.000                      0                  426        0.080        0.000                      0                  426       12.000        0.000                       0                   258  
      layers_spi_divided                 8.618        0.000                      0                 1684        0.050        0.000                      0                 1684       12.000        0.000                       0                   993  
        spi_layer0_clock_internal       21.537        0.000                      0                  379        0.122        0.000                      0                  379       24.500        0.000                       0                   232  
        spi_layer1_clock_internal       21.351        0.000                      0                  379        0.122        0.000                      0                  379       24.500        0.000                       0                   232  
        spi_layer2_clock_internal       21.229        0.000                      0                  379        0.116        0.000                      0                  379       24.500        0.000                       0                   232  
    clkfbout_clk_core_extorint_40                                                                                                                                                   22.845        0.000                       0                     3  
  clkfbout_clk_sys_to_40                                                                                                                                                            16.667        0.000                       0                     3  


------------------------------------------------------------------------------------------------
| Inter Clock Table
| -----------------
------------------------------------------------------------------------------------------------

From Clock                     To Clock                           WNS(ns)      TNS(ns)  TNS Failing Endpoints  TNS Total Endpoints      WHS(ns)      THS(ns)  THS Failing Endpoints  THS Total Endpoints  
----------                     --------                           -------      -------  ---------------------  -------------------      -------      -------  ---------------------  -------------------  
clk_80_clk_core_extorint_40_1  clk_10_clk_core_extorint_40_1        6.119        0.000                      0                    2        0.992        0.000                      0                    2  
sw_spi_clk                     clk_80_clk_core_extorint_40_1       28.404        0.000                      0                   12                                                                        
clk_80_clk_core_extorint_40_1  sw_spi_clk                          11.184        0.000                      0                   12                                                                        
clk_80_clk_core_extorint_40    sw_spi_clk                          11.184        0.000                      0                   12                                                                        
clk_80_clk_core_extorint_40    clk_10_clk_core_extorint_40          6.114        0.000                      0                    2        0.986        0.000                      0                    2  
sw_spi_clk                     clk_80_clk_core_extorint_40         28.404        0.000                      0                   12                                                                        
hk_spi_divided                 clk_80_clk_core_extorint_40         10.517        0.000                      0                   30        0.250        0.000                      0                    1  
layers_spi_divided             clk_80_clk_core_extorint_40          9.671        0.000                      0                  124        0.549        0.000                      0                    1  
spi_layer0_clock_internal      clk_80_clk_core_extorint_40         48.542        0.000                      0                   38                                                                        
spi_layer1_clock_internal      clk_80_clk_core_extorint_40         48.464        0.000                      0                   38                                                                        
spi_layer2_clock_internal      clk_80_clk_core_extorint_40         48.593        0.000                      0                   38                                                                        
clk_80_clk_core_extorint_40    hk_spi_divided                       0.842        0.000                      0                  122        0.121        0.000                      0                  101  
hk_spi_divided_clock_internal  hk_spi_divided                      22.152        0.000                      0                    1        0.597        0.000                      0                    1  
clk_80_clk_core_extorint_40    layers_spi_divided                   6.151        0.000                      0                  453        0.063        0.000                      0                  363  
spi_layer0_clock_internal      layers_spi_divided                  18.126        0.000                      0                    3        0.466        0.000                      0                    3  
spi_layer1_clock_internal      layers_spi_divided                  19.100        0.000                      0                    3        0.563        0.000                      0                    3  
spi_layer2_clock_internal      layers_spi_divided                  18.585        0.000                      0                    3        0.542        0.000                      0                    3  
clk_80_clk_core_extorint_40    spi_layer0_clock_internal           11.189        0.000                      0                   18                                                                        
layers_spi_divided             spi_layer0_clock_internal           22.430        0.000                      0                    1        0.237        0.000                      0                    1  
clk_80_clk_core_extorint_40    spi_layer1_clock_internal           11.021        0.000                      0                   18                                                                        
layers_spi_divided             spi_layer1_clock_internal           22.795        0.000                      0                    1        0.118        0.000                      0                    1  
clk_80_clk_core_extorint_40    spi_layer2_clock_internal           10.964        0.000                      0                   18                                                                        
layers_spi_divided             spi_layer2_clock_internal           22.422        0.000                      0                    1        0.334        0.000                      0                    1  


------------------------------------------------------------------------------------------------
| Other Path Groups Table
| -----------------------
------------------------------------------------------------------------------------------------

Path Group                     From Clock                     To Clock                           WNS(ns)      TNS(ns)  TNS Failing Endpoints  TNS Total Endpoints      WHS(ns)      THS(ns)  THS Failing Endpoints  THS Total Endpoints  
----------                     ----------                     --------                           -------      -------  ---------------------  -------------------      -------      -------  ---------------------  -------------------  
**async_default**              clk_80_clk_core_extorint_40    clk_80_clk_core_extorint_40          5.680        0.000                      0                   63        0.948        0.000                      0                   63  
**async_default**              clk_80_clk_core_extorint_40_1  clk_80_clk_core_extorint_40_1        5.686        0.000                      0                   63        0.948        0.000                      0                   63  
**async_default**              clk_out1_clk_sys_to_40         clk_out1_clk_sys_to_40              22.191        0.000                      0                    6        0.746        0.000                      0                    6  
**async_default**              clk_80_clk_core_extorint_40    hk_spi_divided                       9.500        0.000                      0                    8        0.560        0.000                      0                    8  
**async_default**              clk_80_clk_core_extorint_40    layers_spi_divided                   8.869        0.000                      0                    8        0.509        0.000                      0                    8  
**async_default**              sw_spi_clk                     sw_spi_clk                           8.622        0.000                      0                   32        0.341        0.000                      0                   32  


------------------------------------------------------------------------------------------------
| Timing Details
| --------------
------------------------------------------------------------------------------------------------


---------------------------------------------------------------------------------------------------
From Clock:  ext_clk_se
  To Clock:  ext_clk_se

Setup :            0  Failing Endpoints,  Worst Slack       22.527ns,  Total Violation        0.000ns
Hold  :            0  Failing Endpoints,  Worst Slack        0.180ns,  Total Violation        0.000ns
PW    :            0  Failing Endpoints,  Worst Slack        7.500ns,  Total Violation        0.000ns
---------------------------------------------------------------------------------------------------


Max Delay Paths
--------------------------------------------------------------------------------------
Slack (MET) :             22.527ns  (required time - arrival time)
  Source:                 astep24_3l_top_I/clocking_reset_I/clk_ext_detector/resn_main_reg_reg[14]/C
                            (rising edge-triggered cell FDCE clocked by ext_clk_se  {rise@0.000ns fall@12.500ns period=25.000ns})
  Destination:            astep24_3l_top_I/clocking_reset_I/clk_ext_detector/resn_main_reg_reg[10]/CE
                            (rising edge-triggered cell FDCE clocked by ext_clk_se  {rise@0.000ns fall@12.500ns period=25.000ns})
  Path Group:             ext_clk_se
  Path Type:              Setup (Max at Slow Process Corner)
  Requirement:            25.000ns  (ext_clk_se rise@25.000ns - ext_clk_se rise@0.000ns)
  Data Path Delay:        2.269ns  (logic 0.774ns (34.112%)  route 1.495ns (65.888%))
  Logic Levels:           1  (LUT1=1)
  Clock Path Skew:        0.000ns (DCD - SCD + CPR)
    Destination Clock Delay (DCD):    4.721ns = ( 29.721 - 25.000 ) 
    Source Clock Delay      (SCD):    5.178ns
    Clock Pessimism Removal (CPR):    0.457ns
  Clock Uncertainty:      0.035ns  ((TSJ^2 + TIJ^2)^1/2 + DJ) / 2 + PE
    Total System Jitter     (TSJ):    0.071ns
    Total Input Jitter      (TIJ):    0.000ns
    Discrete Jitter          (DJ):    0.000ns
    Phase Error              (PE):    0.000ns

    Location             Delay type                Incr(ns)  Path(ns)    Netlist Resource(s)
  -------------------------------------------------------------------    -------------------
                         (clock ext_clk_se rise edge)
                                                      0.000     0.000 r  
    G17                                               0.000     0.000 r  clk_ext (IN)
                         net (fo=0)                   0.000     0.000    clk_ext
    G17                  IBUF (Prop_ibuf_I_O)         1.474     1.474 r  clk_ext_IBUF_inst/O
                         net (fo=1, routed)           2.069     3.543    clk_ext_IBUF
    BUFGCTRL_X0Y11       BUFG (Prop_bufg_I_O)         0.096     3.639 r  clk_ext_IBUF_BUFG_inst/O
                         net (fo=16, routed)          1.539     5.178    astep24_3l_top_I/clocking_reset_I/clk_ext_detector/clk_ext
    SLICE_X8Y76          FDCE                                         r  astep24_3l_top_I/clocking_reset_I/clk_ext_detector/resn_main_reg_reg[14]/C
  -------------------------------------------------------------------    -------------------
    SLICE_X8Y76          FDCE (Prop_fdce_C_Q)         0.478     5.656 f  astep24_3l_top_I/clocking_reset_I/clk_ext_detector/resn_main_reg_reg[14]/Q
                         net (fo=2, routed)           0.964     6.620    astep24_3l_top_I/clocking_reset_I/clk_ext_detector/resn_main_reg[14]
    SLICE_X9Y76          LUT1 (Prop_lut1_I0_O)        0.296     6.916 r  astep24_3l_top_I/clocking_reset_I/clk_ext_detector/resn_main_reg[14]_i_1/O
                         net (fo=15, routed)          0.531     7.447    astep24_3l_top_I/clocking_reset_I/clk_ext_detector/p_0_in
    SLICE_X8Y76          FDCE                                         r  astep24_3l_top_I/clocking_reset_I/clk_ext_detector/resn_main_reg_reg[10]/CE
  -------------------------------------------------------------------    -------------------

                         (clock ext_clk_se rise edge)
                                                     25.000    25.000 r  
    G17                                               0.000    25.000 r  clk_ext (IN)
                         net (fo=0)                   0.000    25.000    clk_ext
    G17                  IBUF (Prop_ibuf_I_O)         1.404    26.404 r  clk_ext_IBUF_inst/O
                         net (fo=1, routed)           1.802    28.205    clk_ext_IBUF
    BUFGCTRL_X0Y11       BUFG (Prop_bufg_I_O)         0.091    28.296 r  clk_ext_IBUF_BUFG_inst/O
                         net (fo=16, routed)          1.425    29.721    astep24_3l_top_I/clocking_reset_I/clk_ext_detector/clk_ext
    SLICE_X8Y76          FDCE                                         r  astep24_3l_top_I/clocking_reset_I/clk_ext_detector/resn_main_reg_reg[10]/C
                         clock pessimism              0.457    30.178    
                         clock uncertainty           -0.035    30.142    
    SLICE_X8Y76          FDCE (Setup_fdce_C_CE)      -0.169    29.973    astep24_3l_top_I/clocking_reset_I/clk_ext_detector/resn_main_reg_reg[10]
  -------------------------------------------------------------------
                         required time                         29.973    
                         arrival time                          -7.447    
  -------------------------------------------------------------------
                         slack                                 22.527    





Min Delay Paths
--------------------------------------------------------------------------------------
Slack (MET) :             0.180ns  (arrival time - required time)
  Source:                 astep24_3l_top_I/clocking_reset_I/clk_ext_detector/resn_main_reg_reg[6]/C
                            (rising edge-triggered cell FDCE clocked by ext_clk_se  {rise@0.000ns fall@12.500ns period=25.000ns})
  Destination:            astep24_3l_top_I/clocking_reset_I/clk_ext_detector/resn_main_reg_reg[7]/D
                            (rising edge-triggered cell FDCE clocked by ext_clk_se  {rise@0.000ns fall@12.500ns period=25.000ns})
  Path Group:             ext_clk_se
  Path Type:              Hold (Min at Fast Process Corner)
  Requirement:            0.000ns  (ext_clk_se rise@0.000ns - ext_clk_se rise@0.000ns)
  Data Path Delay:        0.203ns  (logic 0.148ns (72.742%)  route 0.055ns (27.258%))
  Logic Levels:           0  
  Clock Path Skew:        0.000ns (DCD - SCD - CPR)
    Destination Clock Delay (DCD):    2.285ns
    Source Clock Delay      (SCD):    1.702ns
    Clock Pessimism Removal (CPR):    0.583ns

    Location             Delay type                Incr(ns)  Path(ns)    Netlist Resource(s)
  -------------------------------------------------------------------    -------------------
                         (clock ext_clk_se rise edge)
                                                      0.000     0.000 r  
    G17                                               0.000     0.000 r  clk_ext (IN)
                         net (fo=0)                   0.000     0.000    clk_ext
    G17                  IBUF (Prop_ibuf_I_O)         0.242     0.242 r  clk_ext_IBUF_inst/O
                         net (fo=1, routed)           0.884     1.126    clk_ext_IBUF
    BUFGCTRL_X0Y11       BUFG (Prop_bufg_I_O)         0.026     1.152 r  clk_ext_IBUF_BUFG_inst/O
                         net (fo=16, routed)          0.551     1.702    astep24_3l_top_I/clocking_reset_I/clk_ext_detector/clk_ext
    SLICE_X8Y75          FDCE                                         r  astep24_3l_top_I/clocking_reset_I/clk_ext_detector/resn_main_reg_reg[6]/C
  -------------------------------------------------------------------    -------------------
    SLICE_X8Y75          FDCE (Prop_fdce_C_Q)         0.148     1.850 r  astep24_3l_top_I/clocking_reset_I/clk_ext_detector/resn_main_reg_reg[6]/Q
                         net (fo=1, routed)           0.055     1.906    astep24_3l_top_I/clocking_reset_I/clk_ext_detector/resn_main_reg[6]
    SLICE_X8Y75          FDCE                                         r  astep24_3l_top_I/clocking_reset_I/clk_ext_detector/resn_main_reg_reg[7]/D
  -------------------------------------------------------------------    -------------------

                         (clock ext_clk_se rise edge)
                                                      0.000     0.000 r  
    G17                                               0.000     0.000 r  clk_ext (IN)
                         net (fo=0)                   0.000     0.000    clk_ext
    G17                  IBUF (Prop_ibuf_I_O)         0.430     0.430 r  clk_ext_IBUF_inst/O
                         net (fo=1, routed)           1.009     1.439    clk_ext_IBUF
    BUFGCTRL_X0Y11       BUFG (Prop_bufg_I_O)         0.029     1.468 r  clk_ext_IBUF_BUFG_inst/O
                         net (fo=16, routed)          0.817     2.285    astep24_3l_top_I/clocking_reset_I/clk_ext_detector/clk_ext
    SLICE_X8Y75          FDCE                                         r  astep24_3l_top_I/clocking_reset_I/clk_ext_detector/resn_main_reg_reg[7]/C
                         clock pessimism             -0.583     1.702    
    SLICE_X8Y75          FDCE (Hold_fdce_C_D)         0.023     1.725    astep24_3l_top_I/clocking_reset_I/clk_ext_detector/resn_main_reg_reg[7]
  -------------------------------------------------------------------
                         required time                         -1.725    
                         arrival time                           1.906    
  -------------------------------------------------------------------
                         slack                                  0.180    





Pulse Width Checks
--------------------------------------------------------------------------------------
Clock Name:         ext_clk_se
Waveform(ns):       { 0.000 12.500 }
Period(ns):         25.000
Sources:            { clk_ext }

Check Type        Corner  Lib Pin            Reference Pin  Required(ns)  Actual(ns)  Slack(ns)  Location         Pin
Min Period        n/a     BUFG/I             n/a            2.155         25.000      22.845     BUFGCTRL_X0Y11   clk_ext_IBUF_BUFG_inst/I
Max Period        n/a     MMCME2_ADV/CLKIN2  n/a            100.000       25.000      75.000     MMCME2_ADV_X1Y0  astep24_3l_top_I/clocking_reset_I/intern_or_ext_to_internal/inst/mmcm_adv_inst/CLKIN2
Low Pulse Width   Slow    MMCME2_ADV/CLKIN2  n/a            5.000         12.500      7.500      MMCME2_ADV_X1Y0  astep24_3l_top_I/clocking_reset_I/intern_or_ext_to_internal/inst/mmcm_adv_inst/CLKIN2
High Pulse Width  Slow    MMCME2_ADV/CLKIN2  n/a            5.000         12.500      7.500      MMCME2_ADV_X1Y0  astep24_3l_top_I/clocking_reset_I/intern_or_ext_to_internal/inst/mmcm_adv_inst/CLKIN2



---------------------------------------------------------------------------------------------------
From Clock:  clk_100_clk_core_extorint_40_1
  To Clock:  clk_100_clk_core_extorint_40_1

Setup :           NA  Failing Endpoints,  Worst Slack           NA  ,  Total Violation           NA
Hold  :           NA  Failing Endpoints,  Worst Slack           NA  ,  Total Violation           NA
PW    :            0  Failing Endpoints,  Worst Slack        7.845ns,  Total Violation        0.000ns
---------------------------------------------------------------------------------------------------


Pulse Width Checks
--------------------------------------------------------------------------------------
Clock Name:         clk_100_clk_core_extorint_40_1
Waveform(ns):       { 0.000 5.000 }
Period(ns):         10.000
Sources:            { astep24_3l_top_I/clocking_reset_I/intern_or_ext_to_internal/inst/mmcm_adv_inst/CLKOUT0 }

Check Type  Corner  Lib Pin             Reference Pin  Required(ns)  Actual(ns)  Slack(ns)  Location         Pin
Min Period  n/a     BUFGCTRL/I0         n/a            2.155         10.000      7.845      BUFGCTRL_X0Y5    sample_clock_se_gate/I0
Max Period  n/a     MMCME2_ADV/CLKOUT0  n/a            213.360       10.000      203.360    MMCME2_ADV_X1Y0  astep24_3l_top_I/clocking_reset_I/intern_or_ext_to_internal/inst/mmcm_adv_inst/CLKOUT0



---------------------------------------------------------------------------------------------------
From Clock:  clk_10_clk_core_extorint_40_1
  To Clock:  clk_10_clk_core_extorint_40_1

Setup :           NA  Failing Endpoints,  Worst Slack           NA  ,  Total Violation           NA
Hold  :           NA  Failing Endpoints,  Worst Slack           NA  ,  Total Violation           NA
PW    :            0  Failing Endpoints,  Worst Slack       97.845ns,  Total Violation        0.000ns
---------------------------------------------------------------------------------------------------


Pulse Width Checks
--------------------------------------------------------------------------------------
Clock Name:         clk_10_clk_core_extorint_40_1
Waveform(ns):       { 0.000 50.000 }
Period(ns):         100.000
Sources:            { astep24_3l_top_I/clocking_reset_I/intern_or_ext_to_internal/inst/mmcm_adv_inst/CLKOUT2 }

Check Type  Corner  Lib Pin             Reference Pin  Required(ns)  Actual(ns)  Slack(ns)  Location         Pin
Min Period  n/a     BUFGCTRL/I0         n/a            2.155         100.000     97.845     BUFGCTRL_X0Y1    timestamp_clk_mux/I0
Max Period  n/a     MMCME2_ADV/CLKOUT2  n/a            213.360       100.000     113.360    MMCME2_ADV_X1Y0  astep24_3l_top_I/clocking_reset_I/intern_or_ext_to_internal/inst/mmcm_adv_inst/CLKOUT2



---------------------------------------------------------------------------------------------------
From Clock:  clk_20_clk_core_extorint_40_1
  To Clock:  clk_20_clk_core_extorint_40_1

Setup :           NA  Failing Endpoints,  Worst Slack           NA  ,  Total Violation           NA
Hold  :           NA  Failing Endpoints,  Worst Slack           NA  ,  Total Violation           NA
PW    :            0  Failing Endpoints,  Worst Slack       47.845ns,  Total Violation        0.000ns
---------------------------------------------------------------------------------------------------


Pulse Width Checks
--------------------------------------------------------------------------------------
Clock Name:         clk_20_clk_core_extorint_40_1
Waveform(ns):       { 0.000 25.000 }
Period(ns):         50.000
Sources:            { astep24_3l_top_I/clocking_reset_I/intern_or_ext_to_internal/inst/mmcm_adv_inst/CLKOUT3 }

Check Type  Corner  Lib Pin             Reference Pin  Required(ns)  Actual(ns)  Slack(ns)  Location         Pin
Min Period  n/a     BUFGCTRL/I0         n/a            2.155         50.000      47.845     BUFGCTRL_X0Y5    sample_clock_se_gate/I0
Max Period  n/a     MMCME2_ADV/CLKOUT3  n/a            213.360       50.000      163.360    MMCME2_ADV_X1Y0  astep24_3l_top_I/clocking_reset_I/intern_or_ext_to_internal/inst/mmcm_adv_inst/CLKOUT3



---------------------------------------------------------------------------------------------------
From Clock:  timestamp_clk_internal_ap4_1
  To Clock:  timestamp_clk_internal_ap4_1

Setup :           NA  Failing Endpoints,  Worst Slack           NA  ,  Total Violation           NA
Hold  :           NA  Failing Endpoints,  Worst Slack           NA  ,  Total Violation           NA
PW    :            0  Failing Endpoints,  Worst Slack      397.845ns,  Total Violation        0.000ns
---------------------------------------------------------------------------------------------------


Pulse Width Checks
--------------------------------------------------------------------------------------
Clock Name:         timestamp_clk_internal_ap4_1
Waveform(ns):       { 0.000 200.000 }
Period(ns):         400.000
Sources:            { astep24_3l_top_I/clocking_reset_I/BUFR_inst/O }

Check Type  Corner  Lib Pin      Reference Pin  Required(ns)  Actual(ns)  Slack(ns)  Location       Pin
Min Period  n/a     BUFGCTRL/I1  n/a            2.155         400.000     397.845    BUFGCTRL_X0Y1  timestamp_clk_mux/I1



---------------------------------------------------------------------------------------------------
From Clock:  clk_80_clk_core_extorint_40_1
  To Clock:  clk_80_clk_core_extorint_40_1

Setup :            0  Failing Endpoints,  Worst Slack        2.620ns,  Total Violation        0.000ns
Hold  :            0  Failing Endpoints,  Worst Slack        0.053ns,  Total Violation        0.000ns
PW    :            0  Failing Endpoints,  Worst Slack        5.000ns,  Total Violation        0.000ns
---------------------------------------------------------------------------------------------------


Max Delay Paths
--------------------------------------------------------------------------------------
Slack (MET) :             2.620ns  (required time - arrival time)
  Source:                 astep24_3l_top_I/clocking_reset_I/resets/genblk1[3].reset_generator/resn_main_reg_reg[14]/C
                            (rising edge-triggered cell FDCE clocked by clk_80_clk_core_extorint_40_1  {rise@0.000ns fall@6.250ns period=12.500ns})
  Destination:            astep24_3l_top_I/switched_readout/readout_frames_data_count_reg[2]/R
                            (rising edge-triggered cell FDRE clocked by clk_80_clk_core_extorint_40_1  {rise@0.000ns fall@6.250ns period=12.500ns})
  Path Group:             clk_80_clk_core_extorint_40_1
  Path Type:              Setup (Max at Slow Process Corner)
  Requirement:            12.500ns  (clk_80_clk_core_extorint_40_1 rise@12.500ns - clk_80_clk_core_extorint_40_1 rise@0.000ns)
  Data Path Delay:        9.160ns  (logic 0.716ns (7.817%)  route 8.444ns (92.183%))
  Logic Levels:           1  (LUT1=1)
  Clock Path Skew:        -0.088ns (DCD - SCD + CPR)
    Destination Clock Delay (DCD):    4.748ns = ( 17.248 - 12.500 ) 
    Source Clock Delay      (SCD):    5.178ns
    Clock Pessimism Removal (CPR):    0.343ns
  Clock Uncertainty:      0.109ns  ((TSJ^2 + DJ^2)^1/2) / 2 + PE
    Total System Jitter     (TSJ):    0.071ns
    Discrete Jitter          (DJ):    0.206ns
    Phase Error              (PE):    0.000ns

    Location             Delay type                Incr(ns)  Path(ns)    Netlist Resource(s)
  -------------------------------------------------------------------    -------------------
                         (clock clk_80_clk_core_extorint_40_1 rise edge)
                                                      0.000     0.000 r  
    G17                                               0.000     0.000 r  clk_ext (IN)
                         net (fo=0)                   0.000     0.000    clk_ext
    G17                  IBUF (Prop_ibuf_I_O)         1.474     1.474 r  clk_ext_IBUF_inst/O
                         net (fo=1, routed)           2.069     3.543    clk_ext_IBUF
    BUFGCTRL_X0Y11       BUFG (Prop_bufg_I_O)         0.096     3.639 r  clk_ext_IBUF_BUFG_inst/O
                         net (fo=16, routed)          1.575     5.214    astep24_3l_top_I/clocking_reset_I/intern_or_ext_to_internal/inst/clk_in2
    MMCME2_ADV_X1Y0      MMCME2_ADV (Prop_mmcme2_adv_CLKIN2_CLKOUT1)
                                                     -3.333     1.881 r  astep24_3l_top_I/clocking_reset_I/intern_or_ext_to_internal/inst/mmcm_adv_inst/CLKOUT1
                         net (fo=1, routed)           1.661     3.543    astep24_3l_top_I/clocking_reset_I/intern_or_ext_to_internal/inst/clk_80_clk_core_extorint_40
    BUFGCTRL_X0Y6        BUFG (Prop_bufg_I_O)         0.096     3.639 r  astep24_3l_top_I/clocking_reset_I/intern_or_ext_to_internal/inst/clkout2_buf/O
                         net (fo=5288, routed)        1.539     5.178    astep24_3l_top_I/clocking_reset_I/resets/genblk1[3].reset_generator/clk_80
    SLICE_X9Y76          FDCE                                         r  astep24_3l_top_I/clocking_reset_I/resets/genblk1[3].reset_generator/resn_main_reg_reg[14]/C
  -------------------------------------------------------------------    -------------------
    SLICE_X9Y76          FDCE (Prop_fdce_C_Q)         0.419     5.597 f  astep24_3l_top_I/clocking_reset_I/resets/genblk1[3].reset_generator/resn_main_reg_reg[14]/Q
                         net (fo=74, routed)          2.111     7.708    astep24_3l_top_I/clocking_reset_I/resets/genblk1[3].reset_generator/resn_main_reg[14]
    SLICE_X12Y81         LUT1 (Prop_lut1_I0_O)        0.297     8.005 r  astep24_3l_top_I/clocking_reset_I/resets/genblk1[3].reset_generator/resn_main_reg[14]_i_1__3/O
                         net (fo=1069, routed)        6.333    14.337    astep24_3l_top_I/switched_readout/SS[0]
    SLICE_X10Y43         FDRE                                         r  astep24_3l_top_I/switched_readout/readout_frames_data_count_reg[2]/R
  -------------------------------------------------------------------    -------------------

                         (clock clk_80_clk_core_extorint_40_1 rise edge)
                                                     12.500    12.500 r  
    G17                                               0.000    12.500 r  clk_ext (IN)
                         net (fo=0)                   0.000    12.500    clk_ext
    G17                  IBUF (Prop_ibuf_I_O)         1.404    13.904 r  clk_ext_IBUF_inst/O
                         net (fo=1, routed)           1.802    15.705    clk_ext_IBUF
    BUFGCTRL_X0Y11       BUFG (Prop_bufg_I_O)         0.091    15.796 r  clk_ext_IBUF_BUFG_inst/O
                         net (fo=16, routed)          1.457    17.254    astep24_3l_top_I/clocking_reset_I/intern_or_ext_to_internal/inst/clk_in2
    MMCME2_ADV_X1Y0      MMCME2_ADV (Prop_mmcme2_adv_CLKIN2_CLKOUT1)
                                                     -3.129    14.124 r  astep24_3l_top_I/clocking_reset_I/intern_or_ext_to_internal/inst/mmcm_adv_inst/CLKOUT1
                         net (fo=1, routed)           1.581    15.705    astep24_3l_top_I/clocking_reset_I/intern_or_ext_to_internal/inst/clk_80_clk_core_extorint_40
    BUFGCTRL_X0Y6        BUFG (Prop_bufg_I_O)         0.091    15.796 r  astep24_3l_top_I/clocking_reset_I/intern_or_ext_to_internal/inst/clkout2_buf/O
                         net (fo=5288, routed)        1.451    17.248    astep24_3l_top_I/switched_readout/clk_80
    SLICE_X10Y43         FDRE                                         r  astep24_3l_top_I/switched_readout/readout_frames_data_count_reg[2]/C
                         clock pessimism              0.343    17.590    
                         clock uncertainty           -0.109    17.481    
    SLICE_X10Y43         FDRE (Setup_fdre_C_R)       -0.524    16.957    astep24_3l_top_I/switched_readout/readout_frames_data_count_reg[2]
  -------------------------------------------------------------------
                         required time                         16.957    
                         arrival time                         -14.337    
  -------------------------------------------------------------------
                         slack                                  2.620    





Min Delay Paths
--------------------------------------------------------------------------------------
Slack (MET) :             0.053ns  (arrival time - required time)
  Source:                 astep24_3l_top_I/tlu/timestamp_counter_reg[10]/C
                            (rising edge-triggered cell FDRE clocked by clk_80_clk_core_extorint_40_1  {rise@0.000ns fall@6.250ns period=12.500ns})
  Destination:            astep24_3l_top_I/tlu/timestamp_hold_reg[10]/D
                            (rising edge-triggered cell FDRE clocked by clk_80_clk_core_extorint_40_1  {rise@0.000ns fall@6.250ns period=12.500ns})
  Path Group:             clk_80_clk_core_extorint_40_1
  Path Type:              Hold (Min at Fast Process Corner)
  Requirement:            0.000ns  (clk_80_clk_core_extorint_40_1 rise@0.000ns - clk_80_clk_core_extorint_40_1 rise@0.000ns)
  Data Path Delay:        0.377ns  (logic 0.141ns (37.368%)  route 0.236ns (62.632%))
  Logic Levels:           0  
  Clock Path Skew:        0.265ns (DCD - SCD - CPR)
    Destination Clock Delay (DCD):    2.296ns
    Source Clock Delay      (SCD):    1.715ns
    Clock Pessimism Removal (CPR):    0.316ns

    Location             Delay type                Incr(ns)  Path(ns)    Netlist Resource(s)
  -------------------------------------------------------------------    -------------------
                         (clock clk_80_clk_core_extorint_40_1 rise edge)
                                                      0.000     0.000 r  
    G17                                               0.000     0.000 r  clk_ext (IN)
                         net (fo=0)                   0.000     0.000    clk_ext
    G17                  IBUF (Prop_ibuf_I_O)         0.242     0.242 r  clk_ext_IBUF_inst/O
                         net (fo=1, routed)           0.884     1.126    clk_ext_IBUF
    BUFGCTRL_X0Y11       BUFG (Prop_bufg_I_O)         0.026     1.152 r  clk_ext_IBUF_BUFG_inst/O
                         net (fo=16, routed)          0.549     1.700    astep24_3l_top_I/clocking_reset_I/intern_or_ext_to_internal/inst/clk_in2
    MMCME2_ADV_X1Y0      MMCME2_ADV (Prop_mmcme2_adv_CLKIN2_CLKOUT1)
                                                     -1.061     0.640 r  astep24_3l_top_I/clocking_reset_I/intern_or_ext_to_internal/inst/mmcm_adv_inst/CLKOUT1
                         net (fo=1, routed)           0.486     1.126    astep24_3l_top_I/clocking_reset_I/intern_or_ext_to_internal/inst/clk_80_clk_core_extorint_40
    BUFGCTRL_X0Y6        BUFG (Prop_bufg_I_O)         0.026     1.152 r  astep24_3l_top_I/clocking_reset_I/intern_or_ext_to_internal/inst/clkout2_buf/O
                         net (fo=5288, routed)        0.564     1.715    astep24_3l_top_I/tlu/clk_80
    SLICE_X36Y49         FDRE                                         r  astep24_3l_top_I/tlu/timestamp_counter_reg[10]/C
  -------------------------------------------------------------------    -------------------
    SLICE_X36Y49         FDRE (Prop_fdre_C_Q)         0.141     1.856 r  astep24_3l_top_I/tlu/timestamp_counter_reg[10]/Q
                         net (fo=2, routed)           0.236     2.093    astep24_3l_top_I/tlu/timestamp_counter[10]
    SLICE_X34Y53         FDRE                                         r  astep24_3l_top_I/tlu/timestamp_hold_reg[10]/D
  -------------------------------------------------------------------    -------------------

                         (clock clk_80_clk_core_extorint_40_1 rise edge)
                                                      0.000     0.000 r  
    G17                                               0.000     0.000 r  clk_ext (IN)
                         net (fo=0)                   0.000     0.000    clk_ext
    G17                  IBUF (Prop_ibuf_I_O)         0.430     0.430 r  clk_ext_IBUF_inst/O
                         net (fo=1, routed)           1.009     1.439    clk_ext_IBUF
    BUFGCTRL_X0Y11       BUFG (Prop_bufg_I_O)         0.029     1.468 r  clk_ext_IBUF_BUFG_inst/O
                         net (fo=16, routed)          0.817     2.284    astep24_3l_top_I/clocking_reset_I/intern_or_ext_to_internal/inst/clk_in2
    MMCME2_ADV_X1Y0      MMCME2_ADV (Prop_mmcme2_adv_CLKIN2_CLKOUT1)
                                                     -1.375     0.909 r  astep24_3l_top_I/clocking_reset_I/intern_or_ext_to_internal/inst/mmcm_adv_inst/CLKOUT1
                         net (fo=1, routed)           0.530     1.439    astep24_3l_top_I/clocking_reset_I/intern_or_ext_to_internal/inst/clk_80_clk_core_extorint_40
    BUFGCTRL_X0Y6        BUFG (Prop_bufg_I_O)         0.029     1.468 r  astep24_3l_top_I/clocking_reset_I/intern_or_ext_to_internal/inst/clkout2_buf/O
                         net (fo=5288, routed)        0.828     2.296    astep24_3l_top_I/tlu/clk_80
    SLICE_X34Y53         FDRE                                         r  astep24_3l_top_I/tlu/timestamp_hold_reg[10]/C
                         clock pessimism             -0.316     1.980    
    SLICE_X34Y53         FDRE (Hold_fdre_C_D)         0.059     2.039    astep24_3l_top_I/tlu/timestamp_hold_reg[10]
  -------------------------------------------------------------------
                         required time                         -2.039    
                         arrival time                           2.093    
  -------------------------------------------------------------------
                         slack                                  0.053    





Pulse Width Checks
--------------------------------------------------------------------------------------
Clock Name:         clk_80_clk_core_extorint_40_1
Waveform(ns):       { 0.000 6.250 }
Period(ns):         12.500
Sources:            { astep24_3l_top_I/clocking_reset_I/intern_or_ext_to_internal/inst/mmcm_adv_inst/CLKOUT1 }

Check Type        Corner  Lib Pin             Reference Pin  Required(ns)  Actual(ns)  Slack(ns)  Location         Pin
Min Period        n/a     XADC/DCLK           n/a            4.000         12.500      8.500      XADC_X0Y0        astep24_3l_top_I/housekeeping/xadc_hk_driver_I/xadc/inst/AXI_XADC_CORE_I/XADC_INST/DCLK
Max Period        n/a     MMCME2_ADV/CLKOUT1  n/a            213.360       12.500      200.860    MMCME2_ADV_X1Y0  astep24_3l_top_I/clocking_reset_I/intern_or_ext_to_internal/inst/mmcm_adv_inst/CLKOUT1
Low Pulse Width   Slow    RAMD32/CLK          n/a            1.250         6.250       5.000      SLICE_X46Y43     astep24_3l_top_I/sw_if/rfg_protocol/mini_fwft_fifo_inst/mem_reg_0_15_0_5/RAMA/CLK
High Pulse Width  Slow    RAMD32/CLK          n/a            1.250         6.250       5.000      SLICE_X46Y43     astep24_3l_top_I/sw_if/rfg_protocol/mini_fwft_fifo_inst/mem_reg_0_15_0_5/RAMA/CLK



---------------------------------------------------------------------------------------------------
From Clock:  clkfbout_clk_core_extorint_40_1
  To Clock:  clkfbout_clk_core_extorint_40_1

Setup :           NA  Failing Endpoints,  Worst Slack           NA  ,  Total Violation           NA
Hold  :           NA  Failing Endpoints,  Worst Slack           NA  ,  Total Violation           NA
PW    :            0  Failing Endpoints,  Worst Slack       22.845ns,  Total Violation        0.000ns
---------------------------------------------------------------------------------------------------


Pulse Width Checks
--------------------------------------------------------------------------------------
Clock Name:         clkfbout_clk_core_extorint_40_1
Waveform(ns):       { 0.000 12.500 }
Period(ns):         25.000
Sources:            { astep24_3l_top_I/clocking_reset_I/intern_or_ext_to_internal/inst/mmcm_adv_inst/CLKFBOUT }

Check Type  Corner  Lib Pin             Reference Pin  Required(ns)  Actual(ns)  Slack(ns)  Location         Pin
Min Period  n/a     BUFG/I              n/a            2.155         25.000      22.845     BUFGCTRL_X0Y13   astep24_3l_top_I/clocking_reset_I/intern_or_ext_to_internal/inst/clkf_buf/I
Max Period  n/a     MMCME2_ADV/CLKFBIN  n/a            100.000       25.000      75.000     MMCME2_ADV_X1Y0  astep24_3l_top_I/clocking_reset_I/intern_or_ext_to_internal/inst/mmcm_adv_inst/CLKFBIN



---------------------------------------------------------------------------------------------------
From Clock:  sw_spi_clk
  To Clock:  sw_spi_clk

Setup :            0  Failing Endpoints,  Worst Slack        2.003ns,  Total Violation        0.000ns
Hold  :            0  Failing Endpoints,  Worst Slack        0.122ns,  Total Violation        0.000ns
PW    :            0  Failing Endpoints,  Worst Slack       14.500ns,  Total Violation        0.000ns
---------------------------------------------------------------------------------------------------


Max Delay Paths
--------------------------------------------------------------------------------------
Slack (MET) :             2.003ns  (required time - arrival time)
  Source:                 astep24_3l_top_I/sw_if/spi_egress/egress_byte_reg[7]/C
                            (rising edge-triggered cell FDPE clocked by sw_spi_clk  {rise@0.000ns fall@15.000ns period=30.000ns})
  Destination:            spi_miso
                            (output port clocked by sw_spi_clk  {rise@0.000ns fall@15.000ns period=30.000ns})
  Path Group:             sw_spi_clk
  Path Type:              Max at Slow Process Corner
  Requirement:            30.000ns  (sw_spi_clk rise@30.000ns - sw_spi_clk rise@0.000ns)
  Data Path Delay:        5.489ns  (logic 3.963ns (72.207%)  route 1.526ns (27.793%))
  Logic Levels:           1  (OBUFT=1)
  Output Delay:           17.000ns
  Clock Path Skew:        -5.473ns (DCD - SCD + CPR)
    Destination Clock Delay (DCD):    0.000ns = ( 30.000 - 30.000 ) 
    Source Clock Delay      (SCD):    5.473ns
    Clock Pessimism Removal (CPR):    0.000ns
  Clock Uncertainty:      0.035ns  ((TSJ^2 + TIJ^2)^1/2 + DJ) / 2 + PE
    Total System Jitter     (TSJ):    0.071ns
    Total Input Jitter      (TIJ):    0.000ns
    Discrete Jitter          (DJ):    0.000ns
    Phase Error              (PE):    0.000ns

    Location             Delay type                Incr(ns)  Path(ns)    Netlist Resource(s)
  -------------------------------------------------------------------    -------------------
                         (clock sw_spi_clk rise edge)
                                                      0.000     0.000 r  
    P3                                                0.000     0.000 r  spi_clk (IN)
                         net (fo=0)                   0.000     0.000    spi_clk
    P3                   IBUF (Prop_ibuf_I_O)         1.463     1.463 r  spi_clk_IBUF_inst/O
                         net (fo=1, routed)           2.305     3.769    spi_clk_IBUF
    BUFGCTRL_X0Y9        BUFG (Prop_bufg_I_O)         0.096     3.865 r  spi_clk_IBUF_BUFG_inst/O
                         net (fo=185, routed)         1.608     5.473    astep24_3l_top_I/sw_if/spi_egress/spi_clk
    SLICE_X65Y76         FDPE                                         r  astep24_3l_top_I/sw_if/spi_egress/egress_byte_reg[7]/C
  -------------------------------------------------------------------    -------------------
    SLICE_X65Y76         FDPE (Prop_fdpe_C_Q)         0.456     5.929 r  astep24_3l_top_I/sw_if/spi_egress/egress_byte_reg[7]/Q
                         net (fo=1, routed)           1.526     7.454    spi_miso_OBUF
    N3                   OBUFT (Prop_obuft_I_O)       3.507    10.962 r  spi_miso_OBUFT_inst/O
                         net (fo=0)                   0.000    10.962    spi_miso
    N3                                                                r  spi_miso (OUT)
  -------------------------------------------------------------------    -------------------

                         (clock sw_spi_clk rise edge)
                                                     30.000    30.000 r  
                         clock pessimism              0.000    30.000    
                         clock uncertainty           -0.035    29.965    
                         output delay               -17.000    12.965    
  -------------------------------------------------------------------
                         required time                         12.965    
                         arrival time                         -10.962    
  -------------------------------------------------------------------
                         slack                                  2.003    





Min Delay Paths
--------------------------------------------------------------------------------------
Slack (MET) :             0.122ns  (arrival time - required time)
  Source:                 astep24_3l_top_I/sw_if/spi_egress_fifo/inst/gen_fifo.xpm_fifo_axis_inst/xpm_fifo_base_inst/gen_cdc_pntr.wr_pntr_cdc_inst/dest_graysync_ff_reg[0][5]/C
                            (rising edge-triggered cell FDRE clocked by sw_spi_clk  {rise@0.000ns fall@15.000ns period=30.000ns})
  Destination:            astep24_3l_top_I/sw_if/spi_egress_fifo/inst/gen_fifo.xpm_fifo_axis_inst/xpm_fifo_base_inst/gen_cdc_pntr.wr_pntr_cdc_inst/dest_graysync_ff_reg[1][5]/D
                            (rising edge-triggered cell FDRE clocked by sw_spi_clk  {rise@0.000ns fall@15.000ns period=30.000ns})
  Path Group:             sw_spi_clk
  Path Type:              Hold (Min at Fast Process Corner)
  Requirement:            0.000ns  (sw_spi_clk rise@0.000ns - sw_spi_clk rise@0.000ns)
  Data Path Delay:        0.197ns  (logic 0.141ns (71.611%)  route 0.056ns (28.389%))
  Logic Levels:           0  
  Clock Path Skew:        0.000ns (DCD - SCD - CPR)
    Destination Clock Delay (DCD):    2.410ns
    Source Clock Delay      (SCD):    1.801ns
    Clock Pessimism Removal (CPR):    0.609ns

    Location             Delay type                Incr(ns)  Path(ns)    Netlist Resource(s)
  -------------------------------------------------------------------    -------------------
                         (clock sw_spi_clk rise edge)
                                                      0.000     0.000 r  
    P3                                                0.000     0.000 r  spi_clk (IN)
                         net (fo=0)                   0.000     0.000    spi_clk
    P3                   IBUF (Prop_ibuf_I_O)         0.231     0.231 r  spi_clk_IBUF_inst/O
                         net (fo=1, routed)           0.955     1.187    spi_clk_IBUF
    BUFGCTRL_X0Y9        BUFG (Prop_bufg_I_O)         0.026     1.213 r  spi_clk_IBUF_BUFG_inst/O
                         net (fo=185, routed)         0.589     1.801    astep24_3l_top_I/sw_if/spi_egress_fifo/inst/gen_fifo.xpm_fifo_axis_inst/xpm_fifo_base_inst/gen_cdc_pntr.wr_pntr_cdc_inst/dest_clk
    SLICE_X59Y33         FDRE                                         r  astep24_3l_top_I/sw_if/spi_egress_fifo/inst/gen_fifo.xpm_fifo_axis_inst/xpm_fifo_base_inst/gen_cdc_pntr.wr_pntr_cdc_inst/dest_graysync_ff_reg[0][5]/C
  -------------------------------------------------------------------    -------------------
    SLICE_X59Y33         FDRE (Prop_fdre_C_Q)         0.141     1.942 r  astep24_3l_top_I/sw_if/spi_egress_fifo/inst/gen_fifo.xpm_fifo_axis_inst/xpm_fifo_base_inst/gen_cdc_pntr.wr_pntr_cdc_inst/dest_graysync_ff_reg[0][5]/Q
                         net (fo=1, routed)           0.056     1.998    astep24_3l_top_I/sw_if/spi_egress_fifo/inst/gen_fifo.xpm_fifo_axis_inst/xpm_fifo_base_inst/gen_cdc_pntr.wr_pntr_cdc_inst/dest_graysync_ff[0][5]
    SLICE_X59Y33         FDRE                                         r  astep24_3l_top_I/sw_if/spi_egress_fifo/inst/gen_fifo.xpm_fifo_axis_inst/xpm_fifo_base_inst/gen_cdc_pntr.wr_pntr_cdc_inst/dest_graysync_ff_reg[1][5]/D
  -------------------------------------------------------------------    -------------------

                         (clock sw_spi_clk rise edge)
                                                      0.000     0.000 r  
    P3                                                0.000     0.000 r  spi_clk (IN)
                         net (fo=0)                   0.000     0.000    spi_clk
    P3                   IBUF (Prop_ibuf_I_O)         0.419     0.419 r  spi_clk_IBUF_inst/O
                         net (fo=1, routed)           1.105     1.524    spi_clk_IBUF
    BUFGCTRL_X0Y9        BUFG (Prop_bufg_I_O)         0.029     1.553 r  spi_clk_IBUF_BUFG_inst/O
                         net (fo=185, routed)         0.857     2.410    astep24_3l_top_I/sw_if/spi_egress_fifo/inst/gen_fifo.xpm_fifo_axis_inst/xpm_fifo_base_inst/gen_cdc_pntr.wr_pntr_cdc_inst/dest_clk
    SLICE_X59Y33         FDRE                                         r  astep24_3l_top_I/sw_if/spi_egress_fifo/inst/gen_fifo.xpm_fifo_axis_inst/xpm_fifo_base_inst/gen_cdc_pntr.wr_pntr_cdc_inst/dest_graysync_ff_reg[1][5]/C
                         clock pessimism             -0.609     1.801    
    SLICE_X59Y33         FDRE (Hold_fdre_C_D)         0.075     1.876    astep24_3l_top_I/sw_if/spi_egress_fifo/inst/gen_fifo.xpm_fifo_axis_inst/xpm_fifo_base_inst/gen_cdc_pntr.wr_pntr_cdc_inst/dest_graysync_ff_reg[1][5]
  -------------------------------------------------------------------
                         required time                         -1.876    
                         arrival time                           1.998    
  -------------------------------------------------------------------
                         slack                                  0.122    





Pulse Width Checks
--------------------------------------------------------------------------------------
Clock Name:         sw_spi_clk
Waveform(ns):       { 0.000 15.000 }
Period(ns):         30.000
Sources:            { spi_clk }

Check Type        Corner  Lib Pin             Reference Pin  Required(ns)  Actual(ns)  Slack(ns)  Location      Pin
Min Period        n/a     RAMB18E1/CLKARDCLK  n/a            2.576         30.000      27.424     RAMB18_X2Y16  astep24_3l_top_I/sw_if/spi_egress_fifo/inst/gen_fifo.xpm_fifo_axis_inst/xpm_fifo_base_inst/gen_sdpram.xpm_memory_base_inst/gen_wr_a.gen_word_narrow.mem_reg/CLKARDCLK
Low Pulse Width   Slow    FDPE/C              n/a            0.500         15.000      14.500     SLICE_X60Y40  astep24_3l_top_I/sw_if/readout_framing/FSM_onehot_state_reg[0]/C
High Pulse Width  Slow    FDPE/C              n/a            0.500         15.000      14.500     SLICE_X60Y40  astep24_3l_top_I/sw_if/readout_framing/FSM_onehot_state_reg[0]/C



---------------------------------------------------------------------------------------------------
From Clock:  sysclk
  To Clock:  sysclk

Setup :           NA  Failing Endpoints,  Worst Slack           NA  ,  Total Violation           NA
Hold  :           NA  Failing Endpoints,  Worst Slack           NA  ,  Total Violation           NA
PW    :            0  Failing Endpoints,  Worst Slack       16.667ns,  Total Violation        0.000ns
---------------------------------------------------------------------------------------------------


Pulse Width Checks
--------------------------------------------------------------------------------------
Clock Name:         sysclk
Waveform(ns):       { 0.000 41.667 }
Period(ns):         83.333
Sources:            { sysclk }

Check Type        Corner  Lib Pin            Reference Pin  Required(ns)  Actual(ns)  Slack(ns)  Location         Pin
Min Period        n/a     MMCME2_ADV/CLKIN1  n/a            1.249         83.333      82.084     MMCME2_ADV_X0Y0  astep24_3l_top_I/clocking_reset_I/sys_to_40/inst/mmcm_adv_inst/CLKIN1
Max Period        n/a     MMCME2_ADV/CLKIN1  n/a            100.000       83.333      16.667     MMCME2_ADV_X0Y0  astep24_3l_top_I/clocking_reset_I/sys_to_40/inst/mmcm_adv_inst/CLKIN1
Low Pulse Width   Slow    MMCME2_ADV/CLKIN1  n/a            10.000        41.666      31.666     MMCME2_ADV_X0Y0  astep24_3l_top_I/clocking_reset_I/sys_to_40/inst/mmcm_adv_inst/CLKIN1
High Pulse Width  Slow    MMCME2_ADV/CLKIN1  n/a            10.000        41.666      31.666     MMCME2_ADV_X0Y0  astep24_3l_top_I/clocking_reset_I/sys_to_40/inst/mmcm_adv_inst/CLKIN1



---------------------------------------------------------------------------------------------------
From Clock:  clk_out1_clk_sys_to_40
  To Clock:  clk_out1_clk_sys_to_40

Setup :            0  Failing Endpoints,  Worst Slack       19.297ns,  Total Violation        0.000ns
Hold  :            0  Failing Endpoints,  Worst Slack        0.167ns,  Total Violation        0.000ns
PW    :            0  Failing Endpoints,  Worst Slack        7.500ns,  Total Violation        0.000ns
---------------------------------------------------------------------------------------------------


Max Delay Paths
--------------------------------------------------------------------------------------
Slack (MET) :             19.297ns  (required time - arrival time)
  Source:                 led_toggle_count_sysclk40M_reg[19]/C
                            (rising edge-triggered cell FDRE clocked by clk_out1_clk_sys_to_40  {rise@0.000ns fall@12.500ns period=25.000ns})
  Destination:            led_toggle_count_sysclk40M_reg[24]/R
                            (rising edge-triggered cell FDRE clocked by clk_out1_clk_sys_to_40  {rise@0.000ns fall@12.500ns period=25.000ns})
  Path Group:             clk_out1_clk_sys_to_40
  Path Type:              Setup (Max at Slow Process Corner)
  Requirement:            25.000ns  (clk_out1_clk_sys_to_40 rise@25.000ns - clk_out1_clk_sys_to_40 rise@0.000ns)
  Data Path Delay:        4.685ns  (logic 0.918ns (19.593%)  route 3.767ns (80.407%))
  Logic Levels:           3  (LUT2=1 LUT5=1 LUT6=1)
  Clock Path Skew:        -0.019ns (DCD - SCD + CPR)
    Destination Clock Delay (DCD):    -1.308ns = ( 23.692 - 25.000 ) 
    Source Clock Delay      (SCD):    -0.705ns
    Clock Pessimism Removal (CPR):    0.584ns
  Clock Uncertainty:      0.251ns  ((TSJ^2 + DJ^2)^1/2) / 2 + PE
    Total System Jitter     (TSJ):    0.071ns
    Discrete Jitter          (DJ):    0.497ns
    Phase Error              (PE):    0.000ns

    Location             Delay type                Incr(ns)  Path(ns)    Netlist Resource(s)
  -------------------------------------------------------------------    -------------------
                         (clock clk_out1_clk_sys_to_40 rise edge)
                                                      0.000     0.000 r  
    L17                                               0.000     0.000 r  sysclk (IN)
                         net (fo=0)                   0.000     0.000    astep24_3l_top_I/clocking_reset_I/sys_to_40/inst/clk_in1
    L17                  IBUF (Prop_ibuf_I_O)         1.476     1.476 r  astep24_3l_top_I/clocking_reset_I/sys_to_40/inst/clkin1_ibufg/O
                         net (fo=1, routed)           1.233     2.709    astep24_3l_top_I/clocking_reset_I/sys_to_40/inst/clk_in1_clk_sys_to_40
    MMCME2_ADV_X0Y0      MMCME2_ADV (Prop_mmcme2_adv_CLKIN1_CLKOUT0)
                                                     -6.965    -4.256 r  astep24_3l_top_I/clocking_reset_I/sys_to_40/inst/mmcm_adv_inst/CLKOUT0
                         net (fo=1, routed)           1.666    -2.589    astep24_3l_top_I/clocking_reset_I/sys_to_40/inst/clk_out1_clk_sys_to_40
    BUFGCTRL_X0Y10       BUFG (Prop_bufg_I_O)         0.096    -2.493 r  astep24_3l_top_I/clocking_reset_I/sys_to_40/inst/clkout1_buf/O
                         net (fo=34, routed)          1.788    -0.705    sysclk_40M
    SLICE_X6Y125         FDRE                                         r  led_toggle_count_sysclk40M_reg[19]/C
  -------------------------------------------------------------------    -------------------
    SLICE_X6Y125         FDRE (Prop_fdre_C_Q)         0.518    -0.187 f  led_toggle_count_sysclk40M_reg[19]/Q
                         net (fo=2, routed)           0.809     0.622    astep24_3l_top_I/clocking_reset_I/resets/genblk1[3].reset_generator/led_toggle_count_sysclk40M_reg[19]
    SLICE_X7Y126         LUT6 (Prop_lut6_I3_O)        0.124     0.746 r  astep24_3l_top_I/clocking_reset_I/resets/genblk1[3].reset_generator/led_toggle_count_sysclk40M[0]_i_6/O
                         net (fo=1, routed)           0.970     1.717    astep24_3l_top_I/clocking_reset_I/resets/genblk1[3].reset_generator/led_toggle_count_sysclk40M[0]_i_6_n_0
    SLICE_X7Y123         LUT5 (Prop_lut5_I1_O)        0.124     1.841 r  astep24_3l_top_I/clocking_reset_I/resets/genblk1[3].reset_generator/led_toggle_count_sysclk40M[0]_i_3/O
                         net (fo=2, routed)           1.005     2.845    astep24_3l_top_I/clocking_reset_I/resets/genblk1[3].reset_generator/led_toggle_sysclk40M
    SLICE_X2Y123         LUT2 (Prop_lut2_I0_O)        0.152     2.997 r  astep24_3l_top_I/clocking_reset_I/resets/genblk1[3].reset_generator/led_toggle_count_sysclk40M[0]_i_1/O
                         net (fo=25, routed)          0.983     3.980    astep24_3l_top_I_n_2
    SLICE_X6Y127         FDRE                                         r  led_toggle_count_sysclk40M_reg[24]/R
  -------------------------------------------------------------------    -------------------

                         (clock clk_out1_clk_sys_to_40 rise edge)
                                                     25.000    25.000 r  
    L17                                               0.000    25.000 r  sysclk (IN)
                         net (fo=0)                   0.000    25.000    astep24_3l_top_I/clocking_reset_I/sys_to_40/inst/clk_in1
    L17                  IBUF (Prop_ibuf_I_O)         1.406    26.405 r  astep24_3l_top_I/clocking_reset_I/sys_to_40/inst/clkin1_ibufg/O
                         net (fo=1, routed)           1.162    27.567    astep24_3l_top_I/clocking_reset_I/sys_to_40/inst/clk_in1_clk_sys_to_40
    MMCME2_ADV_X0Y0      MMCME2_ADV (Prop_mmcme2_adv_CLKIN1_CLKOUT0)
                                                     -7.221    20.346 r  astep24_3l_top_I/clocking_reset_I/sys_to_40/inst/mmcm_adv_inst/CLKOUT0
                         net (fo=1, routed)           1.587    21.933    astep24_3l_top_I/clocking_reset_I/sys_to_40/inst/clk_out1_clk_sys_to_40
    BUFGCTRL_X0Y10       BUFG (Prop_bufg_I_O)         0.091    22.024 r  astep24_3l_top_I/clocking_reset_I/sys_to_40/inst/clkout1_buf/O
                         net (fo=34, routed)          1.668    23.692    sysclk_40M
    SLICE_X6Y127         FDRE                                         r  led_toggle_count_sysclk40M_reg[24]/C
                         clock pessimism              0.584    24.276    
                         clock uncertainty           -0.251    24.025    
    SLICE_X6Y127         FDRE (Setup_fdre_C_R)       -0.748    23.277    led_toggle_count_sysclk40M_reg[24]
  -------------------------------------------------------------------
                         required time                         23.277    
                         arrival time                          -3.980    
  -------------------------------------------------------------------
                         slack                                 19.297    





Min Delay Paths
--------------------------------------------------------------------------------------
Slack (MET) :             0.167ns  (arrival time - required time)
  Source:                 astep24_3l_top_I/clocking_reset_I/clk_ext_switch_reg[1]/C
                            (rising edge-triggered cell FDCE clocked by clk_out1_clk_sys_to_40  {rise@0.000ns fall@12.500ns period=25.000ns})
  Destination:            astep24_3l_top_I/clocking_reset_I/clk_ext_switch_reg[2]/D
                            (rising edge-triggered cell FDCE clocked by clk_out1_clk_sys_to_40  {rise@0.000ns fall@12.500ns period=25.000ns})
  Path Group:             clk_out1_clk_sys_to_40
  Path Type:              Hold (Min at Fast Process Corner)
  Requirement:            0.000ns  (clk_out1_clk_sys_to_40 rise@0.000ns - clk_out1_clk_sys_to_40 rise@0.000ns)
  Data Path Delay:        0.311ns  (logic 0.189ns (60.868%)  route 0.122ns (39.132%))
  Logic Levels:           1  (LUT4=1)
  Clock Path Skew:        0.013ns (DCD - SCD - CPR)
    Destination Clock Delay (DCD):    -0.852ns
    Source Clock Delay      (SCD):    -0.612ns
    Clock Pessimism Removal (CPR):    -0.253ns

    Location             Delay type                Incr(ns)  Path(ns)    Netlist Resource(s)
  -------------------------------------------------------------------    -------------------
                         (clock clk_out1_clk_sys_to_40 rise edge)
                                                      0.000     0.000 r  
    L17                                               0.000     0.000 r  sysclk (IN)
                         net (fo=0)                   0.000     0.000    astep24_3l_top_I/clocking_reset_I/sys_to_40/inst/clk_in1
    L17                  IBUF (Prop_ibuf_I_O)         0.244     0.244 r  astep24_3l_top_I/clocking_reset_I/sys_to_40/inst/clkin1_ibufg/O
                         net (fo=1, routed)           0.440     0.684    astep24_3l_top_I/clocking_reset_I/sys_to_40/inst/clk_in1_clk_sys_to_40
    MMCME2_ADV_X0Y0      MMCME2_ADV (Prop_mmcme2_adv_CLKIN1_CLKOUT0)
                                                     -2.362    -1.678 r  astep24_3l_top_I/clocking_reset_I/sys_to_40/inst/mmcm_adv_inst/CLKOUT0
                         net (fo=1, routed)           0.489    -1.189    astep24_3l_top_I/clocking_reset_I/sys_to_40/inst/clk_out1_clk_sys_to_40
    BUFGCTRL_X0Y10       BUFG (Prop_bufg_I_O)         0.026    -1.163 r  astep24_3l_top_I/clocking_reset_I/sys_to_40/inst/clkout1_buf/O
                         net (fo=34, routed)          0.552    -0.612    astep24_3l_top_I/clocking_reset_I/sysclk_40M
    SLICE_X9Y73          FDCE                                         r  astep24_3l_top_I/clocking_reset_I/clk_ext_switch_reg[1]/C
  -------------------------------------------------------------------    -------------------
    SLICE_X9Y73          FDCE (Prop_fdce_C_Q)         0.141    -0.471 r  astep24_3l_top_I/clocking_reset_I/clk_ext_switch_reg[1]/Q
                         net (fo=7, routed)           0.122    -0.349    astep24_3l_top_I/clocking_reset_I/clk_ext_switch_reg_n_0_[1]
    SLICE_X8Y73          LUT4 (Prop_lut4_I2_O)        0.048    -0.301 r  astep24_3l_top_I/clocking_reset_I/clk_ext_switch[2]_i_1/O
                         net (fo=1, routed)           0.000    -0.301    astep24_3l_top_I/clocking_reset_I/clk_ext_switch[2]_i_1_n_0
    SLICE_X8Y73          FDCE                                         r  astep24_3l_top_I/clocking_reset_I/clk_ext_switch_reg[2]/D
  -------------------------------------------------------------------    -------------------

                         (clock clk_out1_clk_sys_to_40 rise edge)
                                                      0.000     0.000 r  
    L17                                               0.000     0.000 r  sysclk (IN)
                         net (fo=0)                   0.000     0.000    astep24_3l_top_I/clocking_reset_I/sys_to_40/inst/clk_in1
    L17                  IBUF (Prop_ibuf_I_O)         0.432     0.432 r  astep24_3l_top_I/clocking_reset_I/sys_to_40/inst/clkin1_ibufg/O
                         net (fo=1, routed)           0.480     0.912    astep24_3l_top_I/clocking_reset_I/sys_to_40/inst/clk_in1_clk_sys_to_40
    MMCME2_ADV_X0Y0      MMCME2_ADV (Prop_mmcme2_adv_CLKIN1_CLKOUT0)
                                                     -3.145    -2.233 r  astep24_3l_top_I/clocking_reset_I/sys_to_40/inst/mmcm_adv_inst/CLKOUT0
                         net (fo=1, routed)           0.534    -1.700    astep24_3l_top_I/clocking_reset_I/sys_to_40/inst/clk_out1_clk_sys_to_40
    BUFGCTRL_X0Y10       BUFG (Prop_bufg_I_O)         0.029    -1.671 r  astep24_3l_top_I/clocking_reset_I/sys_to_40/inst/clkout1_buf/O
                         net (fo=34, routed)          0.818    -0.852    astep24_3l_top_I/clocking_reset_I/sysclk_40M
    SLICE_X8Y73          FDCE                                         r  astep24_3l_top_I/clocking_reset_I/clk_ext_switch_reg[2]/C
                         clock pessimism              0.253    -0.599    
    SLICE_X8Y73          FDCE (Hold_fdce_C_D)         0.131    -0.468    astep24_3l_top_I/clocking_reset_I/clk_ext_switch_reg[2]
  -------------------------------------------------------------------
                         required time                          0.468    
                         arrival time                          -0.301    
  -------------------------------------------------------------------
                         slack                                  0.167    





Pulse Width Checks
--------------------------------------------------------------------------------------
Clock Name:         clk_out1_clk_sys_to_40
Waveform(ns):       { 0.000 12.500 }
Period(ns):         25.000
Sources:            { astep24_3l_top_I/clocking_reset_I/sys_to_40/inst/mmcm_adv_inst/CLKOUT0 }

Check Type        Corner  Lib Pin            Reference Pin  Required(ns)  Actual(ns)  Slack(ns)  Location         Pin
Min Period        n/a     BUFG/I             n/a            2.155         25.000      22.845     BUFGCTRL_X0Y10   astep24_3l_top_I/clocking_reset_I/sys_to_40/inst/clkout1_buf/I
Max Period        n/a     MMCME2_ADV/CLKIN1  n/a            100.000       25.000      75.000     MMCME2_ADV_X1Y0  astep24_3l_top_I/clocking_reset_I/intern_or_ext_to_internal/inst/mmcm_adv_inst/CLKIN1
Low Pulse Width   Slow    MMCME2_ADV/CLKIN1  n/a            5.000         12.500      7.500      MMCME2_ADV_X1Y0  astep24_3l_top_I/clocking_reset_I/intern_or_ext_to_internal/inst/mmcm_adv_inst/CLKIN1
High Pulse Width  Slow    MMCME2_ADV/CLKIN1  n/a            5.000         12.500      7.500      MMCME2_ADV_X1Y0  astep24_3l_top_I/clocking_reset_I/intern_or_ext_to_internal/inst/mmcm_adv_inst/CLKIN1



---------------------------------------------------------------------------------------------------
From Clock:  clk_100_clk_core_extorint_40
  To Clock:  clk_100_clk_core_extorint_40

Setup :           NA  Failing Endpoints,  Worst Slack           NA  ,  Total Violation           NA
Hold  :           NA  Failing Endpoints,  Worst Slack           NA  ,  Total Violation           NA
PW    :            0  Failing Endpoints,  Worst Slack        7.845ns,  Total Violation        0.000ns
---------------------------------------------------------------------------------------------------


Pulse Width Checks
--------------------------------------------------------------------------------------
Clock Name:         clk_100_clk_core_extorint_40
Waveform(ns):       { 0.000 5.000 }
Period(ns):         10.000
Sources:            { astep24_3l_top_I/clocking_reset_I/intern_or_ext_to_internal/inst/mmcm_adv_inst/CLKOUT0 }

Check Type  Corner  Lib Pin             Reference Pin  Required(ns)  Actual(ns)  Slack(ns)  Location         Pin
Min Period  n/a     BUFGCTRL/I0         n/a            2.155         10.000      7.845      BUFGCTRL_X0Y5    sample_clock_se_gate/I0
Max Period  n/a     MMCME2_ADV/CLKOUT0  n/a            213.360       10.000      203.360    MMCME2_ADV_X1Y0  astep24_3l_top_I/clocking_reset_I/intern_or_ext_to_internal/inst/mmcm_adv_inst/CLKOUT0



---------------------------------------------------------------------------------------------------
From Clock:  clk_10_clk_core_extorint_40
  To Clock:  clk_10_clk_core_extorint_40

Setup :           NA  Failing Endpoints,  Worst Slack           NA  ,  Total Violation           NA
Hold  :           NA  Failing Endpoints,  Worst Slack           NA  ,  Total Violation           NA
PW    :            0  Failing Endpoints,  Worst Slack       97.844ns,  Total Violation        0.000ns
---------------------------------------------------------------------------------------------------


Pulse Width Checks
--------------------------------------------------------------------------------------
Clock Name:         clk_10_clk_core_extorint_40
Waveform(ns):       { 0.000 50.000 }
Period(ns):         100.000
Sources:            { astep24_3l_top_I/clocking_reset_I/intern_or_ext_to_internal/inst/mmcm_adv_inst/CLKOUT2 }

Check Type  Corner  Lib Pin             Reference Pin  Required(ns)  Actual(ns)  Slack(ns)  Location         Pin
Min Period  n/a     BUFGCTRL/I0         n/a            2.155         100.000     97.844     BUFGCTRL_X0Y1    timestamp_clk_mux/I0
Max Period  n/a     MMCME2_ADV/CLKOUT2  n/a            213.360       100.000     113.360    MMCME2_ADV_X1Y0  astep24_3l_top_I/clocking_reset_I/intern_or_ext_to_internal/inst/mmcm_adv_inst/CLKOUT2



---------------------------------------------------------------------------------------------------
From Clock:  clk_20_clk_core_extorint_40
  To Clock:  clk_20_clk_core_extorint_40

Setup :           NA  Failing Endpoints,  Worst Slack           NA  ,  Total Violation           NA
Hold  :           NA  Failing Endpoints,  Worst Slack           NA  ,  Total Violation           NA
PW    :            0  Failing Endpoints,  Worst Slack       47.845ns,  Total Violation        0.000ns
---------------------------------------------------------------------------------------------------


Pulse Width Checks
--------------------------------------------------------------------------------------
Clock Name:         clk_20_clk_core_extorint_40
Waveform(ns):       { 0.000 25.000 }
Period(ns):         50.000
Sources:            { astep24_3l_top_I/clocking_reset_I/intern_or_ext_to_internal/inst/mmcm_adv_inst/CLKOUT3 }

Check Type  Corner  Lib Pin             Reference Pin  Required(ns)  Actual(ns)  Slack(ns)  Location         Pin
Min Period  n/a     BUFGCTRL/I0         n/a            2.155         50.000      47.845     BUFGCTRL_X0Y5    sample_clock_se_gate/I0
Max Period  n/a     MMCME2_ADV/CLKOUT3  n/a            213.360       50.000      163.360    MMCME2_ADV_X1Y0  astep24_3l_top_I/clocking_reset_I/intern_or_ext_to_internal/inst/mmcm_adv_inst/CLKOUT3



---------------------------------------------------------------------------------------------------
From Clock:  timestamp_clk_internal_ap4
  To Clock:  timestamp_clk_internal_ap4

Setup :           NA  Failing Endpoints,  Worst Slack           NA  ,  Total Violation           NA
Hold  :           NA  Failing Endpoints,  Worst Slack           NA  ,  Total Violation           NA
PW    :            0  Failing Endpoints,  Worst Slack      397.843ns,  Total Violation        0.000ns
---------------------------------------------------------------------------------------------------


Pulse Width Checks
--------------------------------------------------------------------------------------
Clock Name:         timestamp_clk_internal_ap4
Waveform(ns):       { 0.000 199.999 }
Period(ns):         399.998
Sources:            { astep24_3l_top_I/clocking_reset_I/BUFR_inst/O }

Check Type  Corner  Lib Pin      Reference Pin  Required(ns)  Actual(ns)  Slack(ns)  Location       Pin
Min Period  n/a     BUFGCTRL/I1  n/a            2.155         399.998     397.843    BUFGCTRL_X0Y1  timestamp_clk_mux/I1



---------------------------------------------------------------------------------------------------
From Clock:  clk_80_clk_core_extorint_40
  To Clock:  clk_80_clk_core_extorint_40

Setup :            0  Failing Endpoints,  Worst Slack        2.613ns,  Total Violation        0.000ns
Hold  :            0  Failing Endpoints,  Worst Slack        0.053ns,  Total Violation        0.000ns
PW    :            0  Failing Endpoints,  Worst Slack        5.000ns,  Total Violation        0.000ns
---------------------------------------------------------------------------------------------------


Max Delay Paths
--------------------------------------------------------------------------------------
Slack (MET) :             2.613ns  (required time - arrival time)
  Source:                 astep24_3l_top_I/clocking_reset_I/resets/genblk1[3].reset_generator/resn_main_reg_reg[14]/C
                            (rising edge-triggered cell FDCE clocked by clk_80_clk_core_extorint_40  {rise@0.000ns fall@6.250ns period=12.500ns})
  Destination:            astep24_3l_top_I/switched_readout/readout_frames_data_count_reg[2]/R
                            (rising edge-triggered cell FDRE clocked by clk_80_clk_core_extorint_40  {rise@0.000ns fall@6.250ns period=12.500ns})
  Path Group:             clk_80_clk_core_extorint_40
  Path Type:              Setup (Max at Slow Process Corner)
  Requirement:            12.500ns  (clk_80_clk_core_extorint_40 rise@12.500ns - clk_80_clk_core_extorint_40 rise@0.000ns)
  Data Path Delay:        9.160ns  (logic 0.716ns (7.817%)  route 8.444ns (92.183%))
  Logic Levels:           1  (LUT1=1)
  Clock Path Skew:        -0.088ns (DCD - SCD + CPR)
    Destination Clock Delay (DCD):    -1.525ns = ( 10.975 - 12.500 ) 
    Source Clock Delay      (SCD):    -0.954ns
    Clock Pessimism Removal (CPR):    0.483ns
  Clock Uncertainty:      0.115ns  ((TSJ^2 + DJ^2)^1/2) / 2 + PE
    Total System Jitter     (TSJ):    0.071ns
    Discrete Jitter          (DJ):    0.220ns
    Phase Error              (PE):    0.000ns

    Location             Delay type                Incr(ns)  Path(ns)    Netlist Resource(s)
  -------------------------------------------------------------------    -------------------
                         (clock clk_80_clk_core_extorint_40 rise edge)
                                                      0.000     0.000 r  
    L17                                               0.000     0.000 r  sysclk (IN)
                         net (fo=0)                   0.000     0.000    astep24_3l_top_I/clocking_reset_I/sys_to_40/inst/clk_in1
    L17                  IBUF (Prop_ibuf_I_O)         1.476     1.476 r  astep24_3l_top_I/clocking_reset_I/sys_to_40/inst/clkin1_ibufg/O
                         net (fo=1, routed)           1.233     2.709    astep24_3l_top_I/clocking_reset_I/sys_to_40/inst/clk_in1_clk_sys_to_40
    MMCME2_ADV_X0Y0      MMCME2_ADV (Prop_mmcme2_adv_CLKIN1_CLKOUT0)
                                                     -6.965    -4.256 r  astep24_3l_top_I/clocking_reset_I/sys_to_40/inst/mmcm_adv_inst/CLKOUT0
                         net (fo=1, routed)           1.666    -2.589    astep24_3l_top_I/clocking_reset_I/sys_to_40/inst/clk_out1_clk_sys_to_40
    BUFGCTRL_X0Y10       BUFG (Prop_bufg_I_O)         0.096    -2.493 r  astep24_3l_top_I/clocking_reset_I/sys_to_40/inst/clkout1_buf/O
                         net (fo=34, routed)          1.575    -0.918    astep24_3l_top_I/clocking_reset_I/intern_or_ext_to_internal/inst/clk_in1
    MMCME2_ADV_X1Y0      MMCME2_ADV (Prop_mmcme2_adv_CLKIN1_CLKOUT1)
                                                     -3.333    -4.251 r  astep24_3l_top_I/clocking_reset_I/intern_or_ext_to_internal/inst/mmcm_adv_inst/CLKOUT1
                         net (fo=1, routed)           1.661    -2.589    astep24_3l_top_I/clocking_reset_I/intern_or_ext_to_internal/inst/clk_80_clk_core_extorint_40
    BUFGCTRL_X0Y6        BUFG (Prop_bufg_I_O)         0.096    -2.493 r  astep24_3l_top_I/clocking_reset_I/intern_or_ext_to_internal/inst/clkout2_buf/O
                         net (fo=5288, routed)        1.539    -0.954    astep24_3l_top_I/clocking_reset_I/resets/genblk1[3].reset_generator/clk_80
    SLICE_X9Y76          FDCE                                         r  astep24_3l_top_I/clocking_reset_I/resets/genblk1[3].reset_generator/resn_main_reg_reg[14]/C
  -------------------------------------------------------------------    -------------------
    SLICE_X9Y76          FDCE (Prop_fdce_C_Q)         0.419    -0.535 f  astep24_3l_top_I/clocking_reset_I/resets/genblk1[3].reset_generator/resn_main_reg_reg[14]/Q
                         net (fo=74, routed)          2.111     1.575    astep24_3l_top_I/clocking_reset_I/resets/genblk1[3].reset_generator/resn_main_reg[14]
    SLICE_X12Y81         LUT1 (Prop_lut1_I0_O)        0.297     1.872 r  astep24_3l_top_I/clocking_reset_I/resets/genblk1[3].reset_generator/resn_main_reg[14]_i_1__3/O
                         net (fo=1069, routed)        6.333     8.205    astep24_3l_top_I/switched_readout/SS[0]
    SLICE_X10Y43         FDRE                                         r  astep24_3l_top_I/switched_readout/readout_frames_data_count_reg[2]/R
  -------------------------------------------------------------------    -------------------

                         (clock clk_80_clk_core_extorint_40 rise edge)
                                                     12.500    12.500 r  
    L17                                               0.000    12.500 r  sysclk (IN)
                         net (fo=0)                   0.000    12.500    astep24_3l_top_I/clocking_reset_I/sys_to_40/inst/clk_in1
    L17                  IBUF (Prop_ibuf_I_O)         1.406    13.905 r  astep24_3l_top_I/clocking_reset_I/sys_to_40/inst/clkin1_ibufg/O
                         net (fo=1, routed)           1.162    15.067    astep24_3l_top_I/clocking_reset_I/sys_to_40/inst/clk_in1_clk_sys_to_40
    MMCME2_ADV_X0Y0      MMCME2_ADV (Prop_mmcme2_adv_CLKIN1_CLKOUT0)
                                                     -7.221     7.846 r  astep24_3l_top_I/clocking_reset_I/sys_to_40/inst/mmcm_adv_inst/CLKOUT0
                         net (fo=1, routed)           1.587     9.433    astep24_3l_top_I/clocking_reset_I/sys_to_40/inst/clk_out1_clk_sys_to_40
    BUFGCTRL_X0Y10       BUFG (Prop_bufg_I_O)         0.091     9.524 r  astep24_3l_top_I/clocking_reset_I/sys_to_40/inst/clkout1_buf/O
                         net (fo=34, routed)          1.457    10.981    astep24_3l_top_I/clocking_reset_I/intern_or_ext_to_internal/inst/clk_in1
    MMCME2_ADV_X1Y0      MMCME2_ADV (Prop_mmcme2_adv_CLKIN1_CLKOUT1)
                                                     -3.129     7.852 r  astep24_3l_top_I/clocking_reset_I/intern_or_ext_to_internal/inst/mmcm_adv_inst/CLKOUT1
                         net (fo=1, routed)           1.581     9.433    astep24_3l_top_I/clocking_reset_I/intern_or_ext_to_internal/inst/clk_80_clk_core_extorint_40
    BUFGCTRL_X0Y6        BUFG (Prop_bufg_I_O)         0.091     9.524 r  astep24_3l_top_I/clocking_reset_I/intern_or_ext_to_internal/inst/clkout2_buf/O
                         net (fo=5288, routed)        1.451    10.975    astep24_3l_top_I/switched_readout/clk_80
    SLICE_X10Y43         FDRE                                         r  astep24_3l_top_I/switched_readout/readout_frames_data_count_reg[2]/C
                         clock pessimism              0.483    11.458    
                         clock uncertainty           -0.115    11.343    
    SLICE_X10Y43         FDRE (Setup_fdre_C_R)       -0.524    10.819    astep24_3l_top_I/switched_readout/readout_frames_data_count_reg[2]
  -------------------------------------------------------------------
                         required time                         10.819    
                         arrival time                          -8.205    
  -------------------------------------------------------------------
                         slack                                  2.613    





Min Delay Paths
--------------------------------------------------------------------------------------
Slack (MET) :             0.053ns  (arrival time - required time)
  Source:                 astep24_3l_top_I/tlu/timestamp_counter_reg[10]/C
                            (rising edge-triggered cell FDRE clocked by clk_80_clk_core_extorint_40  {rise@0.000ns fall@6.250ns period=12.500ns})
  Destination:            astep24_3l_top_I/tlu/timestamp_hold_reg[10]/D
                            (rising edge-triggered cell FDRE clocked by clk_80_clk_core_extorint_40  {rise@0.000ns fall@6.250ns period=12.500ns})
  Path Group:             clk_80_clk_core_extorint_40
  Path Type:              Hold (Min at Fast Process Corner)
  Requirement:            0.000ns  (clk_80_clk_core_extorint_40 rise@0.000ns - clk_80_clk_core_extorint_40 rise@0.000ns)
  Data Path Delay:        0.377ns  (logic 0.141ns (37.368%)  route 0.236ns (62.632%))
  Logic Levels:           0  
  Clock Path Skew:        0.265ns (DCD - SCD - CPR)
    Destination Clock Delay (DCD):    -0.842ns
    Source Clock Delay      (SCD):    -0.600ns
    Clock Pessimism Removal (CPR):    -0.507ns

    Location             Delay type                Incr(ns)  Path(ns)    Netlist Resource(s)
  -------------------------------------------------------------------    -------------------
                         (clock clk_80_clk_core_extorint_40 rise edge)
                                                      0.000     0.000 r  
    L17                                               0.000     0.000 r  sysclk (IN)
                         net (fo=0)                   0.000     0.000    astep24_3l_top_I/clocking_reset_I/sys_to_40/inst/clk_in1
    L17                  IBUF (Prop_ibuf_I_O)         0.244     0.244 r  astep24_3l_top_I/clocking_reset_I/sys_to_40/inst/clkin1_ibufg/O
                         net (fo=1, routed)           0.440     0.684    astep24_3l_top_I/clocking_reset_I/sys_to_40/inst/clk_in1_clk_sys_to_40
    MMCME2_ADV_X0Y0      MMCME2_ADV (Prop_mmcme2_adv_CLKIN1_CLKOUT0)
                                                     -2.362    -1.678 r  astep24_3l_top_I/clocking_reset_I/sys_to_40/inst/mmcm_adv_inst/CLKOUT0
                         net (fo=1, routed)           0.489    -1.189    astep24_3l_top_I/clocking_reset_I/sys_to_40/inst/clk_out1_clk_sys_to_40
    BUFGCTRL_X0Y10       BUFG (Prop_bufg_I_O)         0.026    -1.163 r  astep24_3l_top_I/clocking_reset_I/sys_to_40/inst/clkout1_buf/O
                         net (fo=34, routed)          0.549    -0.615    astep24_3l_top_I/clocking_reset_I/intern_or_ext_to_internal/inst/clk_in1
    MMCME2_ADV_X1Y0      MMCME2_ADV (Prop_mmcme2_adv_CLKIN1_CLKOUT1)
                                                     -1.061    -1.675 r  astep24_3l_top_I/clocking_reset_I/intern_or_ext_to_internal/inst/mmcm_adv_inst/CLKOUT1
                         net (fo=1, routed)           0.486    -1.189    astep24_3l_top_I/clocking_reset_I/intern_or_ext_to_internal/inst/clk_80_clk_core_extorint_40
    BUFGCTRL_X0Y6        BUFG (Prop_bufg_I_O)         0.026    -1.163 r  astep24_3l_top_I/clocking_reset_I/intern_or_ext_to_internal/inst/clkout2_buf/O
                         net (fo=5288, routed)        0.564    -0.600    astep24_3l_top_I/tlu/clk_80
    SLICE_X36Y49         FDRE                                         r  astep24_3l_top_I/tlu/timestamp_counter_reg[10]/C
  -------------------------------------------------------------------    -------------------
    SLICE_X36Y49         FDRE (Prop_fdre_C_Q)         0.141    -0.459 r  astep24_3l_top_I/tlu/timestamp_counter_reg[10]/Q
                         net (fo=2, routed)           0.236    -0.223    astep24_3l_top_I/tlu/timestamp_counter[10]
    SLICE_X34Y53         FDRE                                         r  astep24_3l_top_I/tlu/timestamp_hold_reg[10]/D
  -------------------------------------------------------------------    -------------------

                         (clock clk_80_clk_core_extorint_40 rise edge)
                                                      0.000     0.000 r  
    L17                                               0.000     0.000 r  sysclk (IN)
                         net (fo=0)                   0.000     0.000    astep24_3l_top_I/clocking_reset_I/sys_to_40/inst/clk_in1
    L17                  IBUF (Prop_ibuf_I_O)         0.432     0.432 r  astep24_3l_top_I/clocking_reset_I/sys_to_40/inst/clkin1_ibufg/O
                         net (fo=1, routed)           0.480     0.912    astep24_3l_top_I/clocking_reset_I/sys_to_40/inst/clk_in1_clk_sys_to_40
    MMCME2_ADV_X0Y0      MMCME2_ADV (Prop_mmcme2_adv_CLKIN1_CLKOUT0)
                                                     -3.145    -2.233 r  astep24_3l_top_I/clocking_reset_I/sys_to_40/inst/mmcm_adv_inst/CLKOUT0
                         net (fo=1, routed)           0.534    -1.700    astep24_3l_top_I/clocking_reset_I/sys_to_40/inst/clk_out1_clk_sys_to_40
    BUFGCTRL_X0Y10       BUFG (Prop_bufg_I_O)         0.029    -1.671 r  astep24_3l_top_I/clocking_reset_I/sys_to_40/inst/clkout1_buf/O
                         net (fo=34, routed)          0.817    -0.854    astep24_3l_top_I/clocking_reset_I/intern_or_ext_to_internal/inst/clk_in1
    MMCME2_ADV_X1Y0      MMCME2_ADV (Prop_mmcme2_adv_CLKIN1_CLKOUT1)
                                                     -1.375    -2.229 r  astep24_3l_top_I/clocking_reset_I/intern_or_ext_to_internal/inst/mmcm_adv_inst/CLKOUT1
                         net (fo=1, routed)           0.530    -1.700    astep24_3l_top_I/clocking_reset_I/intern_or_ext_to_internal/inst/clk_80_clk_core_extorint_40
    BUFGCTRL_X0Y6        BUFG (Prop_bufg_I_O)         0.029    -1.671 r  astep24_3l_top_I/clocking_reset_I/intern_or_ext_to_internal/inst/clkout2_buf/O
                         net (fo=5288, routed)        0.828    -0.842    astep24_3l_top_I/tlu/clk_80
    SLICE_X34Y53         FDRE                                         r  astep24_3l_top_I/tlu/timestamp_hold_reg[10]/C
                         clock pessimism              0.507    -0.335    
    SLICE_X34Y53         FDRE (Hold_fdre_C_D)         0.059    -0.276    astep24_3l_top_I/tlu/timestamp_hold_reg[10]
  -------------------------------------------------------------------
                         required time                          0.276    
                         arrival time                          -0.223    
  -------------------------------------------------------------------
                         slack                                  0.053    





Pulse Width Checks
--------------------------------------------------------------------------------------
Clock Name:         clk_80_clk_core_extorint_40
Waveform(ns):       { 0.000 6.250 }
Period(ns):         12.500
Sources:            { astep24_3l_top_I/clocking_reset_I/intern_or_ext_to_internal/inst/mmcm_adv_inst/CLKOUT1 }

Check Type        Corner  Lib Pin             Reference Pin  Required(ns)  Actual(ns)  Slack(ns)  Location         Pin
Min Period        n/a     XADC/DCLK           n/a            4.000         12.500      8.500      XADC_X0Y0        astep24_3l_top_I/housekeeping/xadc_hk_driver_I/xadc/inst/AXI_XADC_CORE_I/XADC_INST/DCLK
Max Period        n/a     MMCME2_ADV/CLKOUT1  n/a            213.360       12.500      200.860    MMCME2_ADV_X1Y0  astep24_3l_top_I/clocking_reset_I/intern_or_ext_to_internal/inst/mmcm_adv_inst/CLKOUT1
Low Pulse Width   Slow    RAMD32/CLK          n/a            1.250         6.250       5.000      SLICE_X46Y43     astep24_3l_top_I/sw_if/rfg_protocol/mini_fwft_fifo_inst/mem_reg_0_15_0_5/RAMA/CLK
High Pulse Width  Slow    RAMD32/CLK          n/a            1.250         6.250       5.000      SLICE_X46Y43     astep24_3l_top_I/sw_if/rfg_protocol/mini_fwft_fifo_inst/mem_reg_0_15_0_5/RAMA/CLK



---------------------------------------------------------------------------------------------------
From Clock:  hk_spi_divided
  To Clock:  hk_spi_divided

Setup :            0  Failing Endpoints,  Worst Slack        5.997ns,  Total Violation        0.000ns
Hold  :            0  Failing Endpoints,  Worst Slack        0.080ns,  Total Violation        0.000ns
PW    :            0  Failing Endpoints,  Worst Slack       12.000ns,  Total Violation        0.000ns
---------------------------------------------------------------------------------------------------


Max Delay Paths
--------------------------------------------------------------------------------------
Slack (MET) :             5.997ns  (required time - arrival time)
  Source:                 ext_spi_adc_miso
                            (input port clocked by hk_spi_divided  {rise@0.000ns fall@12.500ns period=25.000ns})
  Destination:            astep24_3l_top_I/housekeeping/ext_adcdac_driver/spi_io/miso_byte_reg[7]/D
                            (rising edge-triggered cell FDRE clocked by hk_spi_divided  {rise@0.000ns fall@12.500ns period=25.000ns})
  Path Group:             hk_spi_divided
  Path Type:              Setup (Max at Slow Process Corner)
  Requirement:            12.500ns  (hk_spi_divided rise@25.000ns - hk_spi_divided fall@12.500ns)
  Data Path Delay:        6.931ns  (logic 1.594ns (22.997%)  route 5.337ns (77.003%))
  Logic Levels:           2  (IBUF=1 LUT3=1)
  Input Delay:            2.000ns
  Clock Path Skew:        2.574ns (DCD - SCD + CPR)
    Destination Clock Delay (DCD):    1.411ns = ( 26.411 - 25.000 ) 
    Source Clock Delay      (SCD):    -0.472ns = ( 12.028 - 12.500 ) 
    Clock Pessimism Removal (CPR):    0.692ns
  Clock Uncertainty:      0.115ns  ((TSJ^2 + DJ^2)^1/2) / 2 + PE
    Total System Jitter     (TSJ):    0.071ns
    Discrete Jitter          (DJ):    0.220ns
    Phase Error              (PE):    0.000ns

    Location             Delay type                Incr(ns)  Path(ns)    Netlist Resource(s)
  -------------------------------------------------------------------    -------------------
                         (clock hk_spi_divided fall edge)
                                                     12.500    12.500 f  
    L17                                               0.000    12.500 r  sysclk (IN)
                         net (fo=0)                   0.000    12.500    astep24_3l_top_I/clocking_reset_I/sys_to_40/inst/clk_in1
    L17                  IBUF (Prop_ibuf_I_O)         1.476    13.976 r  astep24_3l_top_I/clocking_reset_I/sys_to_40/inst/clkin1_ibufg/O
                         net (fo=1, routed)           1.233    15.209    astep24_3l_top_I/clocking_reset_I/sys_to_40/inst/clk_in1_clk_sys_to_40
    MMCME2_ADV_X0Y0      MMCME2_ADV (Prop_mmcme2_adv_CLKIN1_CLKOUT0)
                                                     -6.965     8.244 r  astep24_3l_top_I/clocking_reset_I/sys_to_40/inst/mmcm_adv_inst/CLKOUT0
                         net (fo=1, routed)           1.666     9.911    astep24_3l_top_I/clocking_reset_I/sys_to_40/inst/clk_out1_clk_sys_to_40
    BUFGCTRL_X0Y10       BUFG (Prop_bufg_I_O)         0.096    10.007 r  astep24_3l_top_I/clocking_reset_I/sys_to_40/inst/clkout1_buf/O
                         net (fo=34, routed)          1.575    11.582    astep24_3l_top_I/clocking_reset_I/intern_or_ext_to_internal/inst/clk_in1
    MMCME2_ADV_X1Y0      MMCME2_ADV (Prop_mmcme2_adv_CLKIN1_CLKOUT1)
                                                     -3.333     8.249 r  astep24_3l_top_I/clocking_reset_I/intern_or_ext_to_internal/inst/mmcm_adv_inst/CLKOUT1
                         net (fo=1, routed)           1.661     9.911    astep24_3l_top_I/clocking_reset_I/intern_or_ext_to_internal/inst/clk_80_clk_core_extorint_40
    BUFGCTRL_X0Y6        BUFG (Prop_bufg_I_O)         0.096    10.007 r  astep24_3l_top_I/clocking_reset_I/intern_or_ext_to_internal/inst/clkout2_buf/O
                         net (fo=5288, routed)        1.565    11.572    astep24_3l_top_I/main_rfg_I/clk_80
    SLICE_X35Y48         FDRE (Prop_fdre_C_Q)         0.456    12.028 f  astep24_3l_top_I/main_rfg_I/spi_hk_ckdivider_divided_clk_reg/Q
  -------------------------------------------------------------------    -------------------
                         input delay                  2.000    14.028    
    B15                                               0.000    14.028 r  ext_spi_adc_miso (IN)
                         net (fo=0)                   0.000    14.028    ext_spi_adc_miso
    B15                  IBUF (Prop_ibuf_I_O)         1.470    15.498 r  ext_spi_adc_miso_IBUF_inst/O
                         net (fo=2, routed)           1.396    16.894    astep24_3l_top_I/housekeeping/ext_adcdac_driver/spi_io/ext_spi_adc_miso_IBUF
    SLICE_X0Y125         LUT3 (Prop_lut3_I2_O)        0.124    17.018 r  astep24_3l_top_I/housekeeping/ext_adcdac_driver/spi_io/miso_byte[7]_i_2/O
                         net (fo=1, routed)           3.941    20.959    astep24_3l_top_I/housekeeping/ext_adcdac_driver/spi_io/miso_byte[7]_i_2_n_0
    SLICE_X6Y85          FDRE                                         r  astep24_3l_top_I/housekeeping/ext_adcdac_driver/spi_io/miso_byte_reg[7]/D
  -------------------------------------------------------------------    -------------------

                         (clock hk_spi_divided rise edge)
                                                     25.000    25.000 r  
    L17                                               0.000    25.000 r  sysclk (IN)
                         net (fo=0)                   0.000    25.000    astep24_3l_top_I/clocking_reset_I/sys_to_40/inst/clk_in1
    L17                  IBUF (Prop_ibuf_I_O)         1.406    26.405 r  astep24_3l_top_I/clocking_reset_I/sys_to_40/inst/clkin1_ibufg/O
                         net (fo=1, routed)           1.162    27.567    astep24_3l_top_I/clocking_reset_I/sys_to_40/inst/clk_in1_clk_sys_to_40
    MMCME2_ADV_X0Y0      MMCME2_ADV (Prop_mmcme2_adv_CLKIN1_CLKOUT0)
                                                     -7.221    20.346 r  astep24_3l_top_I/clocking_reset_I/sys_to_40/inst/mmcm_adv_inst/CLKOUT0
                         net (fo=1, routed)           1.587    21.933    astep24_3l_top_I/clocking_reset_I/sys_to_40/inst/clk_out1_clk_sys_to_40
    BUFGCTRL_X0Y10       BUFG (Prop_bufg_I_O)         0.091    22.024 r  astep24_3l_top_I/clocking_reset_I/sys_to_40/inst/clkout1_buf/O
                         net (fo=34, routed)          1.457    23.481    astep24_3l_top_I/clocking_reset_I/intern_or_ext_to_internal/inst/clk_in1
    MMCME2_ADV_X1Y0      MMCME2_ADV (Prop_mmcme2_adv_CLKIN1_CLKOUT1)
                                                     -3.129    20.352 r  astep24_3l_top_I/clocking_reset_I/intern_or_ext_to_internal/inst/mmcm_adv_inst/CLKOUT1
                         net (fo=1, routed)           1.581    21.933    astep24_3l_top_I/clocking_reset_I/intern_or_ext_to_internal/inst/clk_80_clk_core_extorint_40
    BUFGCTRL_X0Y6        BUFG (Prop_bufg_I_O)         0.091    22.024 r  astep24_3l_top_I/clocking_reset_I/intern_or_ext_to_internal/inst/clkout2_buf/O
                         net (fo=5288, routed)        1.445    23.469    astep24_3l_top_I/main_rfg_I/clk_80
    SLICE_X35Y48         FDRE (Prop_fdre_C_Q)         0.367    23.836 r  astep24_3l_top_I/main_rfg_I/spi_hk_ckdivider_divided_clk_reg/Q
                         net (fo=2, routed)           0.982    24.818    astep24_3l_top_I_n_28
    BUFGCTRL_X0Y8        BUFG (Prop_bufg_I_O)         0.091    24.909 r  spi_hk_ckdivider_divided_resn_delay_reg[7]_i_1/O
                         net (fo=257, routed)         1.502    26.411    astep24_3l_top_I/housekeeping/ext_adcdac_driver/spi_io/mosi_byte_reg[7]_0
    SLICE_X6Y85          FDRE                                         r  astep24_3l_top_I/housekeeping/ext_adcdac_driver/spi_io/miso_byte_reg[7]/C
                         clock pessimism              0.692    27.102    
                         clock uncertainty           -0.115    26.987    
    SLICE_X6Y85          FDRE (Setup_fdre_C_D)       -0.031    26.956    astep24_3l_top_I/housekeeping/ext_adcdac_driver/spi_io/miso_byte_reg[7]
  -------------------------------------------------------------------
                         required time                         26.956    
                         arrival time                         -20.959    
  -------------------------------------------------------------------
                         slack                                  5.997    





Min Delay Paths
--------------------------------------------------------------------------------------
Slack (MET) :             0.080ns  (arrival time - required time)
  Source:                 astep24_3l_top_I/housekeeping/ext_adcdac_driver/miso_fifo/inst/gen_fifo.xpm_fifo_axis_inst/xpm_fifo_base_inst/wrp_inst/count_value_i_reg[6]/C
                            (rising edge-triggered cell FDRE clocked by hk_spi_divided  {rise@0.000ns fall@12.500ns period=25.000ns})
  Destination:            astep24_3l_top_I/housekeeping/ext_adcdac_driver/miso_fifo/inst/gen_fifo.xpm_fifo_axis_inst/xpm_fifo_base_inst/gen_sdpram.xpm_memory_base_inst/gen_wr_a.gen_word_narrow.mem_reg/ADDRARDADDR[10]
                            (rising edge-triggered cell RAMB18E1 clocked by hk_spi_divided  {rise@0.000ns fall@12.500ns period=25.000ns})
  Path Group:             hk_spi_divided
  Path Type:              Hold (Min at Fast Process Corner)
  Requirement:            0.000ns  (hk_spi_divided rise@0.000ns - hk_spi_divided rise@0.000ns)
  Data Path Delay:        0.320ns  (logic 0.141ns (44.028%)  route 0.179ns (55.972%))
  Logic Levels:           0  
  Clock Path Skew:        0.057ns (DCD - SCD - CPR)
    Destination Clock Delay (DCD):    0.738ns
    Source Clock Delay      (SCD):    0.565ns
    Clock Pessimism Removal (CPR):    0.116ns

    Location             Delay type                Incr(ns)  Path(ns)    Netlist Resource(s)
  -------------------------------------------------------------------    -------------------
                         (clock hk_spi_divided rise edge)
                                                      0.000     0.000 r  
    L17                                               0.000     0.000 r  sysclk (IN)
                         net (fo=0)                   0.000     0.000    astep24_3l_top_I/clocking_reset_I/sys_to_40/inst/clk_in1
    L17                  IBUF (Prop_ibuf_I_O)         0.244     0.244 r  astep24_3l_top_I/clocking_reset_I/sys_to_40/inst/clkin1_ibufg/O
                         net (fo=1, routed)           0.440     0.684    astep24_3l_top_I/clocking_reset_I/sys_to_40/inst/clk_in1_clk_sys_to_40
    MMCME2_ADV_X0Y0      MMCME2_ADV (Prop_mmcme2_adv_CLKIN1_CLKOUT0)
                                                     -2.362    -1.678 r  astep24_3l_top_I/clocking_reset_I/sys_to_40/inst/mmcm_adv_inst/CLKOUT0
                         net (fo=1, routed)           0.489    -1.189    astep24_3l_top_I/clocking_reset_I/sys_to_40/inst/clk_out1_clk_sys_to_40
    BUFGCTRL_X0Y10       BUFG (Prop_bufg_I_O)         0.026    -1.163 r  astep24_3l_top_I/clocking_reset_I/sys_to_40/inst/clkout1_buf/O
                         net (fo=34, routed)          0.549    -0.615    astep24_3l_top_I/clocking_reset_I/intern_or_ext_to_internal/inst/clk_in1
    MMCME2_ADV_X1Y0      MMCME2_ADV (Prop_mmcme2_adv_CLKIN1_CLKOUT1)
                                                     -1.061    -1.675 r  astep24_3l_top_I/clocking_reset_I/intern_or_ext_to_internal/inst/mmcm_adv_inst/CLKOUT1
                         net (fo=1, routed)           0.486    -1.189    astep24_3l_top_I/clocking_reset_I/intern_or_ext_to_internal/inst/clk_80_clk_core_extorint_40
    BUFGCTRL_X0Y6        BUFG (Prop_bufg_I_O)         0.026    -1.163 r  astep24_3l_top_I/clocking_reset_I/intern_or_ext_to_internal/inst/clkout2_buf/O
                         net (fo=5288, routed)        0.563    -0.601    astep24_3l_top_I/main_rfg_I/clk_80
    SLICE_X35Y48         FDRE (Prop_fdre_C_Q)         0.141    -0.460 r  astep24_3l_top_I/main_rfg_I/spi_hk_ckdivider_divided_clk_reg/Q
                         net (fo=2, routed)           0.441    -0.019    astep24_3l_top_I_n_28
    BUFGCTRL_X0Y8        BUFG (Prop_bufg_I_O)         0.026     0.007 r  spi_hk_ckdivider_divided_resn_delay_reg[7]_i_1/O
                         net (fo=257, routed)         0.558     0.565    astep24_3l_top_I/housekeeping/ext_adcdac_driver/miso_fifo/inst/gen_fifo.xpm_fifo_axis_inst/xpm_fifo_base_inst/wrp_inst/wr_clk
    SLICE_X9Y82          FDRE                                         r  astep24_3l_top_I/housekeeping/ext_adcdac_driver/miso_fifo/inst/gen_fifo.xpm_fifo_axis_inst/xpm_fifo_base_inst/wrp_inst/count_value_i_reg[6]/C
  -------------------------------------------------------------------    -------------------
    SLICE_X9Y82          FDRE (Prop_fdre_C_Q)         0.141     0.706 r  astep24_3l_top_I/housekeeping/ext_adcdac_driver/miso_fifo/inst/gen_fifo.xpm_fifo_axis_inst/xpm_fifo_base_inst/wrp_inst/count_value_i_reg[6]/Q
                         net (fo=7, routed)           0.179     0.885    astep24_3l_top_I/housekeeping/ext_adcdac_driver/miso_fifo/inst/gen_fifo.xpm_fifo_axis_inst/xpm_fifo_base_inst/gen_sdpram.xpm_memory_base_inst/addra[6]
    RAMB18_X0Y32         RAMB18E1                                     r  astep24_3l_top_I/housekeeping/ext_adcdac_driver/miso_fifo/inst/gen_fifo.xpm_fifo_axis_inst/xpm_fifo_base_inst/gen_sdpram.xpm_memory_base_inst/gen_wr_a.gen_word_narrow.mem_reg/ADDRARDADDR[10]
  -------------------------------------------------------------------    -------------------

                         (clock hk_spi_divided rise edge)
                                                      0.000     0.000 r  
    L17                                               0.000     0.000 r  sysclk (IN)
                         net (fo=0)                   0.000     0.000    astep24_3l_top_I/clocking_reset_I/sys_to_40/inst/clk_in1
    L17                  IBUF (Prop_ibuf_I_O)         0.432     0.432 r  astep24_3l_top_I/clocking_reset_I/sys_to_40/inst/clkin1_ibufg/O
                         net (fo=1, routed)           0.480     0.912    astep24_3l_top_I/clocking_reset_I/sys_to_40/inst/clk_in1_clk_sys_to_40
    MMCME2_ADV_X0Y0      MMCME2_ADV (Prop_mmcme2_adv_CLKIN1_CLKOUT0)
                                                     -3.145    -2.233 r  astep24_3l_top_I/clocking_reset_I/sys_to_40/inst/mmcm_adv_inst/CLKOUT0
                         net (fo=1, routed)           0.534    -1.700    astep24_3l_top_I/clocking_reset_I/sys_to_40/inst/clk_out1_clk_sys_to_40
    BUFGCTRL_X0Y10       BUFG (Prop_bufg_I_O)         0.029    -1.671 r  astep24_3l_top_I/clocking_reset_I/sys_to_40/inst/clkout1_buf/O
                         net (fo=34, routed)          0.817    -0.854    astep24_3l_top_I/clocking_reset_I/intern_or_ext_to_internal/inst/clk_in1
    MMCME2_ADV_X1Y0      MMCME2_ADV (Prop_mmcme2_adv_CLKIN1_CLKOUT1)
                                                     -1.375    -2.229 r  astep24_3l_top_I/clocking_reset_I/intern_or_ext_to_internal/inst/mmcm_adv_inst/CLKOUT1
                         net (fo=1, routed)           0.530    -1.700    astep24_3l_top_I/clocking_reset_I/intern_or_ext_to_internal/inst/clk_80_clk_core_extorint_40
    BUFGCTRL_X0Y6        BUFG (Prop_bufg_I_O)         0.029    -1.671 r  astep24_3l_top_I/clocking_reset_I/intern_or_ext_to_internal/inst/clkout2_buf/O
                         net (fo=5288, routed)        0.832    -0.839    astep24_3l_top_I/main_rfg_I/clk_80
    SLICE_X35Y48         FDRE (Prop_fdre_C_Q)         0.175    -0.664 r  astep24_3l_top_I/main_rfg_I/spi_hk_ckdivider_divided_clk_reg/Q
                         net (fo=2, routed)           0.504    -0.160    astep24_3l_top_I_n_28
    BUFGCTRL_X0Y8        BUFG (Prop_bufg_I_O)         0.029    -0.131 r  spi_hk_ckdivider_divided_resn_delay_reg[7]_i_1/O
                         net (fo=257, routed)         0.869     0.738    astep24_3l_top_I/housekeeping/ext_adcdac_driver/miso_fifo/inst/gen_fifo.xpm_fifo_axis_inst/xpm_fifo_base_inst/gen_sdpram.xpm_memory_base_inst/clka
    RAMB18_X0Y32         RAMB18E1                                     r  astep24_3l_top_I/housekeeping/ext_adcdac_driver/miso_fifo/inst/gen_fifo.xpm_fifo_axis_inst/xpm_fifo_base_inst/gen_sdpram.xpm_memory_base_inst/gen_wr_a.gen_word_narrow.mem_reg/CLKARDCLK
                         clock pessimism             -0.116     0.622    
    RAMB18_X0Y32         RAMB18E1 (Hold_ramb18e1_CLKARDCLK_ADDRARDADDR[10])
                                                      0.183     0.805    astep24_3l_top_I/housekeeping/ext_adcdac_driver/miso_fifo/inst/gen_fifo.xpm_fifo_axis_inst/xpm_fifo_base_inst/gen_sdpram.xpm_memory_base_inst/gen_wr_a.gen_word_narrow.mem_reg
  -------------------------------------------------------------------
                         required time                         -0.805    
                         arrival time                           0.885    
  -------------------------------------------------------------------
                         slack                                  0.080    





Pulse Width Checks
--------------------------------------------------------------------------------------
Clock Name:         hk_spi_divided
Waveform(ns):       { 0.000 12.500 }
Period(ns):         25.000
Sources:            { astep24_3l_top_I/main_rfg_I/spi_hk_ckdivider_divided_clk_reg/Q }

Check Type        Corner  Lib Pin             Reference Pin  Required(ns)  Actual(ns)  Slack(ns)  Location      Pin
Min Period        n/a     RAMB18E1/CLKARDCLK  n/a            2.576         25.000      22.424     RAMB18_X0Y32  astep24_3l_top_I/housekeeping/ext_adcdac_driver/miso_fifo/inst/gen_fifo.xpm_fifo_axis_inst/xpm_fifo_base_inst/gen_sdpram.xpm_memory_base_inst/gen_wr_a.gen_word_narrow.mem_reg/CLKARDCLK
Low Pulse Width   Slow    FDRE/C              n/a            0.500         12.500      12.000     SLICE_X29Y95  astep24_3l_top_I/housekeeping/ext_adcdac_driver/miso_fifo/inst/gen_fifo.xpm_fifo_axis_inst/gaxis_pkt_fifo_ic.axis_wpkt_cnt_reg[0]/C
High Pulse Width  Slow    FDRE/C              n/a            0.500         12.500      12.000     SLICE_X29Y95  astep24_3l_top_I/housekeeping/ext_adcdac_driver/miso_fifo/inst/gen_fifo.xpm_fifo_axis_inst/gaxis_pkt_fifo_ic.axis_wpkt_cnt_reg[0]/C



---------------------------------------------------------------------------------------------------
From Clock:  layers_spi_divided
  To Clock:  layers_spi_divided

Setup :            0  Failing Endpoints,  Worst Slack        8.618ns,  Total Violation        0.000ns
Hold  :            0  Failing Endpoints,  Worst Slack        0.050ns,  Total Violation        0.000ns
PW    :            0  Failing Endpoints,  Worst Slack       12.000ns,  Total Violation        0.000ns
---------------------------------------------------------------------------------------------------


Max Delay Paths
--------------------------------------------------------------------------------------
Slack (MET) :             8.618ns  (required time - arrival time)
  Source:                 layer_1_spi_miso[0]
                            (input port clocked by layers_spi_divided  {rise@0.000ns fall@12.500ns period=25.000ns})
  Destination:            astep24_3l_top_I/switched_readout/genblk1[1].layer_if_I/spi_io/miso_byte_reg[6]/D
                            (rising edge-triggered cell FDRE clocked by layers_spi_divided  {rise@0.000ns fall@12.500ns period=25.000ns})
  Path Group:             layers_spi_divided
  Path Type:              Setup (Max at Slow Process Corner)
  Requirement:            12.500ns  (layers_spi_divided rise@25.000ns - layers_spi_divided fall@12.500ns)
  Data Path Delay:        4.457ns  (logic 1.589ns (35.653%)  route 2.868ns (64.347%))
  Logic Levels:           2  (IBUF=1 LUT3=1)
  Input Delay:            2.000ns
  Clock Path Skew:        2.610ns (DCD - SCD + CPR)
    Destination Clock Delay (DCD):    1.446ns = ( 26.446 - 25.000 ) 
    Source Clock Delay      (SCD):    -0.472ns = ( 12.028 - 12.500 ) 
    Clock Pessimism Removal (CPR):    0.692ns
  Clock Uncertainty:      0.115ns  ((TSJ^2 + DJ^2)^1/2) / 2 + PE
    Total System Jitter     (TSJ):    0.071ns
    Discrete Jitter          (DJ):    0.220ns
    Phase Error              (PE):    0.000ns

    Location             Delay type                Incr(ns)  Path(ns)    Netlist Resource(s)
  -------------------------------------------------------------------    -------------------
                         (clock layers_spi_divided fall edge)
                                                     12.500    12.500 f  
    L17                                               0.000    12.500 r  sysclk (IN)
                         net (fo=0)                   0.000    12.500    astep24_3l_top_I/clocking_reset_I/sys_to_40/inst/clk_in1
    L17                  IBUF (Prop_ibuf_I_O)         1.476    13.976 r  astep24_3l_top_I/clocking_reset_I/sys_to_40/inst/clkin1_ibufg/O
                         net (fo=1, routed)           1.233    15.209    astep24_3l_top_I/clocking_reset_I/sys_to_40/inst/clk_in1_clk_sys_to_40
    MMCME2_ADV_X0Y0      MMCME2_ADV (Prop_mmcme2_adv_CLKIN1_CLKOUT0)
                                                     -6.965     8.244 r  astep24_3l_top_I/clocking_reset_I/sys_to_40/inst/mmcm_adv_inst/CLKOUT0
                         net (fo=1, routed)           1.666     9.911    astep24_3l_top_I/clocking_reset_I/sys_to_40/inst/clk_out1_clk_sys_to_40
    BUFGCTRL_X0Y10       BUFG (Prop_bufg_I_O)         0.096    10.007 r  astep24_3l_top_I/clocking_reset_I/sys_to_40/inst/clkout1_buf/O
                         net (fo=34, routed)          1.575    11.582    astep24_3l_top_I/clocking_reset_I/intern_or_ext_to_internal/inst/clk_in1
    MMCME2_ADV_X1Y0      MMCME2_ADV (Prop_mmcme2_adv_CLKIN1_CLKOUT1)
                                                     -3.333     8.249 r  astep24_3l_top_I/clocking_reset_I/intern_or_ext_to_internal/inst/mmcm_adv_inst/CLKOUT1
                         net (fo=1, routed)           1.661     9.911    astep24_3l_top_I/clocking_reset_I/intern_or_ext_to_internal/inst/clk_80_clk_core_extorint_40
    BUFGCTRL_X0Y6        BUFG (Prop_bufg_I_O)         0.096    10.007 r  astep24_3l_top_I/clocking_reset_I/intern_or_ext_to_internal/inst/clkout2_buf/O
                         net (fo=5288, routed)        1.565    11.572    astep24_3l_top_I/main_rfg_I/clk_80
    SLICE_X35Y48         FDRE (Prop_fdre_C_Q)         0.456    12.028 f  astep24_3l_top_I/main_rfg_I/spi_layers_ckdivider_divided_clk_reg/Q
  -------------------------------------------------------------------    -------------------
                         input delay                  2.000    14.028    
    U5                                                0.000    14.028 r  layer_1_spi_miso[0] (IN)
                         net (fo=0)                   0.000    14.028    layer_1_spi_miso[0]
    U5                   IBUF (Prop_ibuf_I_O)         1.465    15.493 r  layer_1_spi_miso_IBUF[0]_inst/O
                         net (fo=1, routed)           2.868    18.361    astep24_3l_top_I/loopback_spi_layer_1/spi_egress/layer_1_spi_miso_IBUF[0]
    SLICE_X52Y62         LUT3 (Prop_lut3_I2_O)        0.124    18.485 r  astep24_3l_top_I/loopback_spi_layer_1/spi_egress/miso_byte[6]_i_1__1/O
                         net (fo=1, routed)           0.000    18.485    astep24_3l_top_I/switched_readout/genblk1[1].layer_if_I/spi_io/p_3_out[0]
    SLICE_X52Y62         FDRE                                         r  astep24_3l_top_I/switched_readout/genblk1[1].layer_if_I/spi_io/miso_byte_reg[6]/D
  -------------------------------------------------------------------    -------------------

                         (clock layers_spi_divided rise edge)
                                                     25.000    25.000 r  
    L17                                               0.000    25.000 r  sysclk (IN)
                         net (fo=0)                   0.000    25.000    astep24_3l_top_I/clocking_reset_I/sys_to_40/inst/clk_in1
    L17                  IBUF (Prop_ibuf_I_O)         1.406    26.405 r  astep24_3l_top_I/clocking_reset_I/sys_to_40/inst/clkin1_ibufg/O
                         net (fo=1, routed)           1.162    27.567    astep24_3l_top_I/clocking_reset_I/sys_to_40/inst/clk_in1_clk_sys_to_40
    MMCME2_ADV_X0Y0      MMCME2_ADV (Prop_mmcme2_adv_CLKIN1_CLKOUT0)
                                                     -7.221    20.346 r  astep24_3l_top_I/clocking_reset_I/sys_to_40/inst/mmcm_adv_inst/CLKOUT0
                         net (fo=1, routed)           1.587    21.933    astep24_3l_top_I/clocking_reset_I/sys_to_40/inst/clk_out1_clk_sys_to_40
    BUFGCTRL_X0Y10       BUFG (Prop_bufg_I_O)         0.091    22.024 r  astep24_3l_top_I/clocking_reset_I/sys_to_40/inst/clkout1_buf/O
                         net (fo=34, routed)          1.457    23.481    astep24_3l_top_I/clocking_reset_I/intern_or_ext_to_internal/inst/clk_in1
    MMCME2_ADV_X1Y0      MMCME2_ADV (Prop_mmcme2_adv_CLKIN1_CLKOUT1)
                                                     -3.129    20.352 r  astep24_3l_top_I/clocking_reset_I/intern_or_ext_to_internal/inst/mmcm_adv_inst/CLKOUT1
                         net (fo=1, routed)           1.581    21.933    astep24_3l_top_I/clocking_reset_I/intern_or_ext_to_internal/inst/clk_80_clk_core_extorint_40
    BUFGCTRL_X0Y6        BUFG (Prop_bufg_I_O)         0.091    22.024 r  astep24_3l_top_I/clocking_reset_I/intern_or_ext_to_internal/inst/clkout2_buf/O
                         net (fo=5288, routed)        1.445    23.469    astep24_3l_top_I/main_rfg_I/clk_80
    SLICE_X35Y48         FDRE (Prop_fdre_C_Q)         0.367    23.836 r  astep24_3l_top_I/main_rfg_I/spi_layers_ckdivider_divided_clk_reg/Q
                         net (fo=2, routed)           1.081    24.918    astep24_3l_top_I_n_27
    BUFGCTRL_X0Y7        BUFG (Prop_bufg_I_O)         0.091    25.009 r  spi_layers_ckdivider_divided_resn_delay_reg[7]_i_1/O
                         net (fo=992, routed)         1.438    26.446    astep24_3l_top_I/switched_readout/genblk1[1].layer_if_I/spi_io/CLK
    SLICE_X52Y62         FDRE                                         r  astep24_3l_top_I/switched_readout/genblk1[1].layer_if_I/spi_io/miso_byte_reg[6]/C
                         clock pessimism              0.692    27.138    
                         clock uncertainty           -0.115    27.023    
    SLICE_X52Y62         FDRE (Setup_fdre_C_D)        0.081    27.104    astep24_3l_top_I/switched_readout/genblk1[1].layer_if_I/spi_io/miso_byte_reg[6]
  -------------------------------------------------------------------
                         required time                         27.104    
                         arrival time                         -18.485    
  -------------------------------------------------------------------
                         slack                                  8.618    





Min Delay Paths
--------------------------------------------------------------------------------------
Slack (MET) :             0.050ns  (arrival time - required time)
  Source:                 astep24_3l_top_I/switched_readout/genblk1[2].layer_if_I/spi_io/m_axis_tdata_reg[4]/C
                            (rising edge-triggered cell FDRE clocked by layers_spi_divided  {rise@0.000ns fall@12.500ns period=25.000ns})
  Destination:            astep24_3l_top_I/switched_readout/genblk1[2].layer_if_I/miso_fifo/inst/gen_fifo.xpm_fifo_axis_inst/xpm_fifo_base_inst/gen_sdpram.xpm_memory_base_inst/gen_wr_a.gen_word_narrow.mem_reg/DIADI[4]
                            (rising edge-triggered cell RAMB18E1 clocked by layers_spi_divided  {rise@0.000ns fall@12.500ns period=25.000ns})
  Path Group:             layers_spi_divided
  Path Type:              Hold (Min at Fast Process Corner)
  Requirement:            0.000ns  (layers_spi_divided rise@0.000ns - layers_spi_divided rise@0.000ns)
  Data Path Delay:        0.350ns  (logic 0.128ns (36.527%)  route 0.222ns (63.473%))
  Logic Levels:           0  
  Clock Path Skew:        0.058ns (DCD - SCD - CPR)
    Destination Clock Delay (DCD):    0.767ns
    Source Clock Delay      (SCD):    0.588ns
    Clock Pessimism Removal (CPR):    0.121ns

    Location             Delay type                Incr(ns)  Path(ns)    Netlist Resource(s)
  -------------------------------------------------------------------    -------------------
                         (clock layers_spi_divided rise edge)
                                                      0.000     0.000 r  
    L17                                               0.000     0.000 r  sysclk (IN)
                         net (fo=0)                   0.000     0.000    astep24_3l_top_I/clocking_reset_I/sys_to_40/inst/clk_in1
    L17                  IBUF (Prop_ibuf_I_O)         0.244     0.244 r  astep24_3l_top_I/clocking_reset_I/sys_to_40/inst/clkin1_ibufg/O
                         net (fo=1, routed)           0.440     0.684    astep24_3l_top_I/clocking_reset_I/sys_to_40/inst/clk_in1_clk_sys_to_40
    MMCME2_ADV_X0Y0      MMCME2_ADV (Prop_mmcme2_adv_CLKIN1_CLKOUT0)
                                                     -2.362    -1.678 r  astep24_3l_top_I/clocking_reset_I/sys_to_40/inst/mmcm_adv_inst/CLKOUT0
                         net (fo=1, routed)           0.489    -1.189    astep24_3l_top_I/clocking_reset_I/sys_to_40/inst/clk_out1_clk_sys_to_40
    BUFGCTRL_X0Y10       BUFG (Prop_bufg_I_O)         0.026    -1.163 r  astep24_3l_top_I/clocking_reset_I/sys_to_40/inst/clkout1_buf/O
                         net (fo=34, routed)          0.549    -0.615    astep24_3l_top_I/clocking_reset_I/intern_or_ext_to_internal/inst/clk_in1
    MMCME2_ADV_X1Y0      MMCME2_ADV (Prop_mmcme2_adv_CLKIN1_CLKOUT1)
                                                     -1.061    -1.675 r  astep24_3l_top_I/clocking_reset_I/intern_or_ext_to_internal/inst/mmcm_adv_inst/CLKOUT1
                         net (fo=1, routed)           0.486    -1.189    astep24_3l_top_I/clocking_reset_I/intern_or_ext_to_internal/inst/clk_80_clk_core_extorint_40
    BUFGCTRL_X0Y6        BUFG (Prop_bufg_I_O)         0.026    -1.163 r  astep24_3l_top_I/clocking_reset_I/intern_or_ext_to_internal/inst/clkout2_buf/O
                         net (fo=5288, routed)        0.563    -0.601    astep24_3l_top_I/main_rfg_I/clk_80
    SLICE_X35Y48         FDRE (Prop_fdre_C_Q)         0.141    -0.460 r  astep24_3l_top_I/main_rfg_I/spi_layers_ckdivider_divided_clk_reg/Q
                         net (fo=2, routed)           0.458    -0.002    astep24_3l_top_I_n_27
    BUFGCTRL_X0Y7        BUFG (Prop_bufg_I_O)         0.026     0.024 r  spi_layers_ckdivider_divided_resn_delay_reg[7]_i_1/O
                         net (fo=992, routed)         0.564     0.588    astep24_3l_top_I/switched_readout/genblk1[2].layer_if_I/spi_io/CLK
    SLICE_X49Y53         FDRE                                         r  astep24_3l_top_I/switched_readout/genblk1[2].layer_if_I/spi_io/m_axis_tdata_reg[4]/C
  -------------------------------------------------------------------    -------------------
    SLICE_X49Y53         FDRE (Prop_fdre_C_Q)         0.128     0.716 r  astep24_3l_top_I/switched_readout/genblk1[2].layer_if_I/spi_io/m_axis_tdata_reg[4]/Q
                         net (fo=1, routed)           0.222     0.938    astep24_3l_top_I/switched_readout/genblk1[2].layer_if_I/miso_fifo/inst/gen_fifo.xpm_fifo_axis_inst/xpm_fifo_base_inst/gen_sdpram.xpm_memory_base_inst/dina[4]
    RAMB18_X1Y20         RAMB18E1                                     r  astep24_3l_top_I/switched_readout/genblk1[2].layer_if_I/miso_fifo/inst/gen_fifo.xpm_fifo_axis_inst/xpm_fifo_base_inst/gen_sdpram.xpm_memory_base_inst/gen_wr_a.gen_word_narrow.mem_reg/DIADI[4]
  -------------------------------------------------------------------    -------------------

                         (clock layers_spi_divided rise edge)
                                                      0.000     0.000 r  
    L17                                               0.000     0.000 r  sysclk (IN)
                         net (fo=0)                   0.000     0.000    astep24_3l_top_I/clocking_reset_I/sys_to_40/inst/clk_in1
    L17                  IBUF (Prop_ibuf_I_O)         0.432     0.432 r  astep24_3l_top_I/clocking_reset_I/sys_to_40/inst/clkin1_ibufg/O
                         net (fo=1, routed)           0.480     0.912    astep24_3l_top_I/clocking_reset_I/sys_to_40/inst/clk_in1_clk_sys_to_40
    MMCME2_ADV_X0Y0      MMCME2_ADV (Prop_mmcme2_adv_CLKIN1_CLKOUT0)
                                                     -3.145    -2.233 r  astep24_3l_top_I/clocking_reset_I/sys_to_40/inst/mmcm_adv_inst/CLKOUT0
                         net (fo=1, routed)           0.534    -1.700    astep24_3l_top_I/clocking_reset_I/sys_to_40/inst/clk_out1_clk_sys_to_40
    BUFGCTRL_X0Y10       BUFG (Prop_bufg_I_O)         0.029    -1.671 r  astep24_3l_top_I/clocking_reset_I/sys_to_40/inst/clkout1_buf/O
                         net (fo=34, routed)          0.817    -0.854    astep24_3l_top_I/clocking_reset_I/intern_or_ext_to_internal/inst/clk_in1
    MMCME2_ADV_X1Y0      MMCME2_ADV (Prop_mmcme2_adv_CLKIN1_CLKOUT1)
                                                     -1.375    -2.229 r  astep24_3l_top_I/clocking_reset_I/intern_or_ext_to_internal/inst/mmcm_adv_inst/CLKOUT1
                         net (fo=1, routed)           0.530    -1.700    astep24_3l_top_I/clocking_reset_I/intern_or_ext_to_internal/inst/clk_80_clk_core_extorint_40
    BUFGCTRL_X0Y6        BUFG (Prop_bufg_I_O)         0.029    -1.671 r  astep24_3l_top_I/clocking_reset_I/intern_or_ext_to_internal/inst/clkout2_buf/O
                         net (fo=5288, routed)        0.832    -0.839    astep24_3l_top_I/main_rfg_I/clk_80
    SLICE_X35Y48         FDRE (Prop_fdre_C_Q)         0.175    -0.664 r  astep24_3l_top_I/main_rfg_I/spi_layers_ckdivider_divided_clk_reg/Q
                         net (fo=2, routed)           0.526    -0.138    astep24_3l_top_I_n_27
    BUFGCTRL_X0Y7        BUFG (Prop_bufg_I_O)         0.029    -0.109 r  spi_layers_ckdivider_divided_resn_delay_reg[7]_i_1/O
                         net (fo=992, routed)         0.876     0.767    astep24_3l_top_I/switched_readout/genblk1[2].layer_if_I/miso_fifo/inst/gen_fifo.xpm_fifo_axis_inst/xpm_fifo_base_inst/gen_sdpram.xpm_memory_base_inst/clka
    RAMB18_X1Y20         RAMB18E1                                     r  astep24_3l_top_I/switched_readout/genblk1[2].layer_if_I/miso_fifo/inst/gen_fifo.xpm_fifo_axis_inst/xpm_fifo_base_inst/gen_sdpram.xpm_memory_base_inst/gen_wr_a.gen_word_narrow.mem_reg/CLKARDCLK
                         clock pessimism             -0.121     0.647    
    RAMB18_X1Y20         RAMB18E1 (Hold_ramb18e1_CLKARDCLK_DIADI[4])
                                                      0.242     0.889    astep24_3l_top_I/switched_readout/genblk1[2].layer_if_I/miso_fifo/inst/gen_fifo.xpm_fifo_axis_inst/xpm_fifo_base_inst/gen_sdpram.xpm_memory_base_inst/gen_wr_a.gen_word_narrow.mem_reg
  -------------------------------------------------------------------
                         required time                         -0.889    
                         arrival time                           0.938    
  -------------------------------------------------------------------
                         slack                                  0.050    





Pulse Width Checks
--------------------------------------------------------------------------------------
Clock Name:         layers_spi_divided
Waveform(ns):       { 0.000 12.500 }
Period(ns):         25.000
Sources:            { astep24_3l_top_I/main_rfg_I/spi_layers_ckdivider_divided_clk_reg/Q }

Check Type        Corner  Lib Pin             Reference Pin  Required(ns)  Actual(ns)  Slack(ns)  Location      Pin
Min Period        n/a     RAMB18E1/CLKARDCLK  n/a            2.576         25.000      22.424     RAMB18_X1Y13  astep24_3l_top_I/switched_readout/genblk1[0].layer_if_I/miso_fifo/inst/gen_fifo.xpm_fifo_axis_inst/xpm_fifo_base_inst/gen_sdpram.xpm_memory_base_inst/gen_wr_a.gen_word_narrow.mem_reg/CLKARDCLK
Low Pulse Width   Slow    FDCE/C              n/a            0.500         12.500      12.000     SLICE_X39Y72  astep24_3l_top_I/main_rfg_I/spi_layers_ckdivider_divided_resn_delay_reg[0]/C
High Pulse Width  Slow    FDCE/C              n/a            0.500         12.500      12.000     SLICE_X39Y72  astep24_3l_top_I/main_rfg_I/spi_layers_ckdivider_divided_resn_delay_reg[0]/C



---------------------------------------------------------------------------------------------------
From Clock:  spi_layer0_clock_internal
  To Clock:  spi_layer0_clock_internal

Setup :            0  Failing Endpoints,  Worst Slack       21.537ns,  Total Violation        0.000ns
Hold  :            0  Failing Endpoints,  Worst Slack        0.122ns,  Total Violation        0.000ns
PW    :            0  Failing Endpoints,  Worst Slack       24.500ns,  Total Violation        0.000ns
---------------------------------------------------------------------------------------------------


Max Delay Paths
--------------------------------------------------------------------------------------
Slack (MET) :             21.537ns  (required time - arrival time)
  Source:                 astep24_3l_top_I/loopback_spi_layer_0/spi_igress/m_axis_tvalid_reg/C
                            (falling edge-triggered cell FDCE clocked by spi_layer0_clock_internal  {rise@0.000ns fall@25.000ns period=50.000ns})
  Destination:            astep24_3l_top_I/loopback_spi_layer_0/spi_igress_fifo/inst/gen_fifo.xpm_fifo_axis_inst/xpm_fifo_base_inst/wrpp2_inst/count_value_i_reg[7]/D
                            (rising edge-triggered cell FDRE clocked by spi_layer0_clock_internal  {rise@0.000ns fall@25.000ns period=50.000ns})
  Path Group:             spi_layer0_clock_internal
  Path Type:              Setup (Max at Slow Process Corner)
  Requirement:            25.000ns  (spi_layer0_clock_internal rise@50.000ns - spi_layer0_clock_internal fall@25.000ns)
  Data Path Delay:        3.346ns  (logic 0.831ns (24.839%)  route 2.515ns (75.161%))
  Logic Levels:           3  (LUT4=2 LUT6=1)
  Clock Path Skew:        -0.033ns (DCD - SCD + CPR)
    Destination Clock Delay (DCD):    5.139ns = ( 55.139 - 50.000 ) 
    Source Clock Delay      (SCD):    6.624ns = ( 31.624 - 25.000 ) 
    Clock Pessimism Removal (CPR):    1.452ns
  Clock Uncertainty:      0.115ns  ((TSJ^2 + DJ^2)^1/2) / 2 + PE
    Total System Jitter     (TSJ):    0.071ns
    Discrete Jitter          (DJ):    0.220ns
    Phase Error              (PE):    0.000ns

    Location             Delay type                Incr(ns)  Path(ns)    Netlist Resource(s)
  -------------------------------------------------------------------    -------------------
                         (clock spi_layer0_clock_internal fall edge)
                                                     25.000    25.000 f  
    L17                                               0.000    25.000 r  sysclk (IN)
                         net (fo=0)                   0.000    25.000    astep24_3l_top_I/clocking_reset_I/sys_to_40/inst/clk_in1
    L17                  IBUF (Prop_ibuf_I_O)         1.476    26.476 r  astep24_3l_top_I/clocking_reset_I/sys_to_40/inst/clkin1_ibufg/O
                         net (fo=1, routed)           1.233    27.709    astep24_3l_top_I/clocking_reset_I/sys_to_40/inst/clk_in1_clk_sys_to_40
    MMCME2_ADV_X0Y0      MMCME2_ADV (Prop_mmcme2_adv_CLKIN1_CLKOUT0)
                                                     -6.965    20.744 r  astep24_3l_top_I/clocking_reset_I/sys_to_40/inst/mmcm_adv_inst/CLKOUT0
                         net (fo=1, routed)           1.666    22.411    astep24_3l_top_I/clocking_reset_I/sys_to_40/inst/clk_out1_clk_sys_to_40
    BUFGCTRL_X0Y10       BUFG (Prop_bufg_I_O)         0.096    22.507 r  astep24_3l_top_I/clocking_reset_I/sys_to_40/inst/clkout1_buf/O
                         net (fo=34, routed)          1.575    24.082    astep24_3l_top_I/clocking_reset_I/intern_or_ext_to_internal/inst/clk_in1
    MMCME2_ADV_X1Y0      MMCME2_ADV (Prop_mmcme2_adv_CLKIN1_CLKOUT1)
                                                     -3.333    20.749 r  astep24_3l_top_I/clocking_reset_I/intern_or_ext_to_internal/inst/mmcm_adv_inst/CLKOUT1
                         net (fo=1, routed)           1.661    22.411    astep24_3l_top_I/clocking_reset_I/intern_or_ext_to_internal/inst/clk_80_clk_core_extorint_40
    BUFGCTRL_X0Y6        BUFG (Prop_bufg_I_O)         0.096    22.507 r  astep24_3l_top_I/clocking_reset_I/intern_or_ext_to_internal/inst/clkout2_buf/O
                         net (fo=5288, routed)        1.565    24.072    astep24_3l_top_I/main_rfg_I/clk_80
    SLICE_X35Y48         FDRE (Prop_fdre_C_Q)         0.456    24.528 r  astep24_3l_top_I/main_rfg_I/spi_layers_ckdivider_divided_clk_reg/Q
                         net (fo=2, routed)           1.247    25.775    astep24_3l_top_I_n_27
    BUFGCTRL_X0Y7        BUFG (Prop_bufg_I_O)         0.096    25.871 r  spi_layers_ckdivider_divided_resn_delay_reg[7]_i_1/O
                         net (fo=992, routed)         1.536    27.407    astep24_3l_top_I/switched_readout/genblk1[0].layer_if_I/spi_io/CLK
    SLICE_X37Y72         FDRE (Prop_fdre_C_Q)         0.456    27.863 f  astep24_3l_top_I/switched_readout/genblk1[0].layer_if_I/spi_io/spi_clk_reg_reg/Q
                         net (fo=2, routed)           2.124    29.987    layer_0_spi_clk_OBUF
    BUFGCTRL_X0Y2        BUFG (Prop_bufg_I_O)         0.096    30.083 f  layer_0_spi_clk_OBUF_BUFG_inst/O
                         net (fo=232, routed)         1.541    31.624    astep24_3l_top_I/loopback_spi_layer_0/spi_igress/m_axis_tvalid_reg_0
    SLICE_X47Y78         FDCE                                         r  astep24_3l_top_I/loopback_spi_layer_0/spi_igress/m_axis_tvalid_reg/C  (IS_INVERTED)
  -------------------------------------------------------------------    -------------------
    SLICE_X47Y78         FDCE (Prop_fdce_C_Q)         0.459    32.083 r  astep24_3l_top_I/loopback_spi_layer_0/spi_igress/m_axis_tvalid_reg/Q
                         net (fo=3, routed)           1.073    33.156    astep24_3l_top_I/loopback_spi_layer_0/spi_igress_fifo/inst/gen_fifo.xpm_fifo_axis_inst/xpm_fifo_base_inst/rst_d1_inst/wr_en
    SLICE_X49Y77         LUT4 (Prop_lut4_I0_O)        0.124    33.280 f  astep24_3l_top_I/loopback_spi_layer_0/spi_igress_fifo/inst/gen_fifo.xpm_fifo_axis_inst/xpm_fifo_base_inst/rst_d1_inst/gen_pf_ic_rc.gen_full_rst_val.ram_full_n_i_2/O
                         net (fo=12, routed)          0.496    33.777    astep24_3l_top_I/loopback_spi_layer_0/spi_igress_fifo/inst/gen_fifo.xpm_fifo_axis_inst/xpm_fifo_base_inst/wrpp2_inst/count_value_i_reg[4]_0
    SLICE_X53Y78         LUT6 (Prop_lut6_I3_O)        0.124    33.901 r  astep24_3l_top_I/loopback_spi_layer_0/spi_igress_fifo/inst/gen_fifo.xpm_fifo_axis_inst/xpm_fifo_base_inst/wrpp2_inst/count_value_i[8]_i_2__0/O
                         net (fo=4, routed)           0.945    34.846    astep24_3l_top_I/loopback_spi_layer_0/spi_igress_fifo/inst/gen_fifo.xpm_fifo_axis_inst/xpm_fifo_base_inst/wrpp2_inst/count_value_i[8]_i_2__0_n_0
    SLICE_X53Y78         LUT4 (Prop_lut4_I0_O)        0.124    34.970 r  astep24_3l_top_I/loopback_spi_layer_0/spi_igress_fifo/inst/gen_fifo.xpm_fifo_axis_inst/xpm_fifo_base_inst/wrpp2_inst/count_value_i[7]_i_1__1/O
                         net (fo=1, routed)           0.000    34.970    astep24_3l_top_I/loopback_spi_layer_0/spi_igress_fifo/inst/gen_fifo.xpm_fifo_axis_inst/xpm_fifo_base_inst/wrpp2_inst/count_value_i[7]_i_1__1_n_0
    SLICE_X53Y78         FDRE                                         r  astep24_3l_top_I/loopback_spi_layer_0/spi_igress_fifo/inst/gen_fifo.xpm_fifo_axis_inst/xpm_fifo_base_inst/wrpp2_inst/count_value_i_reg[7]/D
  -------------------------------------------------------------------    -------------------

                         (clock spi_layer0_clock_internal rise edge)
                                                     50.000    50.000 r  
    L17                                               0.000    50.000 r  sysclk (IN)
                         net (fo=0)                   0.000    50.000    astep24_3l_top_I/clocking_reset_I/sys_to_40/inst/clk_in1
    L17                  IBUF (Prop_ibuf_I_O)         1.406    51.405 r  astep24_3l_top_I/clocking_reset_I/sys_to_40/inst/clkin1_ibufg/O
                         net (fo=1, routed)           1.162    52.567    astep24_3l_top_I/clocking_reset_I/sys_to_40/inst/clk_in1_clk_sys_to_40
    MMCME2_ADV_X0Y0      MMCME2_ADV (Prop_mmcme2_adv_CLKIN1_CLKOUT0)
                                                     -7.221    45.346 r  astep24_3l_top_I/clocking_reset_I/sys_to_40/inst/mmcm_adv_inst/CLKOUT0
                         net (fo=1, routed)           1.587    46.933    astep24_3l_top_I/clocking_reset_I/sys_to_40/inst/clk_out1_clk_sys_to_40
    BUFGCTRL_X0Y10       BUFG (Prop_bufg_I_O)         0.091    47.024 r  astep24_3l_top_I/clocking_reset_I/sys_to_40/inst/clkout1_buf/O
                         net (fo=34, routed)          1.457    48.481    astep24_3l_top_I/clocking_reset_I/intern_or_ext_to_internal/inst/clk_in1
    MMCME2_ADV_X1Y0      MMCME2_ADV (Prop_mmcme2_adv_CLKIN1_CLKOUT1)
                                                     -3.129    45.352 r  astep24_3l_top_I/clocking_reset_I/intern_or_ext_to_internal/inst/mmcm_adv_inst/CLKOUT1
                         net (fo=1, routed)           1.581    46.933    astep24_3l_top_I/clocking_reset_I/intern_or_ext_to_internal/inst/clk_80_clk_core_extorint_40
    BUFGCTRL_X0Y6        BUFG (Prop_bufg_I_O)         0.091    47.024 r  astep24_3l_top_I/clocking_reset_I/intern_or_ext_to_internal/inst/clkout2_buf/O
                         net (fo=5288, routed)        1.445    48.469    astep24_3l_top_I/main_rfg_I/clk_80
    SLICE_X35Y48         FDRE (Prop_fdre_C_Q)         0.367    48.836 r  astep24_3l_top_I/main_rfg_I/spi_layers_ckdivider_divided_clk_reg/Q
                         net (fo=2, routed)           1.081    49.917    astep24_3l_top_I_n_27
    BUFGCTRL_X0Y7        BUFG (Prop_bufg_I_O)         0.091    50.008 r  spi_layers_ckdivider_divided_resn_delay_reg[7]_i_1/O
                         net (fo=992, routed)         1.421    51.429    astep24_3l_top_I/switched_readout/genblk1[0].layer_if_I/spi_io/CLK
    SLICE_X37Y72         FDRE (Prop_fdre_C_Q)         0.367    51.796 r  astep24_3l_top_I/switched_readout/genblk1[0].layer_if_I/spi_io/spi_clk_reg_reg/Q
                         net (fo=2, routed)           1.822    53.618    layer_0_spi_clk_OBUF
    BUFGCTRL_X0Y2        BUFG (Prop_bufg_I_O)         0.091    53.709 r  layer_0_spi_clk_OBUF_BUFG_inst/O
                         net (fo=232, routed)         1.430    55.139    astep24_3l_top_I/loopback_spi_layer_0/spi_igress_fifo/inst/gen_fifo.xpm_fifo_axis_inst/xpm_fifo_base_inst/wrpp2_inst/wr_clk
    SLICE_X53Y78         FDRE                                         r  astep24_3l_top_I/loopback_spi_layer_0/spi_igress_fifo/inst/gen_fifo.xpm_fifo_axis_inst/xpm_fifo_base_inst/wrpp2_inst/count_value_i_reg[7]/C
                         clock pessimism              1.452    56.591    
                         clock uncertainty           -0.115    56.476    
    SLICE_X53Y78         FDRE (Setup_fdre_C_D)        0.031    56.507    astep24_3l_top_I/loopback_spi_layer_0/spi_igress_fifo/inst/gen_fifo.xpm_fifo_axis_inst/xpm_fifo_base_inst/wrpp2_inst/count_value_i_reg[7]
  -------------------------------------------------------------------
                         required time                         56.507    
                         arrival time                         -34.970    
  -------------------------------------------------------------------
                         slack                                 21.537    





Min Delay Paths
--------------------------------------------------------------------------------------
Slack (MET) :             0.122ns  (arrival time - required time)
  Source:                 astep24_3l_top_I/loopback_spi_layer_0/spi_igress_fifo/inst/gen_fifo.xpm_fifo_axis_inst/xpm_fifo_base_inst/gen_cdc_pntr.rd_pntr_cdc_inst/dest_graysync_ff_reg[0][8]/C
                            (rising edge-triggered cell FDRE clocked by spi_layer0_clock_internal  {rise@0.000ns fall@25.000ns period=50.000ns})
  Destination:            astep24_3l_top_I/loopback_spi_layer_0/spi_igress_fifo/inst/gen_fifo.xpm_fifo_axis_inst/xpm_fifo_base_inst/gen_cdc_pntr.rd_pntr_cdc_inst/dest_graysync_ff_reg[1][8]/D
                            (rising edge-triggered cell FDRE clocked by spi_layer0_clock_internal  {rise@0.000ns fall@25.000ns period=50.000ns})
  Path Group:             spi_layer0_clock_internal
  Path Type:              Hold (Min at Fast Process Corner)
  Requirement:            0.000ns  (spi_layer0_clock_internal rise@0.000ns - spi_layer0_clock_internal rise@0.000ns)
  Data Path Delay:        0.197ns  (logic 0.141ns (71.611%)  route 0.056ns (28.389%))
  Logic Levels:           0  
  Clock Path Skew:        0.000ns (DCD - SCD - CPR)
    Destination Clock Delay (DCD):    2.712ns
    Source Clock Delay      (SCD):    2.146ns
    Clock Pessimism Removal (CPR):    0.566ns

    Location             Delay type                Incr(ns)  Path(ns)    Netlist Resource(s)
  -------------------------------------------------------------------    -------------------
                         (clock spi_layer0_clock_internal rise edge)
                                                      0.000     0.000 r  
    L17                                               0.000     0.000 r  sysclk (IN)
                         net (fo=0)                   0.000     0.000    astep24_3l_top_I/clocking_reset_I/sys_to_40/inst/clk_in1
    L17                  IBUF (Prop_ibuf_I_O)         0.244     0.244 r  astep24_3l_top_I/clocking_reset_I/sys_to_40/inst/clkin1_ibufg/O
                         net (fo=1, routed)           0.440     0.684    astep24_3l_top_I/clocking_reset_I/sys_to_40/inst/clk_in1_clk_sys_to_40
    MMCME2_ADV_X0Y0      MMCME2_ADV (Prop_mmcme2_adv_CLKIN1_CLKOUT0)
                                                     -2.362    -1.678 r  astep24_3l_top_I/clocking_reset_I/sys_to_40/inst/mmcm_adv_inst/CLKOUT0
                         net (fo=1, routed)           0.489    -1.189    astep24_3l_top_I/clocking_reset_I/sys_to_40/inst/clk_out1_clk_sys_to_40
    BUFGCTRL_X0Y10       BUFG (Prop_bufg_I_O)         0.026    -1.163 r  astep24_3l_top_I/clocking_reset_I/sys_to_40/inst/clkout1_buf/O
                         net (fo=34, routed)          0.549    -0.615    astep24_3l_top_I/clocking_reset_I/intern_or_ext_to_internal/inst/clk_in1
    MMCME2_ADV_X1Y0      MMCME2_ADV (Prop_mmcme2_adv_CLKIN1_CLKOUT1)
                                                     -1.061    -1.675 r  astep24_3l_top_I/clocking_reset_I/intern_or_ext_to_internal/inst/mmcm_adv_inst/CLKOUT1
                         net (fo=1, routed)           0.486    -1.189    astep24_3l_top_I/clocking_reset_I/intern_or_ext_to_internal/inst/clk_80_clk_core_extorint_40
    BUFGCTRL_X0Y6        BUFG (Prop_bufg_I_O)         0.026    -1.163 r  astep24_3l_top_I/clocking_reset_I/intern_or_ext_to_internal/inst/clkout2_buf/O
                         net (fo=5288, routed)        0.563    -0.601    astep24_3l_top_I/main_rfg_I/clk_80
    SLICE_X35Y48         FDRE (Prop_fdre_C_Q)         0.141    -0.460 r  astep24_3l_top_I/main_rfg_I/spi_layers_ckdivider_divided_clk_reg/Q
                         net (fo=2, routed)           0.458    -0.002    astep24_3l_top_I_n_27
    BUFGCTRL_X0Y7        BUFG (Prop_bufg_I_O)         0.026     0.024 r  spi_layers_ckdivider_divided_resn_delay_reg[7]_i_1/O
                         net (fo=992, routed)         0.551     0.575    astep24_3l_top_I/switched_readout/genblk1[0].layer_if_I/spi_io/CLK
    SLICE_X37Y72         FDRE (Prop_fdre_C_Q)         0.141     0.716 r  astep24_3l_top_I/switched_readout/genblk1[0].layer_if_I/spi_io/spi_clk_reg_reg/Q
                         net (fo=2, routed)           0.852     1.568    layer_0_spi_clk_OBUF
    BUFGCTRL_X0Y2        BUFG (Prop_bufg_I_O)         0.026     1.594 r  layer_0_spi_clk_OBUF_BUFG_inst/O
                         net (fo=232, routed)         0.552     2.146    astep24_3l_top_I/loopback_spi_layer_0/spi_igress_fifo/inst/gen_fifo.xpm_fifo_axis_inst/xpm_fifo_base_inst/gen_cdc_pntr.rd_pntr_cdc_inst/dest_clk
    SLICE_X51Y76         FDRE                                         r  astep24_3l_top_I/loopback_spi_layer_0/spi_igress_fifo/inst/gen_fifo.xpm_fifo_axis_inst/xpm_fifo_base_inst/gen_cdc_pntr.rd_pntr_cdc_inst/dest_graysync_ff_reg[0][8]/C
  -------------------------------------------------------------------    -------------------
    SLICE_X51Y76         FDRE (Prop_fdre_C_Q)         0.141     2.287 r  astep24_3l_top_I/loopback_spi_layer_0/spi_igress_fifo/inst/gen_fifo.xpm_fifo_axis_inst/xpm_fifo_base_inst/gen_cdc_pntr.rd_pntr_cdc_inst/dest_graysync_ff_reg[0][8]/Q
                         net (fo=1, routed)           0.056     2.342    astep24_3l_top_I/loopback_spi_layer_0/spi_igress_fifo/inst/gen_fifo.xpm_fifo_axis_inst/xpm_fifo_base_inst/gen_cdc_pntr.rd_pntr_cdc_inst/dest_graysync_ff[0][8]
    SLICE_X51Y76         FDRE                                         r  astep24_3l_top_I/loopback_spi_layer_0/spi_igress_fifo/inst/gen_fifo.xpm_fifo_axis_inst/xpm_fifo_base_inst/gen_cdc_pntr.rd_pntr_cdc_inst/dest_graysync_ff_reg[1][8]/D
  -------------------------------------------------------------------    -------------------

                         (clock spi_layer0_clock_internal rise edge)
                                                      0.000     0.000 r  
    L17                                               0.000     0.000 r  sysclk (IN)
                         net (fo=0)                   0.000     0.000    astep24_3l_top_I/clocking_reset_I/sys_to_40/inst/clk_in1
    L17                  IBUF (Prop_ibuf_I_O)         0.432     0.432 r  astep24_3l_top_I/clocking_reset_I/sys_to_40/inst/clkin1_ibufg/O
                         net (fo=1, routed)           0.480     0.912    astep24_3l_top_I/clocking_reset_I/sys_to_40/inst/clk_in1_clk_sys_to_40
    MMCME2_ADV_X0Y0      MMCME2_ADV (Prop_mmcme2_adv_CLKIN1_CLKOUT0)
                                                     -3.145    -2.233 r  astep24_3l_top_I/clocking_reset_I/sys_to_40/inst/mmcm_adv_inst/CLKOUT0
                         net (fo=1, routed)           0.534    -1.700    astep24_3l_top_I/clocking_reset_I/sys_to_40/inst/clk_out1_clk_sys_to_40
    BUFGCTRL_X0Y10       BUFG (Prop_bufg_I_O)         0.029    -1.671 r  astep24_3l_top_I/clocking_reset_I/sys_to_40/inst/clkout1_buf/O
                         net (fo=34, routed)          0.817    -0.854    astep24_3l_top_I/clocking_reset_I/intern_or_ext_to_internal/inst/clk_in1
    MMCME2_ADV_X1Y0      MMCME2_ADV (Prop_mmcme2_adv_CLKIN1_CLKOUT1)
                                                     -1.375    -2.229 r  astep24_3l_top_I/clocking_reset_I/intern_or_ext_to_internal/inst/mmcm_adv_inst/CLKOUT1
                         net (fo=1, routed)           0.530    -1.700    astep24_3l_top_I/clocking_reset_I/intern_or_ext_to_internal/inst/clk_80_clk_core_extorint_40
    BUFGCTRL_X0Y6        BUFG (Prop_bufg_I_O)         0.029    -1.671 r  astep24_3l_top_I/clocking_reset_I/intern_or_ext_to_internal/inst/clkout2_buf/O
                         net (fo=5288, routed)        0.832    -0.839    astep24_3l_top_I/main_rfg_I/clk_80
    SLICE_X35Y48         FDRE (Prop_fdre_C_Q)         0.175    -0.664 r  astep24_3l_top_I/main_rfg_I/spi_layers_ckdivider_divided_clk_reg/Q
                         net (fo=2, routed)           0.526    -0.138    astep24_3l_top_I_n_27
    BUFGCTRL_X0Y7        BUFG (Prop_bufg_I_O)         0.029    -0.109 r  spi_layers_ckdivider_divided_resn_delay_reg[7]_i_1/O
                         net (fo=992, routed)         0.816     0.708    astep24_3l_top_I/switched_readout/genblk1[0].layer_if_I/spi_io/CLK
    SLICE_X37Y72         FDRE (Prop_fdre_C_Q)         0.175     0.883 r  astep24_3l_top_I/switched_readout/genblk1[0].layer_if_I/spi_io/spi_clk_reg_reg/Q
                         net (fo=2, routed)           0.981     1.863    layer_0_spi_clk_OBUF
    BUFGCTRL_X0Y2        BUFG (Prop_bufg_I_O)         0.029     1.892 r  layer_0_spi_clk_OBUF_BUFG_inst/O
                         net (fo=232, routed)         0.819     2.712    astep24_3l_top_I/loopback_spi_layer_0/spi_igress_fifo/inst/gen_fifo.xpm_fifo_axis_inst/xpm_fifo_base_inst/gen_cdc_pntr.rd_pntr_cdc_inst/dest_clk
    SLICE_X51Y76         FDRE                                         r  astep24_3l_top_I/loopback_spi_layer_0/spi_igress_fifo/inst/gen_fifo.xpm_fifo_axis_inst/xpm_fifo_base_inst/gen_cdc_pntr.rd_pntr_cdc_inst/dest_graysync_ff_reg[1][8]/C
                         clock pessimism             -0.566     2.146    
    SLICE_X51Y76         FDRE (Hold_fdre_C_D)         0.075     2.221    astep24_3l_top_I/loopback_spi_layer_0/spi_igress_fifo/inst/gen_fifo.xpm_fifo_axis_inst/xpm_fifo_base_inst/gen_cdc_pntr.rd_pntr_cdc_inst/dest_graysync_ff_reg[1][8]
  -------------------------------------------------------------------
                         required time                         -2.221    
                         arrival time                           2.342    
  -------------------------------------------------------------------
                         slack                                  0.122    





Pulse Width Checks
--------------------------------------------------------------------------------------
Clock Name:         spi_layer0_clock_internal
Waveform(ns):       { 0.000 25.000 }
Period(ns):         50.000
Sources:            { astep24_3l_top_I/switched_readout/genblk1[0].layer_if_I/spi_io/spi_clk_reg_reg/Q }

Check Type        Corner  Lib Pin             Reference Pin  Required(ns)  Actual(ns)  Slack(ns)  Location      Pin
Min Period        n/a     RAMB18E1/CLKBWRCLK  n/a            2.576         50.000      47.424     RAMB18_X2Y30  astep24_3l_top_I/loopback_spi_layer_0/miso_fifo/inst/gen_fifo.xpm_fifo_axis_inst/xpm_fifo_base_inst/gen_sdpram.xpm_memory_base_inst/gen_wr_a.gen_word_narrow.mem_reg/CLKBWRCLK
Low Pulse Width   Slow    FDRE/C              n/a            0.500         25.000      24.500     SLICE_X60Y75  astep24_3l_top_I/loopback_spi_layer_0/miso_fifo/inst/gen_fifo.xpm_fifo_axis_inst/xpm_fifo_base_inst/FSM_sequential_gen_fwft.curr_fwft_state_reg[0]/C
High Pulse Width  Slow    FDRE/C              n/a            0.500         25.000      24.500     SLICE_X60Y75  astep24_3l_top_I/loopback_spi_layer_0/miso_fifo/inst/gen_fifo.xpm_fifo_axis_inst/xpm_fifo_base_inst/FSM_sequential_gen_fwft.curr_fwft_state_reg[0]/C



---------------------------------------------------------------------------------------------------
From Clock:  spi_layer1_clock_internal
  To Clock:  spi_layer1_clock_internal

Setup :            0  Failing Endpoints,  Worst Slack       21.351ns,  Total Violation        0.000ns
Hold  :            0  Failing Endpoints,  Worst Slack        0.122ns,  Total Violation        0.000ns
PW    :            0  Failing Endpoints,  Worst Slack       24.500ns,  Total Violation        0.000ns
---------------------------------------------------------------------------------------------------


Max Delay Paths
--------------------------------------------------------------------------------------
Slack (MET) :             21.351ns  (required time - arrival time)
  Source:                 astep24_3l_top_I/loopback_spi_layer_1/spi_igress/m_axis_tvalid_reg/C
                            (falling edge-triggered cell FDCE clocked by spi_layer1_clock_internal  {rise@0.000ns fall@25.000ns period=50.000ns})
  Destination:            astep24_3l_top_I/loopback_spi_layer_1/spi_igress_fifo/inst/gen_fifo.xpm_fifo_axis_inst/xpm_fifo_base_inst/wrpp2_inst/count_value_i_reg[5]/D
                            (rising edge-triggered cell FDRE clocked by spi_layer1_clock_internal  {rise@0.000ns fall@25.000ns period=50.000ns})
  Path Group:             spi_layer1_clock_internal
  Path Type:              Setup (Max at Slow Process Corner)
  Requirement:            25.000ns  (spi_layer1_clock_internal rise@50.000ns - spi_layer1_clock_internal fall@25.000ns)
  Data Path Delay:        3.539ns  (logic 0.831ns (23.482%)  route 2.708ns (76.518%))
  Logic Levels:           3  (LUT2=1 LUT4=1 LUT6=1)
  Clock Path Skew:        -0.026ns (DCD - SCD + CPR)
    Destination Clock Delay (DCD):    4.829ns = ( 54.829 - 50.000 ) 
    Source Clock Delay      (SCD):    6.226ns = ( 31.226 - 25.000 ) 
    Clock Pessimism Removal (CPR):    1.371ns
  Clock Uncertainty:      0.115ns  ((TSJ^2 + DJ^2)^1/2) / 2 + PE
    Total System Jitter     (TSJ):    0.071ns
    Discrete Jitter          (DJ):    0.220ns
    Phase Error              (PE):    0.000ns

    Location             Delay type                Incr(ns)  Path(ns)    Netlist Resource(s)
  -------------------------------------------------------------------    -------------------
                         (clock spi_layer1_clock_internal fall edge)
                                                     25.000    25.000 f  
    L17                                               0.000    25.000 r  sysclk (IN)
                         net (fo=0)                   0.000    25.000    astep24_3l_top_I/clocking_reset_I/sys_to_40/inst/clk_in1
    L17                  IBUF (Prop_ibuf_I_O)         1.476    26.476 r  astep24_3l_top_I/clocking_reset_I/sys_to_40/inst/clkin1_ibufg/O
                         net (fo=1, routed)           1.233    27.709    astep24_3l_top_I/clocking_reset_I/sys_to_40/inst/clk_in1_clk_sys_to_40
    MMCME2_ADV_X0Y0      MMCME2_ADV (Prop_mmcme2_adv_CLKIN1_CLKOUT0)
                                                     -6.965    20.744 r  astep24_3l_top_I/clocking_reset_I/sys_to_40/inst/mmcm_adv_inst/CLKOUT0
                         net (fo=1, routed)           1.666    22.411    astep24_3l_top_I/clocking_reset_I/sys_to_40/inst/clk_out1_clk_sys_to_40
    BUFGCTRL_X0Y10       BUFG (Prop_bufg_I_O)         0.096    22.507 r  astep24_3l_top_I/clocking_reset_I/sys_to_40/inst/clkout1_buf/O
                         net (fo=34, routed)          1.575    24.082    astep24_3l_top_I/clocking_reset_I/intern_or_ext_to_internal/inst/clk_in1
    MMCME2_ADV_X1Y0      MMCME2_ADV (Prop_mmcme2_adv_CLKIN1_CLKOUT1)
                                                     -3.333    20.749 r  astep24_3l_top_I/clocking_reset_I/intern_or_ext_to_internal/inst/mmcm_adv_inst/CLKOUT1
                         net (fo=1, routed)           1.661    22.411    astep24_3l_top_I/clocking_reset_I/intern_or_ext_to_internal/inst/clk_80_clk_core_extorint_40
    BUFGCTRL_X0Y6        BUFG (Prop_bufg_I_O)         0.096    22.507 r  astep24_3l_top_I/clocking_reset_I/intern_or_ext_to_internal/inst/clkout2_buf/O
                         net (fo=5288, routed)        1.565    24.072    astep24_3l_top_I/main_rfg_I/clk_80
    SLICE_X35Y48         FDRE (Prop_fdre_C_Q)         0.456    24.528 r  astep24_3l_top_I/main_rfg_I/spi_layers_ckdivider_divided_clk_reg/Q
                         net (fo=2, routed)           1.247    25.775    astep24_3l_top_I_n_27
    BUFGCTRL_X0Y7        BUFG (Prop_bufg_I_O)         0.096    25.871 r  spi_layers_ckdivider_divided_resn_delay_reg[7]_i_1/O
                         net (fo=992, routed)         1.550    27.421    astep24_3l_top_I/switched_readout/genblk1[1].layer_if_I/spi_io/CLK
    SLICE_X44Y64         FDRE (Prop_fdre_C_Q)         0.456    27.877 f  astep24_3l_top_I/switched_readout/genblk1[1].layer_if_I/spi_io/spi_clk_reg_reg/Q
                         net (fo=2, routed)           1.704    29.581    layer_1_spi_clk_OBUF
    BUFGCTRL_X0Y3        BUFG (Prop_bufg_I_O)         0.096    29.677 f  layer_1_spi_clk_OBUF_BUFG_inst/O
                         net (fo=232, routed)         1.549    31.226    astep24_3l_top_I/loopback_spi_layer_1/spi_igress/m_axis_tvalid_reg_0
    SLICE_X49Y67         FDCE                                         r  astep24_3l_top_I/loopback_spi_layer_1/spi_igress/m_axis_tvalid_reg/C  (IS_INVERTED)
  -------------------------------------------------------------------    -------------------
    SLICE_X49Y67         FDCE (Prop_fdce_C_Q)         0.459    31.685 r  astep24_3l_top_I/loopback_spi_layer_1/spi_igress/m_axis_tvalid_reg/Q
                         net (fo=3, routed)           0.857    32.542    astep24_3l_top_I/loopback_spi_layer_1/spi_igress_fifo/inst/gen_fifo.xpm_fifo_axis_inst/xpm_fifo_base_inst/rst_d1_inst/wr_en
    SLICE_X48Y67         LUT4 (Prop_lut4_I0_O)        0.124    32.666 f  astep24_3l_top_I/loopback_spi_layer_1/spi_igress_fifo/inst/gen_fifo.xpm_fifo_axis_inst/xpm_fifo_base_inst/rst_d1_inst/gen_pf_ic_rc.gen_full_rst_val.ram_full_n_i_2/O
                         net (fo=12, routed)          1.002    33.668    astep24_3l_top_I/loopback_spi_layer_1/spi_igress_fifo/inst/gen_fifo.xpm_fifo_axis_inst/xpm_fifo_base_inst/wrpp2_inst/count_value_i_reg[4]_0
    SLICE_X50Y68         LUT6 (Prop_lut6_I3_O)        0.124    33.792 r  astep24_3l_top_I/loopback_spi_layer_1/spi_igress_fifo/inst/gen_fifo.xpm_fifo_axis_inst/xpm_fifo_base_inst/wrpp2_inst/count_value_i[8]_i_2__0/O
                         net (fo=4, routed)           0.849    34.641    astep24_3l_top_I/loopback_spi_layer_1/spi_igress_fifo/inst/gen_fifo.xpm_fifo_axis_inst/xpm_fifo_base_inst/wrpp2_inst/count_value_i[8]_i_2__0_n_0
    SLICE_X48Y68         LUT2 (Prop_lut2_I0_O)        0.124    34.765 r  astep24_3l_top_I/loopback_spi_layer_1/spi_igress_fifo/inst/gen_fifo.xpm_fifo_axis_inst/xpm_fifo_base_inst/wrpp2_inst/count_value_i[5]_i_1__1/O
                         net (fo=1, routed)           0.000    34.765    astep24_3l_top_I/loopback_spi_layer_1/spi_igress_fifo/inst/gen_fifo.xpm_fifo_axis_inst/xpm_fifo_base_inst/wrpp2_inst/count_value_i[5]_i_1__1_n_0
    SLICE_X48Y68         FDRE                                         r  astep24_3l_top_I/loopback_spi_layer_1/spi_igress_fifo/inst/gen_fifo.xpm_fifo_axis_inst/xpm_fifo_base_inst/wrpp2_inst/count_value_i_reg[5]/D
  -------------------------------------------------------------------    -------------------

                         (clock spi_layer1_clock_internal rise edge)
                                                     50.000    50.000 r  
    L17                                               0.000    50.000 r  sysclk (IN)
                         net (fo=0)                   0.000    50.000    astep24_3l_top_I/clocking_reset_I/sys_to_40/inst/clk_in1
    L17                  IBUF (Prop_ibuf_I_O)         1.406    51.405 r  astep24_3l_top_I/clocking_reset_I/sys_to_40/inst/clkin1_ibufg/O
                         net (fo=1, routed)           1.162    52.567    astep24_3l_top_I/clocking_reset_I/sys_to_40/inst/clk_in1_clk_sys_to_40
    MMCME2_ADV_X0Y0      MMCME2_ADV (Prop_mmcme2_adv_CLKIN1_CLKOUT0)
                                                     -7.221    45.346 r  astep24_3l_top_I/clocking_reset_I/sys_to_40/inst/mmcm_adv_inst/CLKOUT0
                         net (fo=1, routed)           1.587    46.933    astep24_3l_top_I/clocking_reset_I/sys_to_40/inst/clk_out1_clk_sys_to_40
    BUFGCTRL_X0Y10       BUFG (Prop_bufg_I_O)         0.091    47.024 r  astep24_3l_top_I/clocking_reset_I/sys_to_40/inst/clkout1_buf/O
                         net (fo=34, routed)          1.457    48.481    astep24_3l_top_I/clocking_reset_I/intern_or_ext_to_internal/inst/clk_in1
    MMCME2_ADV_X1Y0      MMCME2_ADV (Prop_mmcme2_adv_CLKIN1_CLKOUT1)
                                                     -3.129    45.352 r  astep24_3l_top_I/clocking_reset_I/intern_or_ext_to_internal/inst/mmcm_adv_inst/CLKOUT1
                         net (fo=1, routed)           1.581    46.933    astep24_3l_top_I/clocking_reset_I/intern_or_ext_to_internal/inst/clk_80_clk_core_extorint_40
    BUFGCTRL_X0Y6        BUFG (Prop_bufg_I_O)         0.091    47.024 r  astep24_3l_top_I/clocking_reset_I/intern_or_ext_to_internal/inst/clkout2_buf/O
                         net (fo=5288, routed)        1.445    48.469    astep24_3l_top_I/main_rfg_I/clk_80
    SLICE_X35Y48         FDRE (Prop_fdre_C_Q)         0.367    48.836 r  astep24_3l_top_I/main_rfg_I/spi_layers_ckdivider_divided_clk_reg/Q
                         net (fo=2, routed)           1.081    49.917    astep24_3l_top_I_n_27
    BUFGCTRL_X0Y7        BUFG (Prop_bufg_I_O)         0.091    50.008 r  spi_layers_ckdivider_divided_resn_delay_reg[7]_i_1/O
                         net (fo=992, routed)         1.433    51.441    astep24_3l_top_I/switched_readout/genblk1[1].layer_if_I/spi_io/CLK
    SLICE_X44Y64         FDRE (Prop_fdre_C_Q)         0.367    51.808 r  astep24_3l_top_I/switched_readout/genblk1[1].layer_if_I/spi_io/spi_clk_reg_reg/Q
                         net (fo=2, routed)           1.499    53.307    layer_1_spi_clk_OBUF
    BUFGCTRL_X0Y3        BUFG (Prop_bufg_I_O)         0.091    53.398 r  layer_1_spi_clk_OBUF_BUFG_inst/O
                         net (fo=232, routed)         1.431    54.829    astep24_3l_top_I/loopback_spi_layer_1/spi_igress_fifo/inst/gen_fifo.xpm_fifo_axis_inst/xpm_fifo_base_inst/wrpp2_inst/wr_clk
    SLICE_X48Y68         FDRE                                         r  astep24_3l_top_I/loopback_spi_layer_1/spi_igress_fifo/inst/gen_fifo.xpm_fifo_axis_inst/xpm_fifo_base_inst/wrpp2_inst/count_value_i_reg[5]/C
                         clock pessimism              1.371    56.200    
                         clock uncertainty           -0.115    56.085    
    SLICE_X48Y68         FDRE (Setup_fdre_C_D)        0.031    56.116    astep24_3l_top_I/loopback_spi_layer_1/spi_igress_fifo/inst/gen_fifo.xpm_fifo_axis_inst/xpm_fifo_base_inst/wrpp2_inst/count_value_i_reg[5]
  -------------------------------------------------------------------
                         required time                         56.116    
                         arrival time                         -34.765    
  -------------------------------------------------------------------
                         slack                                 21.351    





Min Delay Paths
--------------------------------------------------------------------------------------
Slack (MET) :             0.122ns  (arrival time - required time)
  Source:                 astep24_3l_top_I/loopback_spi_layer_1/miso_fifo/inst/gen_fifo.xpm_fifo_axis_inst/xpm_fifo_base_inst/gen_cdc_pntr.wr_pntr_cdc_inst/dest_graysync_ff_reg[0][0]/C
                            (rising edge-triggered cell FDRE clocked by spi_layer1_clock_internal  {rise@0.000ns fall@25.000ns period=50.000ns})
  Destination:            astep24_3l_top_I/loopback_spi_layer_1/miso_fifo/inst/gen_fifo.xpm_fifo_axis_inst/xpm_fifo_base_inst/gen_cdc_pntr.wr_pntr_cdc_inst/dest_graysync_ff_reg[1][0]/D
                            (rising edge-triggered cell FDRE clocked by spi_layer1_clock_internal  {rise@0.000ns fall@25.000ns period=50.000ns})
  Path Group:             spi_layer1_clock_internal
  Path Type:              Hold (Min at Fast Process Corner)
  Requirement:            0.000ns  (spi_layer1_clock_internal rise@0.000ns - spi_layer1_clock_internal rise@0.000ns)
  Data Path Delay:        0.197ns  (logic 0.141ns (71.611%)  route 0.056ns (28.389%))
  Logic Levels:           0  
  Clock Path Skew:        0.000ns (DCD - SCD - CPR)
    Destination Clock Delay (DCD):    2.646ns
    Source Clock Delay      (SCD):    2.113ns
    Clock Pessimism Removal (CPR):    0.533ns

    Location             Delay type                Incr(ns)  Path(ns)    Netlist Resource(s)
  -------------------------------------------------------------------    -------------------
                         (clock spi_layer1_clock_internal rise edge)
                                                      0.000     0.000 r  
    L17                                               0.000     0.000 r  sysclk (IN)
                         net (fo=0)                   0.000     0.000    astep24_3l_top_I/clocking_reset_I/sys_to_40/inst/clk_in1
    L17                  IBUF (Prop_ibuf_I_O)         0.244     0.244 r  astep24_3l_top_I/clocking_reset_I/sys_to_40/inst/clkin1_ibufg/O
                         net (fo=1, routed)           0.440     0.684    astep24_3l_top_I/clocking_reset_I/sys_to_40/inst/clk_in1_clk_sys_to_40
    MMCME2_ADV_X0Y0      MMCME2_ADV (Prop_mmcme2_adv_CLKIN1_CLKOUT0)
                                                     -2.362    -1.678 r  astep24_3l_top_I/clocking_reset_I/sys_to_40/inst/mmcm_adv_inst/CLKOUT0
                         net (fo=1, routed)           0.489    -1.189    astep24_3l_top_I/clocking_reset_I/sys_to_40/inst/clk_out1_clk_sys_to_40
    BUFGCTRL_X0Y10       BUFG (Prop_bufg_I_O)         0.026    -1.163 r  astep24_3l_top_I/clocking_reset_I/sys_to_40/inst/clkout1_buf/O
                         net (fo=34, routed)          0.549    -0.615    astep24_3l_top_I/clocking_reset_I/intern_or_ext_to_internal/inst/clk_in1
    MMCME2_ADV_X1Y0      MMCME2_ADV (Prop_mmcme2_adv_CLKIN1_CLKOUT1)
                                                     -1.061    -1.675 r  astep24_3l_top_I/clocking_reset_I/intern_or_ext_to_internal/inst/mmcm_adv_inst/CLKOUT1
                         net (fo=1, routed)           0.486    -1.189    astep24_3l_top_I/clocking_reset_I/intern_or_ext_to_internal/inst/clk_80_clk_core_extorint_40
    BUFGCTRL_X0Y6        BUFG (Prop_bufg_I_O)         0.026    -1.163 r  astep24_3l_top_I/clocking_reset_I/intern_or_ext_to_internal/inst/clkout2_buf/O
                         net (fo=5288, routed)        0.563    -0.601    astep24_3l_top_I/main_rfg_I/clk_80
    SLICE_X35Y48         FDRE (Prop_fdre_C_Q)         0.141    -0.460 r  astep24_3l_top_I/main_rfg_I/spi_layers_ckdivider_divided_clk_reg/Q
                         net (fo=2, routed)           0.458    -0.002    astep24_3l_top_I_n_27
    BUFGCTRL_X0Y7        BUFG (Prop_bufg_I_O)         0.026     0.024 r  spi_layers_ckdivider_divided_resn_delay_reg[7]_i_1/O
                         net (fo=992, routed)         0.558     0.582    astep24_3l_top_I/switched_readout/genblk1[1].layer_if_I/spi_io/CLK
    SLICE_X44Y64         FDRE (Prop_fdre_C_Q)         0.141     0.723 r  astep24_3l_top_I/switched_readout/genblk1[1].layer_if_I/spi_io/spi_clk_reg_reg/Q
                         net (fo=2, routed)           0.804     1.527    layer_1_spi_clk_OBUF
    BUFGCTRL_X0Y3        BUFG (Prop_bufg_I_O)         0.026     1.553 r  layer_1_spi_clk_OBUF_BUFG_inst/O
                         net (fo=232, routed)         0.560     2.113    astep24_3l_top_I/loopback_spi_layer_1/miso_fifo/inst/gen_fifo.xpm_fifo_axis_inst/xpm_fifo_base_inst/gen_cdc_pntr.wr_pntr_cdc_inst/dest_clk
    SLICE_X55Y64         FDRE                                         r  astep24_3l_top_I/loopback_spi_layer_1/miso_fifo/inst/gen_fifo.xpm_fifo_axis_inst/xpm_fifo_base_inst/gen_cdc_pntr.wr_pntr_cdc_inst/dest_graysync_ff_reg[0][0]/C
  -------------------------------------------------------------------    -------------------
    SLICE_X55Y64         FDRE (Prop_fdre_C_Q)         0.141     2.254 r  astep24_3l_top_I/loopback_spi_layer_1/miso_fifo/inst/gen_fifo.xpm_fifo_axis_inst/xpm_fifo_base_inst/gen_cdc_pntr.wr_pntr_cdc_inst/dest_graysync_ff_reg[0][0]/Q
                         net (fo=1, routed)           0.056     2.310    astep24_3l_top_I/loopback_spi_layer_1/miso_fifo/inst/gen_fifo.xpm_fifo_axis_inst/xpm_fifo_base_inst/gen_cdc_pntr.wr_pntr_cdc_inst/dest_graysync_ff[0][0]
    SLICE_X55Y64         FDRE                                         r  astep24_3l_top_I/loopback_spi_layer_1/miso_fifo/inst/gen_fifo.xpm_fifo_axis_inst/xpm_fifo_base_inst/gen_cdc_pntr.wr_pntr_cdc_inst/dest_graysync_ff_reg[1][0]/D
  -------------------------------------------------------------------    -------------------

                         (clock spi_layer1_clock_internal rise edge)
                                                      0.000     0.000 r  
    L17                                               0.000     0.000 r  sysclk (IN)
                         net (fo=0)                   0.000     0.000    astep24_3l_top_I/clocking_reset_I/sys_to_40/inst/clk_in1
    L17                  IBUF (Prop_ibuf_I_O)         0.432     0.432 r  astep24_3l_top_I/clocking_reset_I/sys_to_40/inst/clkin1_ibufg/O
                         net (fo=1, routed)           0.480     0.912    astep24_3l_top_I/clocking_reset_I/sys_to_40/inst/clk_in1_clk_sys_to_40
    MMCME2_ADV_X0Y0      MMCME2_ADV (Prop_mmcme2_adv_CLKIN1_CLKOUT0)
                                                     -3.145    -2.233 r  astep24_3l_top_I/clocking_reset_I/sys_to_40/inst/mmcm_adv_inst/CLKOUT0
                         net (fo=1, routed)           0.534    -1.700    astep24_3l_top_I/clocking_reset_I/sys_to_40/inst/clk_out1_clk_sys_to_40
    BUFGCTRL_X0Y10       BUFG (Prop_bufg_I_O)         0.029    -1.671 r  astep24_3l_top_I/clocking_reset_I/sys_to_40/inst/clkout1_buf/O
                         net (fo=34, routed)          0.817    -0.854    astep24_3l_top_I/clocking_reset_I/intern_or_ext_to_internal/inst/clk_in1
    MMCME2_ADV_X1Y0      MMCME2_ADV (Prop_mmcme2_adv_CLKIN1_CLKOUT1)
                                                     -1.375    -2.229 r  astep24_3l_top_I/clocking_reset_I/intern_or_ext_to_internal/inst/mmcm_adv_inst/CLKOUT1
                         net (fo=1, routed)           0.530    -1.700    astep24_3l_top_I/clocking_reset_I/intern_or_ext_to_internal/inst/clk_80_clk_core_extorint_40
    BUFGCTRL_X0Y6        BUFG (Prop_bufg_I_O)         0.029    -1.671 r  astep24_3l_top_I/clocking_reset_I/intern_or_ext_to_internal/inst/clkout2_buf/O
                         net (fo=5288, routed)        0.832    -0.839    astep24_3l_top_I/main_rfg_I/clk_80
    SLICE_X35Y48         FDRE (Prop_fdre_C_Q)         0.175    -0.664 r  astep24_3l_top_I/main_rfg_I/spi_layers_ckdivider_divided_clk_reg/Q
                         net (fo=2, routed)           0.526    -0.138    astep24_3l_top_I_n_27
    BUFGCTRL_X0Y7        BUFG (Prop_bufg_I_O)         0.029    -0.109 r  spi_layers_ckdivider_divided_resn_delay_reg[7]_i_1/O
                         net (fo=992, routed)         0.826     0.718    astep24_3l_top_I/switched_readout/genblk1[1].layer_if_I/spi_io/CLK
    SLICE_X44Y64         FDRE (Prop_fdre_C_Q)         0.175     0.893 r  astep24_3l_top_I/switched_readout/genblk1[1].layer_if_I/spi_io/spi_clk_reg_reg/Q
                         net (fo=2, routed)           0.895     1.787    layer_1_spi_clk_OBUF
    BUFGCTRL_X0Y3        BUFG (Prop_bufg_I_O)         0.029     1.816 r  layer_1_spi_clk_OBUF_BUFG_inst/O
                         net (fo=232, routed)         0.829     2.646    astep24_3l_top_I/loopback_spi_layer_1/miso_fifo/inst/gen_fifo.xpm_fifo_axis_inst/xpm_fifo_base_inst/gen_cdc_pntr.wr_pntr_cdc_inst/dest_clk
    SLICE_X55Y64         FDRE                                         r  astep24_3l_top_I/loopback_spi_layer_1/miso_fifo/inst/gen_fifo.xpm_fifo_axis_inst/xpm_fifo_base_inst/gen_cdc_pntr.wr_pntr_cdc_inst/dest_graysync_ff_reg[1][0]/C
                         clock pessimism             -0.533     2.113    
    SLICE_X55Y64         FDRE (Hold_fdre_C_D)         0.075     2.188    astep24_3l_top_I/loopback_spi_layer_1/miso_fifo/inst/gen_fifo.xpm_fifo_axis_inst/xpm_fifo_base_inst/gen_cdc_pntr.wr_pntr_cdc_inst/dest_graysync_ff_reg[1][0]
  -------------------------------------------------------------------
                         required time                         -2.188    
                         arrival time                           2.310    
  -------------------------------------------------------------------
                         slack                                  0.122    





Pulse Width Checks
--------------------------------------------------------------------------------------
Clock Name:         spi_layer1_clock_internal
Waveform(ns):       { 0.000 25.000 }
Period(ns):         50.000
Sources:            { astep24_3l_top_I/switched_readout/genblk1[1].layer_if_I/spi_io/spi_clk_reg_reg/Q }

Check Type        Corner  Lib Pin             Reference Pin  Required(ns)  Actual(ns)  Slack(ns)  Location      Pin
Min Period        n/a     RAMB18E1/CLKBWRCLK  n/a            2.576         50.000      47.424     RAMB18_X2Y26  astep24_3l_top_I/loopback_spi_layer_1/miso_fifo/inst/gen_fifo.xpm_fifo_axis_inst/xpm_fifo_base_inst/gen_sdpram.xpm_memory_base_inst/gen_wr_a.gen_word_narrow.mem_reg/CLKBWRCLK
Low Pulse Width   Slow    FDRE/C              n/a            0.500         25.000      24.500     SLICE_X59Y67  astep24_3l_top_I/loopback_spi_layer_1/miso_fifo/inst/gen_fifo.xpm_fifo_axis_inst/xpm_fifo_base_inst/FSM_sequential_gen_fwft.curr_fwft_state_reg[0]/C
High Pulse Width  Slow    FDRE/C              n/a            0.500         25.000      24.500     SLICE_X59Y67  astep24_3l_top_I/loopback_spi_layer_1/miso_fifo/inst/gen_fifo.xpm_fifo_axis_inst/xpm_fifo_base_inst/FSM_sequential_gen_fwft.curr_fwft_state_reg[0]/C



---------------------------------------------------------------------------------------------------
From Clock:  spi_layer2_clock_internal
  To Clock:  spi_layer2_clock_internal

Setup :            0  Failing Endpoints,  Worst Slack       21.229ns,  Total Violation        0.000ns
Hold  :            0  Failing Endpoints,  Worst Slack        0.116ns,  Total Violation        0.000ns
PW    :            0  Failing Endpoints,  Worst Slack       24.500ns,  Total Violation        0.000ns
---------------------------------------------------------------------------------------------------


Max Delay Paths
--------------------------------------------------------------------------------------
Slack (MET) :             21.229ns  (required time - arrival time)
  Source:                 astep24_3l_top_I/loopback_spi_layer_2/spi_igress/m_axis_tvalid_reg/C
                            (falling edge-triggered cell FDCE clocked by spi_layer2_clock_internal  {rise@0.000ns fall@25.000ns period=50.000ns})
  Destination:            astep24_3l_top_I/loopback_spi_layer_2/spi_igress_fifo/inst/gen_fifo.xpm_fifo_axis_inst/xpm_fifo_base_inst/wrpp1_inst/count_value_i_reg[5]/D
                            (rising edge-triggered cell FDRE clocked by spi_layer2_clock_internal  {rise@0.000ns fall@25.000ns period=50.000ns})
  Path Group:             spi_layer2_clock_internal
  Path Type:              Setup (Max at Slow Process Corner)
  Requirement:            25.000ns  (spi_layer2_clock_internal rise@50.000ns - spi_layer2_clock_internal fall@25.000ns)
  Data Path Delay:        3.690ns  (logic 0.831ns (22.519%)  route 2.859ns (77.481%))
  Logic Levels:           3  (LUT2=1 LUT4=1 LUT6=1)
  Clock Path Skew:        -0.042ns (DCD - SCD + CPR)
    Destination Clock Delay (DCD):    4.694ns = ( 54.694 - 50.000 ) 
    Source Clock Delay      (SCD):    6.087ns = ( 31.087 - 25.000 ) 
    Clock Pessimism Removal (CPR):    1.351ns
  Clock Uncertainty:      0.115ns  ((TSJ^2 + DJ^2)^1/2) / 2 + PE
    Total System Jitter     (TSJ):    0.071ns
    Discrete Jitter          (DJ):    0.220ns
    Phase Error              (PE):    0.000ns

    Location             Delay type                Incr(ns)  Path(ns)    Netlist Resource(s)
  -------------------------------------------------------------------    -------------------
                         (clock spi_layer2_clock_internal fall edge)
                                                     25.000    25.000 f  
    L17                                               0.000    25.000 r  sysclk (IN)
                         net (fo=0)                   0.000    25.000    astep24_3l_top_I/clocking_reset_I/sys_to_40/inst/clk_in1
    L17                  IBUF (Prop_ibuf_I_O)         1.476    26.476 r  astep24_3l_top_I/clocking_reset_I/sys_to_40/inst/clkin1_ibufg/O
                         net (fo=1, routed)           1.233    27.709    astep24_3l_top_I/clocking_reset_I/sys_to_40/inst/clk_in1_clk_sys_to_40
    MMCME2_ADV_X0Y0      MMCME2_ADV (Prop_mmcme2_adv_CLKIN1_CLKOUT0)
                                                     -6.965    20.744 r  astep24_3l_top_I/clocking_reset_I/sys_to_40/inst/mmcm_adv_inst/CLKOUT0
                         net (fo=1, routed)           1.666    22.411    astep24_3l_top_I/clocking_reset_I/sys_to_40/inst/clk_out1_clk_sys_to_40
    BUFGCTRL_X0Y10       BUFG (Prop_bufg_I_O)         0.096    22.507 r  astep24_3l_top_I/clocking_reset_I/sys_to_40/inst/clkout1_buf/O
                         net (fo=34, routed)          1.575    24.082    astep24_3l_top_I/clocking_reset_I/intern_or_ext_to_internal/inst/clk_in1
    MMCME2_ADV_X1Y0      MMCME2_ADV (Prop_mmcme2_adv_CLKIN1_CLKOUT1)
                                                     -3.333    20.749 r  astep24_3l_top_I/clocking_reset_I/intern_or_ext_to_internal/inst/mmcm_adv_inst/CLKOUT1
                         net (fo=1, routed)           1.661    22.411    astep24_3l_top_I/clocking_reset_I/intern_or_ext_to_internal/inst/clk_80_clk_core_extorint_40
    BUFGCTRL_X0Y6        BUFG (Prop_bufg_I_O)         0.096    22.507 r  astep24_3l_top_I/clocking_reset_I/intern_or_ext_to_internal/inst/clkout2_buf/O
                         net (fo=5288, routed)        1.565    24.072    astep24_3l_top_I/main_rfg_I/clk_80
    SLICE_X35Y48         FDRE (Prop_fdre_C_Q)         0.456    24.528 r  astep24_3l_top_I/main_rfg_I/spi_layers_ckdivider_divided_clk_reg/Q
                         net (fo=2, routed)           1.247    25.775    astep24_3l_top_I_n_27
    BUFGCTRL_X0Y7        BUFG (Prop_bufg_I_O)         0.096    25.871 r  spi_layers_ckdivider_divided_resn_delay_reg[7]_i_1/O
                         net (fo=992, routed)         1.556    27.427    astep24_3l_top_I/switched_readout/genblk1[2].layer_if_I/spi_io/CLK
    SLICE_X49Y59         FDRE (Prop_fdre_C_Q)         0.456    27.883 f  astep24_3l_top_I/switched_readout/genblk1[2].layer_if_I/spi_io/spi_clk_reg_reg/Q
                         net (fo=2, routed)           1.541    29.425    layer_2_spi_clk_OBUF
    BUFGCTRL_X0Y4        BUFG (Prop_bufg_I_O)         0.096    29.521 f  layer_2_spi_clk_OBUF_BUFG_inst/O
                         net (fo=232, routed)         1.566    31.087    astep24_3l_top_I/loopback_spi_layer_2/spi_igress/m_axis_tvalid_reg_0
    SLICE_X29Y46         FDCE                                         r  astep24_3l_top_I/loopback_spi_layer_2/spi_igress/m_axis_tvalid_reg/C  (IS_INVERTED)
  -------------------------------------------------------------------    -------------------
    SLICE_X29Y46         FDCE (Prop_fdce_C_Q)         0.459    31.546 r  astep24_3l_top_I/loopback_spi_layer_2/spi_igress/m_axis_tvalid_reg/Q
                         net (fo=3, routed)           0.698    32.244    astep24_3l_top_I/loopback_spi_layer_2/spi_igress_fifo/inst/gen_fifo.xpm_fifo_axis_inst/xpm_fifo_base_inst/rst_d1_inst/wr_en
    SLICE_X31Y43         LUT4 (Prop_lut4_I0_O)        0.124    32.368 f  astep24_3l_top_I/loopback_spi_layer_2/spi_igress_fifo/inst/gen_fifo.xpm_fifo_axis_inst/xpm_fifo_base_inst/rst_d1_inst/gen_pf_ic_rc.gen_full_rst_val.ram_full_n_i_2/O
                         net (fo=12, routed)          1.347    33.715    astep24_3l_top_I/loopback_spi_layer_2/spi_igress_fifo/inst/gen_fifo.xpm_fifo_axis_inst/xpm_fifo_base_inst/wrpp1_inst/count_value_i_reg[4]_0
    SLICE_X31Y41         LUT6 (Prop_lut6_I3_O)        0.124    33.839 r  astep24_3l_top_I/loopback_spi_layer_2/spi_igress_fifo/inst/gen_fifo.xpm_fifo_axis_inst/xpm_fifo_base_inst/wrpp1_inst/count_value_i[8]_i_2/O
                         net (fo=4, routed)           0.814    34.653    astep24_3l_top_I/loopback_spi_layer_2/spi_igress_fifo/inst/gen_fifo.xpm_fifo_axis_inst/xpm_fifo_base_inst/wrpp1_inst/count_value_i[8]_i_2_n_0
    SLICE_X30Y41         LUT2 (Prop_lut2_I0_O)        0.124    34.777 r  astep24_3l_top_I/loopback_spi_layer_2/spi_igress_fifo/inst/gen_fifo.xpm_fifo_axis_inst/xpm_fifo_base_inst/wrpp1_inst/count_value_i[5]_i_1__0/O
                         net (fo=1, routed)           0.000    34.777    astep24_3l_top_I/loopback_spi_layer_2/spi_igress_fifo/inst/gen_fifo.xpm_fifo_axis_inst/xpm_fifo_base_inst/wrpp1_inst/count_value_i[5]_i_1__0_n_0
    SLICE_X30Y41         FDRE                                         r  astep24_3l_top_I/loopback_spi_layer_2/spi_igress_fifo/inst/gen_fifo.xpm_fifo_axis_inst/xpm_fifo_base_inst/wrpp1_inst/count_value_i_reg[5]/D
  -------------------------------------------------------------------    -------------------

                         (clock spi_layer2_clock_internal rise edge)
                                                     50.000    50.000 r  
    L17                                               0.000    50.000 r  sysclk (IN)
                         net (fo=0)                   0.000    50.000    astep24_3l_top_I/clocking_reset_I/sys_to_40/inst/clk_in1
    L17                  IBUF (Prop_ibuf_I_O)         1.406    51.405 r  astep24_3l_top_I/clocking_reset_I/sys_to_40/inst/clkin1_ibufg/O
                         net (fo=1, routed)           1.162    52.567    astep24_3l_top_I/clocking_reset_I/sys_to_40/inst/clk_in1_clk_sys_to_40
    MMCME2_ADV_X0Y0      MMCME2_ADV (Prop_mmcme2_adv_CLKIN1_CLKOUT0)
                                                     -7.221    45.346 r  astep24_3l_top_I/clocking_reset_I/sys_to_40/inst/mmcm_adv_inst/CLKOUT0
                         net (fo=1, routed)           1.587    46.933    astep24_3l_top_I/clocking_reset_I/sys_to_40/inst/clk_out1_clk_sys_to_40
    BUFGCTRL_X0Y10       BUFG (Prop_bufg_I_O)         0.091    47.024 r  astep24_3l_top_I/clocking_reset_I/sys_to_40/inst/clkout1_buf/O
                         net (fo=34, routed)          1.457    48.481    astep24_3l_top_I/clocking_reset_I/intern_or_ext_to_internal/inst/clk_in1
    MMCME2_ADV_X1Y0      MMCME2_ADV (Prop_mmcme2_adv_CLKIN1_CLKOUT1)
                                                     -3.129    45.352 r  astep24_3l_top_I/clocking_reset_I/intern_or_ext_to_internal/inst/mmcm_adv_inst/CLKOUT1
                         net (fo=1, routed)           1.581    46.933    astep24_3l_top_I/clocking_reset_I/intern_or_ext_to_internal/inst/clk_80_clk_core_extorint_40
    BUFGCTRL_X0Y6        BUFG (Prop_bufg_I_O)         0.091    47.024 r  astep24_3l_top_I/clocking_reset_I/intern_or_ext_to_internal/inst/clkout2_buf/O
                         net (fo=5288, routed)        1.445    48.469    astep24_3l_top_I/main_rfg_I/clk_80
    SLICE_X35Y48         FDRE (Prop_fdre_C_Q)         0.367    48.836 r  astep24_3l_top_I/main_rfg_I/spi_layers_ckdivider_divided_clk_reg/Q
                         net (fo=2, routed)           1.081    49.917    astep24_3l_top_I_n_27
    BUFGCTRL_X0Y7        BUFG (Prop_bufg_I_O)         0.091    50.008 r  spi_layers_ckdivider_divided_resn_delay_reg[7]_i_1/O
                         net (fo=992, routed)         1.439    51.447    astep24_3l_top_I/switched_readout/genblk1[2].layer_if_I/spi_io/CLK
    SLICE_X49Y59         FDRE (Prop_fdre_C_Q)         0.367    51.814 r  astep24_3l_top_I/switched_readout/genblk1[2].layer_if_I/spi_io/spi_clk_reg_reg/Q
                         net (fo=2, routed)           1.344    53.159    layer_2_spi_clk_OBUF
    BUFGCTRL_X0Y4        BUFG (Prop_bufg_I_O)         0.091    53.250 r  layer_2_spi_clk_OBUF_BUFG_inst/O
                         net (fo=232, routed)         1.444    54.694    astep24_3l_top_I/loopback_spi_layer_2/spi_igress_fifo/inst/gen_fifo.xpm_fifo_axis_inst/xpm_fifo_base_inst/wrpp1_inst/wr_clk
    SLICE_X30Y41         FDRE                                         r  astep24_3l_top_I/loopback_spi_layer_2/spi_igress_fifo/inst/gen_fifo.xpm_fifo_axis_inst/xpm_fifo_base_inst/wrpp1_inst/count_value_i_reg[5]/C
                         clock pessimism              1.351    56.045    
                         clock uncertainty           -0.115    55.930    
    SLICE_X30Y41         FDRE (Setup_fdre_C_D)        0.077    56.007    astep24_3l_top_I/loopback_spi_layer_2/spi_igress_fifo/inst/gen_fifo.xpm_fifo_axis_inst/xpm_fifo_base_inst/wrpp1_inst/count_value_i_reg[5]
  -------------------------------------------------------------------
                         required time                         56.007    
                         arrival time                         -34.777    
  -------------------------------------------------------------------
                         slack                                 21.229    





Min Delay Paths
--------------------------------------------------------------------------------------
Slack (MET) :             0.116ns  (arrival time - required time)
  Source:                 astep24_3l_top_I/loopback_spi_layer_2/spi_igress/state_reg/C
                            (falling edge-triggered cell FDCE clocked by spi_layer2_clock_internal  {rise@0.000ns fall@25.000ns period=50.000ns})
  Destination:            astep24_3l_top_I/loopback_spi_layer_2/spi_igress/m_axis_tvalid_reg/D
                            (falling edge-triggered cell FDCE clocked by spi_layer2_clock_internal  {rise@0.000ns fall@25.000ns period=50.000ns})
  Path Group:             spi_layer2_clock_internal
  Path Type:              Hold (Min at Fast Process Corner)
  Requirement:            0.000ns  (spi_layer2_clock_internal fall@25.000ns - spi_layer2_clock_internal fall@25.000ns)
  Data Path Delay:        0.410ns  (logic 0.151ns (36.814%)  route 0.259ns (63.186%))
  Logic Levels:           0  
  Clock Path Skew:        0.271ns (DCD - SCD - CPR)
    Destination Clock Delay (DCD):    2.509ns = ( 27.509 - 25.000 ) 
    Source Clock Delay      (SCD):    1.978ns = ( 26.978 - 25.000 ) 
    Clock Pessimism Removal (CPR):    0.260ns

    Location             Delay type                Incr(ns)  Path(ns)    Netlist Resource(s)
  -------------------------------------------------------------------    -------------------
                         (clock spi_layer2_clock_internal fall edge)
                                                     25.000    25.000 f  
    L17                                               0.000    25.000 r  sysclk (IN)
                         net (fo=0)                   0.000    25.000    astep24_3l_top_I/clocking_reset_I/sys_to_40/inst/clk_in1
    L17                  IBUF (Prop_ibuf_I_O)         0.244    25.244 r  astep24_3l_top_I/clocking_reset_I/sys_to_40/inst/clkin1_ibufg/O
                         net (fo=1, routed)           0.440    25.684    astep24_3l_top_I/clocking_reset_I/sys_to_40/inst/clk_in1_clk_sys_to_40
    MMCME2_ADV_X0Y0      MMCME2_ADV (Prop_mmcme2_adv_CLKIN1_CLKOUT0)
                                                     -2.362    23.322 r  astep24_3l_top_I/clocking_reset_I/sys_to_40/inst/mmcm_adv_inst/CLKOUT0
                         net (fo=1, routed)           0.489    23.810    astep24_3l_top_I/clocking_reset_I/sys_to_40/inst/clk_out1_clk_sys_to_40
    BUFGCTRL_X0Y10       BUFG (Prop_bufg_I_O)         0.026    23.836 r  astep24_3l_top_I/clocking_reset_I/sys_to_40/inst/clkout1_buf/O
                         net (fo=34, routed)          0.549    24.385    astep24_3l_top_I/clocking_reset_I/intern_or_ext_to_internal/inst/clk_in1
    MMCME2_ADV_X1Y0      MMCME2_ADV (Prop_mmcme2_adv_CLKIN1_CLKOUT1)
                                                     -1.061    23.325 r  astep24_3l_top_I/clocking_reset_I/intern_or_ext_to_internal/inst/mmcm_adv_inst/CLKOUT1
                         net (fo=1, routed)           0.486    23.810    astep24_3l_top_I/clocking_reset_I/intern_or_ext_to_internal/inst/clk_80_clk_core_extorint_40
    BUFGCTRL_X0Y6        BUFG (Prop_bufg_I_O)         0.026    23.836 r  astep24_3l_top_I/clocking_reset_I/intern_or_ext_to_internal/inst/clkout2_buf/O
                         net (fo=5288, routed)        0.563    24.399    astep24_3l_top_I/main_rfg_I/clk_80
    SLICE_X35Y48         FDRE (Prop_fdre_C_Q)         0.141    24.540 r  astep24_3l_top_I/main_rfg_I/spi_layers_ckdivider_divided_clk_reg/Q
                         net (fo=2, routed)           0.458    24.998    astep24_3l_top_I_n_27
    BUFGCTRL_X0Y7        BUFG (Prop_bufg_I_O)         0.026    25.024 r  spi_layers_ckdivider_divided_resn_delay_reg[7]_i_1/O
                         net (fo=992, routed)         0.563    25.587    astep24_3l_top_I/switched_readout/genblk1[2].layer_if_I/spi_io/CLK
    SLICE_X49Y59         FDRE (Prop_fdre_C_Q)         0.141    25.728 f  astep24_3l_top_I/switched_readout/genblk1[2].layer_if_I/spi_io/spi_clk_reg_reg/Q
                         net (fo=2, routed)           0.662    26.390    layer_2_spi_clk_OBUF
    BUFGCTRL_X0Y4        BUFG (Prop_bufg_I_O)         0.026    26.416 f  layer_2_spi_clk_OBUF_BUFG_inst/O
                         net (fo=232, routed)         0.562    26.978    astep24_3l_top_I/loopback_spi_layer_2/spi_igress/m_axis_tvalid_reg_0
    SLICE_X30Y50         FDCE                                         r  astep24_3l_top_I/loopback_spi_layer_2/spi_igress/state_reg/C  (IS_INVERTED)
  -------------------------------------------------------------------    -------------------
    SLICE_X30Y50         FDCE (Prop_fdce_C_Q)         0.151    27.129 r  astep24_3l_top_I/loopback_spi_layer_2/spi_igress/state_reg/Q
                         net (fo=2, routed)           0.259    27.388    astep24_3l_top_I/loopback_spi_layer_2/spi_igress/state
    SLICE_X29Y46         FDCE                                         r  astep24_3l_top_I/loopback_spi_layer_2/spi_igress/m_axis_tvalid_reg/D
  -------------------------------------------------------------------    -------------------

                         (clock spi_layer2_clock_internal fall edge)
                                                     25.000    25.000 r  
    L17                                               0.000    25.000 r  sysclk (IN)
                         net (fo=0)                   0.000    25.000    astep24_3l_top_I/clocking_reset_I/sys_to_40/inst/clk_in1
    L17                  IBUF (Prop_ibuf_I_O)         0.432    25.432 r  astep24_3l_top_I/clocking_reset_I/sys_to_40/inst/clkin1_ibufg/O
                         net (fo=1, routed)           0.480    25.912    astep24_3l_top_I/clocking_reset_I/sys_to_40/inst/clk_in1_clk_sys_to_40
    MMCME2_ADV_X0Y0      MMCME2_ADV (Prop_mmcme2_adv_CLKIN1_CLKOUT0)
                                                     -3.145    22.767 r  astep24_3l_top_I/clocking_reset_I/sys_to_40/inst/mmcm_adv_inst/CLKOUT0
                         net (fo=1, routed)           0.534    23.300    astep24_3l_top_I/clocking_reset_I/sys_to_40/inst/clk_out1_clk_sys_to_40
    BUFGCTRL_X0Y10       BUFG (Prop_bufg_I_O)         0.029    23.329 r  astep24_3l_top_I/clocking_reset_I/sys_to_40/inst/clkout1_buf/O
                         net (fo=34, routed)          0.817    24.146    astep24_3l_top_I/clocking_reset_I/intern_or_ext_to_internal/inst/clk_in1
    MMCME2_ADV_X1Y0      MMCME2_ADV (Prop_mmcme2_adv_CLKIN1_CLKOUT1)
                                                     -1.375    22.771 r  astep24_3l_top_I/clocking_reset_I/intern_or_ext_to_internal/inst/mmcm_adv_inst/CLKOUT1
                         net (fo=1, routed)           0.530    23.300    astep24_3l_top_I/clocking_reset_I/intern_or_ext_to_internal/inst/clk_80_clk_core_extorint_40
    BUFGCTRL_X0Y6        BUFG (Prop_bufg_I_O)         0.029    23.329 r  astep24_3l_top_I/clocking_reset_I/intern_or_ext_to_internal/inst/clkout2_buf/O
                         net (fo=5288, routed)        0.832    24.161    astep24_3l_top_I/main_rfg_I/clk_80
    SLICE_X35Y48         FDRE (Prop_fdre_C_Q)         0.175    24.336 r  astep24_3l_top_I/main_rfg_I/spi_layers_ckdivider_divided_clk_reg/Q
                         net (fo=2, routed)           0.526    24.862    astep24_3l_top_I_n_27
    BUFGCTRL_X0Y7        BUFG (Prop_bufg_I_O)         0.029    24.891 r  spi_layers_ckdivider_divided_resn_delay_reg[7]_i_1/O
                         net (fo=992, routed)         0.832    25.723    astep24_3l_top_I/switched_readout/genblk1[2].layer_if_I/spi_io/CLK
    SLICE_X49Y59         FDRE (Prop_fdre_C_Q)         0.175    25.898 f  astep24_3l_top_I/switched_readout/genblk1[2].layer_if_I/spi_io/spi_clk_reg_reg/Q
                         net (fo=2, routed)           0.748    26.647    layer_2_spi_clk_OBUF
    BUFGCTRL_X0Y4        BUFG (Prop_bufg_I_O)         0.029    26.676 f  layer_2_spi_clk_OBUF_BUFG_inst/O
                         net (fo=232, routed)         0.833    27.509    astep24_3l_top_I/loopback_spi_layer_2/spi_igress/m_axis_tvalid_reg_0
    SLICE_X29Y46         FDCE                                         r  astep24_3l_top_I/loopback_spi_layer_2/spi_igress/m_axis_tvalid_reg/C  (IS_INVERTED)
                         clock pessimism             -0.260    27.249    
    SLICE_X29Y46         FDCE (Hold_fdce_C_D)         0.023    27.272    astep24_3l_top_I/loopback_spi_layer_2/spi_igress/m_axis_tvalid_reg
  -------------------------------------------------------------------
                         required time                        -27.272    
                         arrival time                          27.388    
  -------------------------------------------------------------------
                         slack                                  0.116    





Pulse Width Checks
--------------------------------------------------------------------------------------
Clock Name:         spi_layer2_clock_internal
Waveform(ns):       { 0.000 25.000 }
Period(ns):         50.000
Sources:            { astep24_3l_top_I/switched_readout/genblk1[2].layer_if_I/spi_io/spi_clk_reg_reg/Q }

Check Type        Corner  Lib Pin             Reference Pin  Required(ns)  Actual(ns)  Slack(ns)  Location      Pin
Min Period        n/a     RAMB18E1/CLKBWRCLK  n/a            2.576         50.000      47.424     RAMB18_X1Y36  astep24_3l_top_I/loopback_spi_layer_2/miso_fifo/inst/gen_fifo.xpm_fifo_axis_inst/xpm_fifo_base_inst/gen_sdpram.xpm_memory_base_inst/gen_wr_a.gen_word_narrow.mem_reg/CLKBWRCLK
Low Pulse Width   Slow    FDRE/C              n/a            0.500         25.000      24.500     SLICE_X50Y92  astep24_3l_top_I/loopback_spi_layer_2/miso_fifo/inst/gen_fifo.xpm_fifo_axis_inst/xpm_fifo_base_inst/FSM_sequential_gen_fwft.curr_fwft_state_reg[0]/C
High Pulse Width  Slow    FDRE/C              n/a            0.500         25.000      24.500     SLICE_X50Y92  astep24_3l_top_I/loopback_spi_layer_2/miso_fifo/inst/gen_fifo.xpm_fifo_axis_inst/xpm_fifo_base_inst/FSM_sequential_gen_fwft.curr_fwft_state_reg[0]/C



---------------------------------------------------------------------------------------------------
From Clock:  clkfbout_clk_core_extorint_40
  To Clock:  clkfbout_clk_core_extorint_40

Setup :           NA  Failing Endpoints,  Worst Slack           NA  ,  Total Violation           NA
Hold  :           NA  Failing Endpoints,  Worst Slack           NA  ,  Total Violation           NA
PW    :            0  Failing Endpoints,  Worst Slack       22.845ns,  Total Violation        0.000ns
---------------------------------------------------------------------------------------------------


Pulse Width Checks
--------------------------------------------------------------------------------------
Clock Name:         clkfbout_clk_core_extorint_40
Waveform(ns):       { 0.000 12.500 }
Period(ns):         25.000
Sources:            { astep24_3l_top_I/clocking_reset_I/intern_or_ext_to_internal/inst/mmcm_adv_inst/CLKFBOUT }

Check Type  Corner  Lib Pin             Reference Pin  Required(ns)  Actual(ns)  Slack(ns)  Location         Pin
Min Period  n/a     BUFG/I              n/a            2.155         25.000      22.845     BUFGCTRL_X0Y13   astep24_3l_top_I/clocking_reset_I/intern_or_ext_to_internal/inst/clkf_buf/I
Max Period  n/a     MMCME2_ADV/CLKFBIN  n/a            100.000       25.000      75.000     MMCME2_ADV_X1Y0  astep24_3l_top_I/clocking_reset_I/intern_or_ext_to_internal/inst/mmcm_adv_inst/CLKFBIN



---------------------------------------------------------------------------------------------------
From Clock:  clkfbout_clk_sys_to_40
  To Clock:  clkfbout_clk_sys_to_40

Setup :           NA  Failing Endpoints,  Worst Slack           NA  ,  Total Violation           NA
Hold  :           NA  Failing Endpoints,  Worst Slack           NA  ,  Total Violation           NA
PW    :            0  Failing Endpoints,  Worst Slack       16.667ns,  Total Violation        0.000ns
---------------------------------------------------------------------------------------------------


Pulse Width Checks
--------------------------------------------------------------------------------------
Clock Name:         clkfbout_clk_sys_to_40
Waveform(ns):       { 0.000 41.667 }
Period(ns):         83.333
Sources:            { astep24_3l_top_I/clocking_reset_I/sys_to_40/inst/mmcm_adv_inst/CLKFBOUT }

Check Type  Corner  Lib Pin             Reference Pin  Required(ns)  Actual(ns)  Slack(ns)  Location         Pin
Min Period  n/a     BUFG/I              n/a            2.155         83.333      81.178     BUFGCTRL_X0Y15   astep24_3l_top_I/clocking_reset_I/sys_to_40/inst/clkf_buf/I
Max Period  n/a     MMCME2_ADV/CLKFBIN  n/a            100.000       83.333      16.667     MMCME2_ADV_X0Y0  astep24_3l_top_I/clocking_reset_I/sys_to_40/inst/mmcm_adv_inst/CLKFBIN



---------------------------------------------------------------------------------------------------
From Clock:  clk_80_clk_core_extorint_40_1
  To Clock:  clk_10_clk_core_extorint_40_1

Setup :            0  Failing Endpoints,  Worst Slack        6.119ns,  Total Violation        0.000ns
Hold  :            0  Failing Endpoints,  Worst Slack        0.992ns,  Total Violation        0.000ns
---------------------------------------------------------------------------------------------------


Max Delay Paths
--------------------------------------------------------------------------------------
Slack (MET) :             6.119ns  (required time - arrival time)
  Source:                 astep24_3l_top_I/main_rfg_I/chip_version_reg_reg[6]/C
                            (rising edge-triggered cell FDRE clocked by clk_80_clk_core_extorint_40_1  {rise@0.000ns fall@6.250ns period=12.500ns})
  Destination:            timestamp_clk_mux/S0
                            (falling edge-triggered cell BUFGCTRL clocked by clk_10_clk_core_extorint_40_1  {rise@0.000ns fall@50.000ns period=100.000ns})
  Path Group:             clk_10_clk_core_extorint_40_1
  Path Type:              Setup (Max at Slow Process Corner)
  Requirement:            12.500ns  (clk_10_clk_core_extorint_40_1 fall@50.000ns - clk_80_clk_core_extorint_40_1 rise@37.500ns)
  Data Path Delay:        4.249ns  (logic 1.022ns (24.054%)  route 3.227ns (75.946%))
  Logic Levels:           2  (LUT4=1 LUT5=1)
  Clock Path Skew:        -1.497ns (DCD - SCD + CPR)
    Destination Clock Delay (DCD):    3.429ns = ( 53.429 - 50.000 ) 
    Source Clock Delay      (SCD):    5.184ns = ( 42.684 - 37.500 ) 
    Clock Pessimism Removal (CPR):    0.257ns
  Clock Uncertainty:      0.273ns  ((TSJ^2 + DJ^2)^1/2) / 2 + PE
    Total System Jitter     (TSJ):    0.071ns
    Discrete Jitter          (DJ):    0.299ns
    Phase Error              (PE):    0.120ns

    Location             Delay type                Incr(ns)  Path(ns)    Netlist Resource(s)
  -------------------------------------------------------------------    -------------------
                         (clock clk_80_clk_core_extorint_40_1 rise edge)
                                                     37.500    37.500 r  
    G17                                               0.000    37.500 r  clk_ext (IN)
                         net (fo=0)                   0.000    37.500    clk_ext
    G17                  IBUF (Prop_ibuf_I_O)         1.474    38.974 r  clk_ext_IBUF_inst/O
                         net (fo=1, routed)           2.069    41.043    clk_ext_IBUF
    BUFGCTRL_X0Y11       BUFG (Prop_bufg_I_O)         0.096    41.139 r  clk_ext_IBUF_BUFG_inst/O
                         net (fo=16, routed)          1.575    42.714    astep24_3l_top_I/clocking_reset_I/intern_or_ext_to_internal/inst/clk_in2
    MMCME2_ADV_X1Y0      MMCME2_ADV (Prop_mmcme2_adv_CLKIN2_CLKOUT1)
                                                     -3.333    39.381 r  astep24_3l_top_I/clocking_reset_I/intern_or_ext_to_internal/inst/mmcm_adv_inst/CLKOUT1
                         net (fo=1, routed)           1.661    41.043    astep24_3l_top_I/clocking_reset_I/intern_or_ext_to_internal/inst/clk_80_clk_core_extorint_40
    BUFGCTRL_X0Y6        BUFG (Prop_bufg_I_O)         0.096    41.139 r  astep24_3l_top_I/clocking_reset_I/intern_or_ext_to_internal/inst/clkout2_buf/O
                         net (fo=5288, routed)        1.545    42.684    astep24_3l_top_I/main_rfg_I/clk_80
    SLICE_X14Y69         FDRE                                         r  astep24_3l_top_I/main_rfg_I/chip_version_reg_reg[6]/C
  -------------------------------------------------------------------    -------------------
    SLICE_X14Y69         FDRE (Prop_fdre_C_Q)         0.518    43.202 f  astep24_3l_top_I/main_rfg_I/chip_version_reg_reg[6]/Q
                         net (fo=3, routed)           1.149    44.351    astep24_3l_top_I/main_rfg_I/chip_version[6]
    SLICE_X14Y69         LUT5 (Prop_lut5_I1_O)        0.150    44.501 f  astep24_3l_top_I/main_rfg_I/timestamp_clk_mux_i_3/O
                         net (fo=3, routed)           0.656    45.157    astep24_3l_top_I/main_rfg_I/timestamp_clk_mux_i_3_n_0
    SLICE_X15Y69         LUT4 (Prop_lut4_I0_O)        0.354    45.511 r  astep24_3l_top_I/main_rfg_I/timestamp_clk_mux_i_1/O
                         net (fo=1, routed)           1.422    46.933    S00
    BUFGCTRL_X0Y1        BUFGCTRL                                     r  timestamp_clk_mux/S0
  -------------------------------------------------------------------    -------------------

                         (clock clk_10_clk_core_extorint_40_1 fall edge)
                                                     50.000    50.000 f  
    G17                                               0.000    50.000 f  clk_ext (IN)
                         net (fo=0)                   0.000    50.000    clk_ext
    G17                  IBUF (Prop_ibuf_I_O)         1.404    51.404 f  clk_ext_IBUF_inst/O
                         net (fo=1, routed)           1.802    53.205    clk_ext_IBUF
    BUFGCTRL_X0Y11       BUFG (Prop_bufg_I_O)         0.091    53.296 f  clk_ext_IBUF_BUFG_inst/O
                         net (fo=16, routed)          1.457    54.754    astep24_3l_top_I/clocking_reset_I/intern_or_ext_to_internal/inst/clk_in2
    MMCME2_ADV_X1Y0      MMCME2_ADV (Prop_mmcme2_adv_CLKIN2_CLKOUT2)
                                                     -3.129    51.624 f  astep24_3l_top_I/clocking_reset_I/intern_or_ext_to_internal/inst/mmcm_adv_inst/CLKOUT2
                         net (fo=1, routed)           1.581    53.205    astep24_3l_top_I/clocking_reset_I/intern_or_ext_to_internal/inst/clk_10_clk_core_extorint_40
    BUFGCTRL_X0Y0        BUFG (Prop_bufg_I_O)         0.091    53.296 f  astep24_3l_top_I/clocking_reset_I/intern_or_ext_to_internal/inst/clkout3_buf/O
                         net (fo=1, routed)           0.133    53.429    timestamp_clk_internal_ap3
    BUFGCTRL_X0Y1        BUFGCTRL                                     f  timestamp_clk_mux/I0
                         clock pessimism              0.257    53.687    
                         clock uncertainty           -0.273    53.413    
    BUFGCTRL_X0Y1        BUFGCTRL (Setup_bufgctrl_I0_S0)
                                                     -0.361    53.052    timestamp_clk_mux
  -------------------------------------------------------------------
                         required time                         53.052    
                         arrival time                         -46.933    
  -------------------------------------------------------------------
                         slack                                  6.119    





Min Delay Paths
--------------------------------------------------------------------------------------
Slack (MET) :             0.992ns  (arrival time - required time)
  Source:                 astep24_3l_top_I/main_rfg_I/clock_ctrl_reg_reg[4]/C
                            (rising edge-triggered cell FDRE clocked by clk_80_clk_core_extorint_40_1  {rise@0.000ns fall@6.250ns period=12.500ns})
  Destination:            timestamp_clk_mux/CE0
                            (rising edge-triggered cell BUFGCTRL clocked by clk_10_clk_core_extorint_40_1  {rise@0.000ns fall@50.000ns period=100.000ns})
  Path Group:             clk_10_clk_core_extorint_40_1
  Path Type:              Hold (Min at Fast Process Corner)
  Requirement:            0.000ns  (clk_10_clk_core_extorint_40_1 rise@0.000ns - clk_80_clk_core_extorint_40_1 rise@0.000ns)
  Data Path Delay:        0.948ns  (logic 0.164ns (17.298%)  route 0.784ns (82.702%))
  Logic Levels:           0  
  Clock Path Skew:        -0.476ns (DCD - SCD - CPR)
    Destination Clock Delay (DCD):    1.501ns
    Source Clock Delay      (SCD):    1.707ns
    Clock Pessimism Removal (CPR):    0.269ns
  Clock Uncertainty:      0.273ns  ((TSJ^2 + DJ^2)^1/2) / 2 + PE
    Total System Jitter     (TSJ):    0.071ns
    Discrete Jitter          (DJ):    0.299ns
    Phase Error              (PE):    0.120ns

    Location             Delay type                Incr(ns)  Path(ns)    Netlist Resource(s)
  -------------------------------------------------------------------    -------------------
                         (clock clk_80_clk_core_extorint_40_1 rise edge)
                                                      0.000     0.000 r  
    G17                                               0.000     0.000 r  clk_ext (IN)
                         net (fo=0)                   0.000     0.000    clk_ext
    G17                  IBUF (Prop_ibuf_I_O)         0.242     0.242 r  clk_ext_IBUF_inst/O
                         net (fo=1, routed)           0.884     1.126    clk_ext_IBUF
    BUFGCTRL_X0Y11       BUFG (Prop_bufg_I_O)         0.026     1.152 r  clk_ext_IBUF_BUFG_inst/O
                         net (fo=16, routed)          0.549     1.700    astep24_3l_top_I/clocking_reset_I/intern_or_ext_to_internal/inst/clk_in2
    MMCME2_ADV_X1Y0      MMCME2_ADV (Prop_mmcme2_adv_CLKIN2_CLKOUT1)
                                                     -1.061     0.640 r  astep24_3l_top_I/clocking_reset_I/intern_or_ext_to_internal/inst/mmcm_adv_inst/CLKOUT1
                         net (fo=1, routed)           0.486     1.126    astep24_3l_top_I/clocking_reset_I/intern_or_ext_to_internal/inst/clk_80_clk_core_extorint_40
    BUFGCTRL_X0Y6        BUFG (Prop_bufg_I_O)         0.026     1.152 r  astep24_3l_top_I/clocking_reset_I/intern_or_ext_to_internal/inst/clkout2_buf/O
                         net (fo=5288, routed)        0.556     1.707    astep24_3l_top_I/main_rfg_I/clk_80
    SLICE_X12Y69         FDRE                                         r  astep24_3l_top_I/main_rfg_I/clock_ctrl_reg_reg[4]/C
  -------------------------------------------------------------------    -------------------
    SLICE_X12Y69         FDRE (Prop_fdre_C_Q)         0.164     1.871 r  astep24_3l_top_I/main_rfg_I/clock_ctrl_reg_reg[4]/Q
                         net (fo=3, routed)           0.784     2.656    io_ctrl_timestamp_clock_enable
    BUFGCTRL_X0Y1        BUFGCTRL                                     r  timestamp_clk_mux/CE0
  -------------------------------------------------------------------    -------------------

                         (clock clk_10_clk_core_extorint_40_1 rise edge)
                                                      0.000     0.000 r  
    G17                                               0.000     0.000 r  clk_ext (IN)
                         net (fo=0)                   0.000     0.000    clk_ext
    G17                  IBUF (Prop_ibuf_I_O)         0.430     0.430 r  clk_ext_IBUF_inst/O
                         net (fo=1, routed)           1.009     1.439    clk_ext_IBUF
    BUFGCTRL_X0Y11       BUFG (Prop_bufg_I_O)         0.029     1.468 r  clk_ext_IBUF_BUFG_inst/O
                         net (fo=16, routed)          0.817     2.284    astep24_3l_top_I/clocking_reset_I/intern_or_ext_to_internal/inst/clk_in2
    MMCME2_ADV_X1Y0      MMCME2_ADV (Prop_mmcme2_adv_CLKIN2_CLKOUT2)
                                                     -1.375     0.909 r  astep24_3l_top_I/clocking_reset_I/intern_or_ext_to_internal/inst/mmcm_adv_inst/CLKOUT2
                         net (fo=1, routed)           0.530     1.439    astep24_3l_top_I/clocking_reset_I/intern_or_ext_to_internal/inst/clk_10_clk_core_extorint_40
    BUFGCTRL_X0Y0        BUFG (Prop_bufg_I_O)         0.029     1.468 r  astep24_3l_top_I/clocking_reset_I/intern_or_ext_to_internal/inst/clkout3_buf/O
                         net (fo=1, routed)           0.033     1.501    timestamp_clk_internal_ap3
    BUFGCTRL_X0Y1        BUFGCTRL                                     r  timestamp_clk_mux/I0
                         clock pessimism             -0.269     1.231    
                         clock uncertainty            0.273     1.505    
    BUFGCTRL_X0Y1        BUFGCTRL (Hold_bufgctrl_I0_CE0)
                                                      0.159     1.664    timestamp_clk_mux
  -------------------------------------------------------------------
                         required time                         -1.664    
                         arrival time                           2.656    
  -------------------------------------------------------------------
                         slack                                  0.992    





---------------------------------------------------------------------------------------------------
From Clock:  sw_spi_clk
  To Clock:  clk_80_clk_core_extorint_40_1

Setup :            0  Failing Endpoints,  Worst Slack       28.404ns,  Total Violation        0.000ns
Hold  :           NA  Failing Endpoints,  Worst Slack           NA  ,  Total Violation           NA
---------------------------------------------------------------------------------------------------


Max Delay Paths
--------------------------------------------------------------------------------------
Slack (MET) :             28.404ns  (required time - arrival time)
  Source:                 astep24_3l_top_I/sw_if/spi_egress_fifo/inst/gen_fifo.xpm_fifo_axis_inst/xpm_fifo_base_inst/gen_cdc_pntr.rd_pntr_cdc_inst/src_gray_ff_reg[5]/C
                            (rising edge-triggered cell FDRE clocked by sw_spi_clk  {rise@0.000ns fall@15.000ns period=30.000ns})
  Destination:            astep24_3l_top_I/sw_if/spi_egress_fifo/inst/gen_fifo.xpm_fifo_axis_inst/xpm_fifo_base_inst/gen_cdc_pntr.rd_pntr_cdc_inst/dest_graysync_ff_reg[0][5]/D
                            (rising edge-triggered cell FDRE clocked by clk_80_clk_core_extorint_40_1  {rise@0.000ns fall@6.250ns period=12.500ns})
  Path Group:             clk_80_clk_core_extorint_40_1
  Path Type:              Setup (Max at Slow Process Corner)
  Requirement:            30.000ns  (MaxDelay Path 30.000ns)
  Data Path Delay:        1.328ns  (logic 0.419ns (31.551%)  route 0.909ns (68.449%))
  Logic Levels:           0  
  Timing Exception:       MaxDelay Path 30.000ns -datapath_only

    Location             Delay type                Incr(ns)  Path(ns)    Netlist Resource(s)
  -------------------------------------------------------------------    -------------------
    SLICE_X59Y36                                      0.000     0.000 r  astep24_3l_top_I/sw_if/spi_egress_fifo/inst/gen_fifo.xpm_fifo_axis_inst/xpm_fifo_base_inst/gen_cdc_pntr.rd_pntr_cdc_inst/src_gray_ff_reg[5]/C
    SLICE_X59Y36         FDRE (Prop_fdre_C_Q)         0.419     0.419 r  astep24_3l_top_I/sw_if/spi_egress_fifo/inst/gen_fifo.xpm_fifo_axis_inst/xpm_fifo_base_inst/gen_cdc_pntr.rd_pntr_cdc_inst/src_gray_ff_reg[5]/Q
                         net (fo=1, routed)           0.909     1.328    astep24_3l_top_I/sw_if/spi_egress_fifo/inst/gen_fifo.xpm_fifo_axis_inst/xpm_fifo_base_inst/gen_cdc_pntr.rd_pntr_cdc_inst/async_path[5]
    SLICE_X58Y36         FDRE                                         r  astep24_3l_top_I/sw_if/spi_egress_fifo/inst/gen_fifo.xpm_fifo_axis_inst/xpm_fifo_base_inst/gen_cdc_pntr.rd_pntr_cdc_inst/dest_graysync_ff_reg[0][5]/D
  -------------------------------------------------------------------    -------------------

                         max delay                   30.000    30.000    
    SLICE_X58Y36         FDRE (Setup_fdre_C_D)       -0.268    29.732    astep24_3l_top_I/sw_if/spi_egress_fifo/inst/gen_fifo.xpm_fifo_axis_inst/xpm_fifo_base_inst/gen_cdc_pntr.rd_pntr_cdc_inst/dest_graysync_ff_reg[0][5]
  -------------------------------------------------------------------
                         required time                         29.732    
                         arrival time                          -1.328    
  -------------------------------------------------------------------
                         slack                                 28.404    





---------------------------------------------------------------------------------------------------
From Clock:  clk_80_clk_core_extorint_40_1
  To Clock:  sw_spi_clk

Setup :            0  Failing Endpoints,  Worst Slack       11.184ns,  Total Violation        0.000ns
Hold  :           NA  Failing Endpoints,  Worst Slack           NA  ,  Total Violation           NA
---------------------------------------------------------------------------------------------------


Max Delay Paths
--------------------------------------------------------------------------------------
Slack (MET) :             11.184ns  (required time - arrival time)
  Source:                 astep24_3l_top_I/sw_if/spi_igress_fifo/inst/gen_fifo.xpm_fifo_axis_inst/xpm_fifo_base_inst/gen_cdc_pntr.rd_pntr_cdc_inst/src_gray_ff_reg[5]/C
                            (rising edge-triggered cell FDRE clocked by clk_80_clk_core_extorint_40_1  {rise@0.000ns fall@6.250ns period=12.500ns})
  Destination:            astep24_3l_top_I/sw_if/spi_igress_fifo/inst/gen_fifo.xpm_fifo_axis_inst/xpm_fifo_base_inst/gen_cdc_pntr.rd_pntr_cdc_inst/dest_graysync_ff_reg[0][5]/D
                            (rising edge-triggered cell FDRE clocked by sw_spi_clk  {rise@0.000ns fall@15.000ns period=30.000ns})
  Path Group:             sw_spi_clk
  Path Type:              Setup (Max at Slow Process Corner)
  Requirement:            12.500ns  (MaxDelay Path 12.500ns)
  Data Path Delay:        1.051ns  (logic 0.419ns (39.879%)  route 0.632ns (60.121%))
  Logic Levels:           0  
  Timing Exception:       MaxDelay Path 12.500ns -datapath_only

    Location             Delay type                Incr(ns)  Path(ns)    Netlist Resource(s)
  -------------------------------------------------------------------    -------------------
    SLICE_X62Y34                                      0.000     0.000 r  astep24_3l_top_I/sw_if/spi_igress_fifo/inst/gen_fifo.xpm_fifo_axis_inst/xpm_fifo_base_inst/gen_cdc_pntr.rd_pntr_cdc_inst/src_gray_ff_reg[5]/C
    SLICE_X62Y34         FDRE (Prop_fdre_C_Q)         0.419     0.419 r  astep24_3l_top_I/sw_if/spi_igress_fifo/inst/gen_fifo.xpm_fifo_axis_inst/xpm_fifo_base_inst/gen_cdc_pntr.rd_pntr_cdc_inst/src_gray_ff_reg[5]/Q
                         net (fo=1, routed)           0.632     1.051    astep24_3l_top_I/sw_if/spi_igress_fifo/inst/gen_fifo.xpm_fifo_axis_inst/xpm_fifo_base_inst/gen_cdc_pntr.rd_pntr_cdc_inst/async_path[5]
    SLICE_X63Y33         FDRE                                         r  astep24_3l_top_I/sw_if/spi_igress_fifo/inst/gen_fifo.xpm_fifo_axis_inst/xpm_fifo_base_inst/gen_cdc_pntr.rd_pntr_cdc_inst/dest_graysync_ff_reg[0][5]/D
  -------------------------------------------------------------------    -------------------

                         max delay                   12.500    12.500    
    SLICE_X63Y33         FDRE (Setup_fdre_C_D)       -0.265    12.235    astep24_3l_top_I/sw_if/spi_igress_fifo/inst/gen_fifo.xpm_fifo_axis_inst/xpm_fifo_base_inst/gen_cdc_pntr.rd_pntr_cdc_inst/dest_graysync_ff_reg[0][5]
  -------------------------------------------------------------------
                         required time                         12.235    
                         arrival time                          -1.051    
  -------------------------------------------------------------------
                         slack                                 11.184    





---------------------------------------------------------------------------------------------------
From Clock:  clk_80_clk_core_extorint_40
  To Clock:  sw_spi_clk

Setup :            0  Failing Endpoints,  Worst Slack       11.184ns,  Total Violation        0.000ns
Hold  :           NA  Failing Endpoints,  Worst Slack           NA  ,  Total Violation           NA
---------------------------------------------------------------------------------------------------


Max Delay Paths
--------------------------------------------------------------------------------------
Slack (MET) :             11.184ns  (required time - arrival time)
  Source:                 astep24_3l_top_I/sw_if/spi_igress_fifo/inst/gen_fifo.xpm_fifo_axis_inst/xpm_fifo_base_inst/gen_cdc_pntr.rd_pntr_cdc_inst/src_gray_ff_reg[5]/C
                            (rising edge-triggered cell FDRE clocked by clk_80_clk_core_extorint_40  {rise@0.000ns fall@6.250ns period=12.500ns})
  Destination:            astep24_3l_top_I/sw_if/spi_igress_fifo/inst/gen_fifo.xpm_fifo_axis_inst/xpm_fifo_base_inst/gen_cdc_pntr.rd_pntr_cdc_inst/dest_graysync_ff_reg[0][5]/D
                            (rising edge-triggered cell FDRE clocked by sw_spi_clk  {rise@0.000ns fall@15.000ns period=30.000ns})
  Path Group:             sw_spi_clk
  Path Type:              Setup (Max at Slow Process Corner)
  Requirement:            12.500ns  (MaxDelay Path 12.500ns)
  Data Path Delay:        1.051ns  (logic 0.419ns (39.879%)  route 0.632ns (60.121%))
  Logic Levels:           0  
  Timing Exception:       MaxDelay Path 12.500ns -datapath_only

    Location             Delay type                Incr(ns)  Path(ns)    Netlist Resource(s)
  -------------------------------------------------------------------    -------------------
    SLICE_X62Y34                                      0.000     0.000 r  astep24_3l_top_I/sw_if/spi_igress_fifo/inst/gen_fifo.xpm_fifo_axis_inst/xpm_fifo_base_inst/gen_cdc_pntr.rd_pntr_cdc_inst/src_gray_ff_reg[5]/C
    SLICE_X62Y34         FDRE (Prop_fdre_C_Q)         0.419     0.419 r  astep24_3l_top_I/sw_if/spi_igress_fifo/inst/gen_fifo.xpm_fifo_axis_inst/xpm_fifo_base_inst/gen_cdc_pntr.rd_pntr_cdc_inst/src_gray_ff_reg[5]/Q
                         net (fo=1, routed)           0.632     1.051    astep24_3l_top_I/sw_if/spi_igress_fifo/inst/gen_fifo.xpm_fifo_axis_inst/xpm_fifo_base_inst/gen_cdc_pntr.rd_pntr_cdc_inst/async_path[5]
    SLICE_X63Y33         FDRE                                         r  astep24_3l_top_I/sw_if/spi_igress_fifo/inst/gen_fifo.xpm_fifo_axis_inst/xpm_fifo_base_inst/gen_cdc_pntr.rd_pntr_cdc_inst/dest_graysync_ff_reg[0][5]/D
  -------------------------------------------------------------------    -------------------

                         max delay                   12.500    12.500    
    SLICE_X63Y33         FDRE (Setup_fdre_C_D)       -0.265    12.235    astep24_3l_top_I/sw_if/spi_igress_fifo/inst/gen_fifo.xpm_fifo_axis_inst/xpm_fifo_base_inst/gen_cdc_pntr.rd_pntr_cdc_inst/dest_graysync_ff_reg[0][5]
  -------------------------------------------------------------------
                         required time                         12.235    
                         arrival time                          -1.051    
  -------------------------------------------------------------------
                         slack                                 11.184    





---------------------------------------------------------------------------------------------------
From Clock:  clk_80_clk_core_extorint_40
  To Clock:  clk_10_clk_core_extorint_40

Setup :            0  Failing Endpoints,  Worst Slack        6.114ns,  Total Violation        0.000ns
Hold  :            0  Failing Endpoints,  Worst Slack        0.986ns,  Total Violation        0.000ns
---------------------------------------------------------------------------------------------------


Max Delay Paths
--------------------------------------------------------------------------------------
Slack (MET) :             6.114ns  (required time - arrival time)
  Source:                 astep24_3l_top_I/main_rfg_I/chip_version_reg_reg[6]/C
                            (rising edge-triggered cell FDRE clocked by clk_80_clk_core_extorint_40  {rise@0.000ns fall@6.250ns period=12.500ns})
  Destination:            timestamp_clk_mux/S0
                            (falling edge-triggered cell BUFGCTRL clocked by clk_10_clk_core_extorint_40  {rise@0.000ns fall@50.000ns period=100.000ns})
  Path Group:             clk_10_clk_core_extorint_40
  Path Type:              Setup (Max at Slow Process Corner)
  Requirement:            12.500ns  (clk_10_clk_core_extorint_40 fall@50.000ns - clk_80_clk_core_extorint_40 rise@37.500ns)
  Data Path Delay:        4.249ns  (logic 1.022ns (24.054%)  route 3.227ns (75.946%))
  Logic Levels:           2  (LUT4=1 LUT5=1)
  Clock Path Skew:        -1.497ns (DCD - SCD + CPR)
    Destination Clock Delay (DCD):    -2.843ns = ( 47.157 - 50.000 ) 
    Source Clock Delay      (SCD):    -0.948ns = ( 36.552 - 37.500 ) 
    Clock Pessimism Removal (CPR):    0.397ns
  Clock Uncertainty:      0.279ns  ((TSJ^2 + DJ^2)^1/2) / 2 + PE
    Total System Jitter     (TSJ):    0.071ns
    Discrete Jitter          (DJ):    0.310ns
    Phase Error              (PE):    0.120ns

    Location             Delay type                Incr(ns)  Path(ns)    Netlist Resource(s)
  -------------------------------------------------------------------    -------------------
                         (clock clk_80_clk_core_extorint_40 rise edge)
                                                     37.500    37.500 r  
    L17                                               0.000    37.500 r  sysclk (IN)
                         net (fo=0)                   0.000    37.500    astep24_3l_top_I/clocking_reset_I/sys_to_40/inst/clk_in1
    L17                  IBUF (Prop_ibuf_I_O)         1.476    38.976 r  astep24_3l_top_I/clocking_reset_I/sys_to_40/inst/clkin1_ibufg/O
                         net (fo=1, routed)           1.233    40.209    astep24_3l_top_I/clocking_reset_I/sys_to_40/inst/clk_in1_clk_sys_to_40
    MMCME2_ADV_X0Y0      MMCME2_ADV (Prop_mmcme2_adv_CLKIN1_CLKOUT0)
                                                     -6.965    33.244 r  astep24_3l_top_I/clocking_reset_I/sys_to_40/inst/mmcm_adv_inst/CLKOUT0
                         net (fo=1, routed)           1.666    34.911    astep24_3l_top_I/clocking_reset_I/sys_to_40/inst/clk_out1_clk_sys_to_40
    BUFGCTRL_X0Y10       BUFG (Prop_bufg_I_O)         0.096    35.007 r  astep24_3l_top_I/clocking_reset_I/sys_to_40/inst/clkout1_buf/O
                         net (fo=34, routed)          1.575    36.582    astep24_3l_top_I/clocking_reset_I/intern_or_ext_to_internal/inst/clk_in1
    MMCME2_ADV_X1Y0      MMCME2_ADV (Prop_mmcme2_adv_CLKIN1_CLKOUT1)
                                                     -3.333    33.249 r  astep24_3l_top_I/clocking_reset_I/intern_or_ext_to_internal/inst/mmcm_adv_inst/CLKOUT1
                         net (fo=1, routed)           1.661    34.911    astep24_3l_top_I/clocking_reset_I/intern_or_ext_to_internal/inst/clk_80_clk_core_extorint_40
    BUFGCTRL_X0Y6        BUFG (Prop_bufg_I_O)         0.096    35.007 r  astep24_3l_top_I/clocking_reset_I/intern_or_ext_to_internal/inst/clkout2_buf/O
                         net (fo=5288, routed)        1.545    36.552    astep24_3l_top_I/main_rfg_I/clk_80
    SLICE_X14Y69         FDRE                                         r  astep24_3l_top_I/main_rfg_I/chip_version_reg_reg[6]/C
  -------------------------------------------------------------------    -------------------
    SLICE_X14Y69         FDRE (Prop_fdre_C_Q)         0.518    37.070 f  astep24_3l_top_I/main_rfg_I/chip_version_reg_reg[6]/Q
                         net (fo=3, routed)           1.149    38.219    astep24_3l_top_I/main_rfg_I/chip_version[6]
    SLICE_X14Y69         LUT5 (Prop_lut5_I1_O)        0.150    38.369 f  astep24_3l_top_I/main_rfg_I/timestamp_clk_mux_i_3/O
                         net (fo=3, routed)           0.656    39.025    astep24_3l_top_I/main_rfg_I/timestamp_clk_mux_i_3_n_0
    SLICE_X15Y69         LUT4 (Prop_lut4_I0_O)        0.354    39.379 r  astep24_3l_top_I/main_rfg_I/timestamp_clk_mux_i_1/O
                         net (fo=1, routed)           1.422    40.800    S00
    BUFGCTRL_X0Y1        BUFGCTRL                                     r  timestamp_clk_mux/S0
  -------------------------------------------------------------------    -------------------

                         (clock clk_10_clk_core_extorint_40 fall edge)
                                                     50.000    50.000 f  
    L17                                               0.000    50.000 f  sysclk (IN)
                         net (fo=0)                   0.000    50.000    astep24_3l_top_I/clocking_reset_I/sys_to_40/inst/clk_in1
    L17                  IBUF (Prop_ibuf_I_O)         1.406    51.405 f  astep24_3l_top_I/clocking_reset_I/sys_to_40/inst/clkin1_ibufg/O
                         net (fo=1, routed)           1.162    52.567    astep24_3l_top_I/clocking_reset_I/sys_to_40/inst/clk_in1_clk_sys_to_40
    MMCME2_ADV_X0Y0      MMCME2_ADV (Prop_mmcme2_adv_CLKIN1_CLKOUT0)
                                                     -7.221    45.346 f  astep24_3l_top_I/clocking_reset_I/sys_to_40/inst/mmcm_adv_inst/CLKOUT0
                         net (fo=1, routed)           1.587    46.933    astep24_3l_top_I/clocking_reset_I/sys_to_40/inst/clk_out1_clk_sys_to_40
    BUFGCTRL_X0Y10       BUFG (Prop_bufg_I_O)         0.091    47.024 f  astep24_3l_top_I/clocking_reset_I/sys_to_40/inst/clkout1_buf/O
                         net (fo=34, routed)          1.457    48.481    astep24_3l_top_I/clocking_reset_I/intern_or_ext_to_internal/inst/clk_in1
    MMCME2_ADV_X1Y0      MMCME2_ADV (Prop_mmcme2_adv_CLKIN1_CLKOUT2)
                                                     -3.129    45.352 f  astep24_3l_top_I/clocking_reset_I/intern_or_ext_to_internal/inst/mmcm_adv_inst/CLKOUT2
                         net (fo=1, routed)           1.581    46.933    astep24_3l_top_I/clocking_reset_I/intern_or_ext_to_internal/inst/clk_10_clk_core_extorint_40
    BUFGCTRL_X0Y0        BUFG (Prop_bufg_I_O)         0.091    47.024 f  astep24_3l_top_I/clocking_reset_I/intern_or_ext_to_internal/inst/clkout3_buf/O
                         net (fo=1, routed)           0.133    47.157    timestamp_clk_internal_ap3
    BUFGCTRL_X0Y1        BUFGCTRL                                     f  timestamp_clk_mux/I0
                         clock pessimism              0.397    47.554    
                         clock uncertainty           -0.279    47.275    
    BUFGCTRL_X0Y1        BUFGCTRL (Setup_bufgctrl_I0_S0)
                                                     -0.361    46.914    timestamp_clk_mux
  -------------------------------------------------------------------
                         required time                         46.914    
                         arrival time                         -40.800    
  -------------------------------------------------------------------
                         slack                                  6.114    





Min Delay Paths
--------------------------------------------------------------------------------------
Slack (MET) :             0.986ns  (arrival time - required time)
  Source:                 astep24_3l_top_I/main_rfg_I/clock_ctrl_reg_reg[4]/C
                            (rising edge-triggered cell FDRE clocked by clk_80_clk_core_extorint_40  {rise@0.000ns fall@6.250ns period=12.500ns})
  Destination:            timestamp_clk_mux/CE0
                            (rising edge-triggered cell BUFGCTRL clocked by clk_10_clk_core_extorint_40  {rise@0.000ns fall@50.000ns period=100.000ns})
  Path Group:             clk_10_clk_core_extorint_40
  Path Type:              Hold (Min at Fast Process Corner)
  Requirement:            0.000ns  (clk_10_clk_core_extorint_40 rise@0.000ns - clk_80_clk_core_extorint_40 rise@0.000ns)
  Data Path Delay:        0.948ns  (logic 0.164ns (17.298%)  route 0.784ns (82.702%))
  Logic Levels:           0  
  Clock Path Skew:        -0.476ns (DCD - SCD - CPR)
    Destination Clock Delay (DCD):    -1.638ns
    Source Clock Delay      (SCD):    -0.608ns
    Clock Pessimism Removal (CPR):    -0.554ns
  Clock Uncertainty:      0.279ns  ((TSJ^2 + DJ^2)^1/2) / 2 + PE
    Total System Jitter     (TSJ):    0.071ns
    Discrete Jitter          (DJ):    0.310ns
    Phase Error              (PE):    0.120ns

    Location             Delay type                Incr(ns)  Path(ns)    Netlist Resource(s)
  -------------------------------------------------------------------    -------------------
                         (clock clk_80_clk_core_extorint_40 rise edge)
                                                      0.000     0.000 r  
    L17                                               0.000     0.000 r  sysclk (IN)
                         net (fo=0)                   0.000     0.000    astep24_3l_top_I/clocking_reset_I/sys_to_40/inst/clk_in1
    L17                  IBUF (Prop_ibuf_I_O)         0.244     0.244 r  astep24_3l_top_I/clocking_reset_I/sys_to_40/inst/clkin1_ibufg/O
                         net (fo=1, routed)           0.440     0.684    astep24_3l_top_I/clocking_reset_I/sys_to_40/inst/clk_in1_clk_sys_to_40
    MMCME2_ADV_X0Y0      MMCME2_ADV (Prop_mmcme2_adv_CLKIN1_CLKOUT0)
                                                     -2.362    -1.678 r  astep24_3l_top_I/clocking_reset_I/sys_to_40/inst/mmcm_adv_inst/CLKOUT0
                         net (fo=1, routed)           0.489    -1.189    astep24_3l_top_I/clocking_reset_I/sys_to_40/inst/clk_out1_clk_sys_to_40
    BUFGCTRL_X0Y10       BUFG (Prop_bufg_I_O)         0.026    -1.163 r  astep24_3l_top_I/clocking_reset_I/sys_to_40/inst/clkout1_buf/O
                         net (fo=34, routed)          0.549    -0.615    astep24_3l_top_I/clocking_reset_I/intern_or_ext_to_internal/inst/clk_in1
    MMCME2_ADV_X1Y0      MMCME2_ADV (Prop_mmcme2_adv_CLKIN1_CLKOUT1)
                                                     -1.061    -1.675 r  astep24_3l_top_I/clocking_reset_I/intern_or_ext_to_internal/inst/mmcm_adv_inst/CLKOUT1
                         net (fo=1, routed)           0.486    -1.189    astep24_3l_top_I/clocking_reset_I/intern_or_ext_to_internal/inst/clk_80_clk_core_extorint_40
    BUFGCTRL_X0Y6        BUFG (Prop_bufg_I_O)         0.026    -1.163 r  astep24_3l_top_I/clocking_reset_I/intern_or_ext_to_internal/inst/clkout2_buf/O
                         net (fo=5288, routed)        0.556    -0.608    astep24_3l_top_I/main_rfg_I/clk_80
    SLICE_X12Y69         FDRE                                         r  astep24_3l_top_I/main_rfg_I/clock_ctrl_reg_reg[4]/C
  -------------------------------------------------------------------    -------------------
    SLICE_X12Y69         FDRE (Prop_fdre_C_Q)         0.164    -0.444 r  astep24_3l_top_I/main_rfg_I/clock_ctrl_reg_reg[4]/Q
                         net (fo=3, routed)           0.784     0.340    io_ctrl_timestamp_clock_enable
    BUFGCTRL_X0Y1        BUFGCTRL                                     r  timestamp_clk_mux/CE0
  -------------------------------------------------------------------    -------------------

                         (clock clk_10_clk_core_extorint_40 rise edge)
                                                      0.000     0.000 r  
    L17                                               0.000     0.000 r  sysclk (IN)
                         net (fo=0)                   0.000     0.000    astep24_3l_top_I/clocking_reset_I/sys_to_40/inst/clk_in1
    L17                  IBUF (Prop_ibuf_I_O)         0.432     0.432 r  astep24_3l_top_I/clocking_reset_I/sys_to_40/inst/clkin1_ibufg/O
                         net (fo=1, routed)           0.480     0.912    astep24_3l_top_I/clocking_reset_I/sys_to_40/inst/clk_in1_clk_sys_to_40
    MMCME2_ADV_X0Y0      MMCME2_ADV (Prop_mmcme2_adv_CLKIN1_CLKOUT0)
                                                     -3.145    -2.233 r  astep24_3l_top_I/clocking_reset_I/sys_to_40/inst/mmcm_adv_inst/CLKOUT0
                         net (fo=1, routed)           0.534    -1.700    astep24_3l_top_I/clocking_reset_I/sys_to_40/inst/clk_out1_clk_sys_to_40
    BUFGCTRL_X0Y10       BUFG (Prop_bufg_I_O)         0.029    -1.671 r  astep24_3l_top_I/clocking_reset_I/sys_to_40/inst/clkout1_buf/O
                         net (fo=34, routed)          0.817    -0.854    astep24_3l_top_I/clocking_reset_I/intern_or_ext_to_internal/inst/clk_in1
    MMCME2_ADV_X1Y0      MMCME2_ADV (Prop_mmcme2_adv_CLKIN1_CLKOUT2)
                                                     -1.375    -2.229 r  astep24_3l_top_I/clocking_reset_I/intern_or_ext_to_internal/inst/mmcm_adv_inst/CLKOUT2
                         net (fo=1, routed)           0.530    -1.700    astep24_3l_top_I/clocking_reset_I/intern_or_ext_to_internal/inst/clk_10_clk_core_extorint_40
    BUFGCTRL_X0Y0        BUFG (Prop_bufg_I_O)         0.029    -1.671 r  astep24_3l_top_I/clocking_reset_I/intern_or_ext_to_internal/inst/clkout3_buf/O
                         net (fo=1, routed)           0.033    -1.638    timestamp_clk_internal_ap3
    BUFGCTRL_X0Y1        BUFGCTRL                                     r  timestamp_clk_mux/I0
                         clock pessimism              0.554    -1.084    
                         clock uncertainty            0.279    -0.805    
    BUFGCTRL_X0Y1        BUFGCTRL (Hold_bufgctrl_I0_CE0)
                                                      0.159    -0.646    timestamp_clk_mux
  -------------------------------------------------------------------
                         required time                          0.646    
                         arrival time                           0.340    
  -------------------------------------------------------------------
                         slack                                  0.986    





---------------------------------------------------------------------------------------------------
From Clock:  sw_spi_clk
  To Clock:  clk_80_clk_core_extorint_40

Setup :            0  Failing Endpoints,  Worst Slack       28.404ns,  Total Violation        0.000ns
Hold  :           NA  Failing Endpoints,  Worst Slack           NA  ,  Total Violation           NA
---------------------------------------------------------------------------------------------------


Max Delay Paths
--------------------------------------------------------------------------------------
Slack (MET) :             28.404ns  (required time - arrival time)
  Source:                 astep24_3l_top_I/sw_if/spi_egress_fifo/inst/gen_fifo.xpm_fifo_axis_inst/xpm_fifo_base_inst/gen_cdc_pntr.rd_pntr_cdc_inst/src_gray_ff_reg[5]/C
                            (rising edge-triggered cell FDRE clocked by sw_spi_clk  {rise@0.000ns fall@15.000ns period=30.000ns})
  Destination:            astep24_3l_top_I/sw_if/spi_egress_fifo/inst/gen_fifo.xpm_fifo_axis_inst/xpm_fifo_base_inst/gen_cdc_pntr.rd_pntr_cdc_inst/dest_graysync_ff_reg[0][5]/D
                            (rising edge-triggered cell FDRE clocked by clk_80_clk_core_extorint_40  {rise@0.000ns fall@6.250ns period=12.500ns})
  Path Group:             clk_80_clk_core_extorint_40
  Path Type:              Setup (Max at Slow Process Corner)
  Requirement:            30.000ns  (MaxDelay Path 30.000ns)
  Data Path Delay:        1.328ns  (logic 0.419ns (31.551%)  route 0.909ns (68.449%))
  Logic Levels:           0  
  Timing Exception:       MaxDelay Path 30.000ns -datapath_only

    Location             Delay type                Incr(ns)  Path(ns)    Netlist Resource(s)
  -------------------------------------------------------------------    -------------------
    SLICE_X59Y36                                      0.000     0.000 r  astep24_3l_top_I/sw_if/spi_egress_fifo/inst/gen_fifo.xpm_fifo_axis_inst/xpm_fifo_base_inst/gen_cdc_pntr.rd_pntr_cdc_inst/src_gray_ff_reg[5]/C
    SLICE_X59Y36         FDRE (Prop_fdre_C_Q)         0.419     0.419 r  astep24_3l_top_I/sw_if/spi_egress_fifo/inst/gen_fifo.xpm_fifo_axis_inst/xpm_fifo_base_inst/gen_cdc_pntr.rd_pntr_cdc_inst/src_gray_ff_reg[5]/Q
                         net (fo=1, routed)           0.909     1.328    astep24_3l_top_I/sw_if/spi_egress_fifo/inst/gen_fifo.xpm_fifo_axis_inst/xpm_fifo_base_inst/gen_cdc_pntr.rd_pntr_cdc_inst/async_path[5]
    SLICE_X58Y36         FDRE                                         r  astep24_3l_top_I/sw_if/spi_egress_fifo/inst/gen_fifo.xpm_fifo_axis_inst/xpm_fifo_base_inst/gen_cdc_pntr.rd_pntr_cdc_inst/dest_graysync_ff_reg[0][5]/D
  -------------------------------------------------------------------    -------------------

                         max delay                   30.000    30.000    
    SLICE_X58Y36         FDRE (Setup_fdre_C_D)       -0.268    29.732    astep24_3l_top_I/sw_if/spi_egress_fifo/inst/gen_fifo.xpm_fifo_axis_inst/xpm_fifo_base_inst/gen_cdc_pntr.rd_pntr_cdc_inst/dest_graysync_ff_reg[0][5]
  -------------------------------------------------------------------
                         required time                         29.732    
                         arrival time                          -1.328    
  -------------------------------------------------------------------
                         slack                                 28.404    





---------------------------------------------------------------------------------------------------
From Clock:  hk_spi_divided
  To Clock:  clk_80_clk_core_extorint_40

Setup :            0  Failing Endpoints,  Worst Slack       10.517ns,  Total Violation        0.000ns
Hold  :            0  Failing Endpoints,  Worst Slack        0.250ns,  Total Violation        0.000ns
---------------------------------------------------------------------------------------------------


Max Delay Paths
--------------------------------------------------------------------------------------
Slack (MET) :             10.517ns  (required time - arrival time)
  Source:                 astep24_3l_top_I/main_rfg_I/spi_hk_ckdivider_divided_clk_reg/Q
                            (clock source 'hk_spi_divided'  {rise@0.000ns fall@12.500ns period=25.000ns})
  Destination:            astep24_3l_top_I/main_rfg_I/spi_hk_ckdivider_divided_clk_reg/D
                            (rising edge-triggered cell FDRE clocked by clk_80_clk_core_extorint_40  {rise@0.000ns fall@6.250ns period=12.500ns})
  Path Group:             clk_80_clk_core_extorint_40
  Path Type:              Setup (Max at Slow Process Corner)
  Requirement:            12.500ns  (clk_80_clk_core_extorint_40 rise@12.500ns - hk_spi_divided rise@0.000ns)
  Data Path Delay:        1.326ns  (logic 0.124ns (9.351%)  route 1.202ns (90.649%))
  Logic Levels:           1  (LUT2=1)
  Clock Path Skew:        -0.576ns (DCD - SCD + CPR)
    Destination Clock Delay (DCD):    -1.531ns = ( 10.969 - 12.500 ) 
    Source Clock Delay      (SCD):    -0.472ns
    Clock Pessimism Removal (CPR):    0.483ns
  Clock Uncertainty:      0.110ns  ((TSJ^2 + DJ^2)^1/2) / 2 + PE
    Total System Jitter     (TSJ):    0.071ns
    Discrete Jitter          (DJ):    0.209ns
    Phase Error              (PE):    0.000ns

    Location             Delay type                Incr(ns)  Path(ns)    Netlist Resource(s)
  -------------------------------------------------------------------    -------------------
                         (clock hk_spi_divided rise edge)
                                                      0.000     0.000 r  
    L17                                               0.000     0.000 r  sysclk (IN)
                         net (fo=0)                   0.000     0.000    astep24_3l_top_I/clocking_reset_I/sys_to_40/inst/clk_in1
    L17                  IBUF (Prop_ibuf_I_O)         1.476     1.476 r  astep24_3l_top_I/clocking_reset_I/sys_to_40/inst/clkin1_ibufg/O
                         net (fo=1, routed)           1.233     2.709    astep24_3l_top_I/clocking_reset_I/sys_to_40/inst/clk_in1_clk_sys_to_40
    MMCME2_ADV_X0Y0      MMCME2_ADV (Prop_mmcme2_adv_CLKIN1_CLKOUT0)
                                                     -6.965    -4.256 r  astep24_3l_top_I/clocking_reset_I/sys_to_40/inst/mmcm_adv_inst/CLKOUT0
                         net (fo=1, routed)           1.666    -2.589    astep24_3l_top_I/clocking_reset_I/sys_to_40/inst/clk_out1_clk_sys_to_40
    BUFGCTRL_X0Y10       BUFG (Prop_bufg_I_O)         0.096    -2.493 r  astep24_3l_top_I/clocking_reset_I/sys_to_40/inst/clkout1_buf/O
                         net (fo=34, routed)          1.575    -0.918    astep24_3l_top_I/clocking_reset_I/intern_or_ext_to_internal/inst/clk_in1
    MMCME2_ADV_X1Y0      MMCME2_ADV (Prop_mmcme2_adv_CLKIN1_CLKOUT1)
                                                     -3.333    -4.251 r  astep24_3l_top_I/clocking_reset_I/intern_or_ext_to_internal/inst/mmcm_adv_inst/CLKOUT1
                         net (fo=1, routed)           1.661    -2.589    astep24_3l_top_I/clocking_reset_I/intern_or_ext_to_internal/inst/clk_80_clk_core_extorint_40
    BUFGCTRL_X0Y6        BUFG (Prop_bufg_I_O)         0.096    -2.493 r  astep24_3l_top_I/clocking_reset_I/intern_or_ext_to_internal/inst/clkout2_buf/O
                         net (fo=5288, routed)        1.565    -0.928    astep24_3l_top_I/main_rfg_I/clk_80
  -------------------------------------------------------------------    -------------------
    SLICE_X35Y48         FDRE (Prop_fdre_C_Q)         0.456    -0.472 r  astep24_3l_top_I/main_rfg_I/spi_hk_ckdivider_divided_clk_reg/Q
                         net (fo=2, routed)           1.202     0.730    astep24_3l_top_I/main_rfg_I/spi_hk_ckdivider_divided_clk_reg_0
    SLICE_X35Y48         LUT2 (Prop_lut2_I1_O)        0.124     0.854 r  astep24_3l_top_I/main_rfg_I/spi_hk_ckdivider_divided_clk_i_1/O
                         net (fo=1, routed)           0.000     0.854    astep24_3l_top_I/main_rfg_I/spi_hk_ckdivider_divided_clk_i_1_n_0
    SLICE_X35Y48         FDRE                                         r  astep24_3l_top_I/main_rfg_I/spi_hk_ckdivider_divided_clk_reg/D
  -------------------------------------------------------------------    -------------------

                         (clock clk_80_clk_core_extorint_40 rise edge)
                                                     12.500    12.500 r  
    L17                                               0.000    12.500 r  sysclk (IN)
                         net (fo=0)                   0.000    12.500    astep24_3l_top_I/clocking_reset_I/sys_to_40/inst/clk_in1
    L17                  IBUF (Prop_ibuf_I_O)         1.406    13.905 r  astep24_3l_top_I/clocking_reset_I/sys_to_40/inst/clkin1_ibufg/O
                         net (fo=1, routed)           1.162    15.067    astep24_3l_top_I/clocking_reset_I/sys_to_40/inst/clk_in1_clk_sys_to_40
    MMCME2_ADV_X0Y0      MMCME2_ADV (Prop_mmcme2_adv_CLKIN1_CLKOUT0)
                                                     -7.221     7.846 r  astep24_3l_top_I/clocking_reset_I/sys_to_40/inst/mmcm_adv_inst/CLKOUT0
                         net (fo=1, routed)           1.587     9.433    astep24_3l_top_I/clocking_reset_I/sys_to_40/inst/clk_out1_clk_sys_to_40
    BUFGCTRL_X0Y10       BUFG (Prop_bufg_I_O)         0.091     9.524 r  astep24_3l_top_I/clocking_reset_I/sys_to_40/inst/clkout1_buf/O
                         net (fo=34, routed)          1.457    10.981    astep24_3l_top_I/clocking_reset_I/intern_or_ext_to_internal/inst/clk_in1
    MMCME2_ADV_X1Y0      MMCME2_ADV (Prop_mmcme2_adv_CLKIN1_CLKOUT1)
                                                     -3.129     7.852 r  astep24_3l_top_I/clocking_reset_I/intern_or_ext_to_internal/inst/mmcm_adv_inst/CLKOUT1
                         net (fo=1, routed)           1.581     9.433    astep24_3l_top_I/clocking_reset_I/intern_or_ext_to_internal/inst/clk_80_clk_core_extorint_40
    BUFGCTRL_X0Y6        BUFG (Prop_bufg_I_O)         0.091     9.524 r  astep24_3l_top_I/clocking_reset_I/intern_or_ext_to_internal/inst/clkout2_buf/O
                         net (fo=5288, routed)        1.445    10.969    astep24_3l_top_I/main_rfg_I/clk_80
    SLICE_X35Y48         FDRE                                         r  astep24_3l_top_I/main_rfg_I/spi_hk_ckdivider_divided_clk_reg/C
                         clock pessimism              0.483    11.452    
                         clock uncertainty           -0.110    11.342    
    SLICE_X35Y48         FDRE (Setup_fdre_C_D)        0.029    11.371    astep24_3l_top_I/main_rfg_I/spi_hk_ckdivider_divided_clk_reg
  -------------------------------------------------------------------
                         required time                         11.371    
                         arrival time                          -0.854    
  -------------------------------------------------------------------
                         slack                                 10.517    





Min Delay Paths
--------------------------------------------------------------------------------------
Slack (MET) :             0.250ns  (arrival time - required time)
  Source:                 astep24_3l_top_I/main_rfg_I/spi_hk_ckdivider_divided_clk_reg/Q
                            (clock source 'hk_spi_divided'  {rise@0.000ns fall@12.500ns period=25.000ns})
  Destination:            astep24_3l_top_I/main_rfg_I/spi_hk_ckdivider_divided_clk_reg/D
                            (rising edge-triggered cell FDRE clocked by clk_80_clk_core_extorint_40  {rise@0.000ns fall@6.250ns period=12.500ns})
  Path Group:             clk_80_clk_core_extorint_40
  Path Type:              Hold (Min at Fast Process Corner)
  Requirement:            0.000ns  (clk_80_clk_core_extorint_40 rise@12.500ns - hk_spi_divided fall@12.500ns)
  Data Path Delay:        0.469ns  (logic 0.045ns (9.594%)  route 0.424ns (90.406%))
  Logic Levels:           1  (LUT2=1)
  Clock Path Skew:        0.128ns (DCD - SCD - CPR)
    Destination Clock Delay (DCD):    -0.839ns = ( 11.661 - 12.500 ) 
    Source Clock Delay      (SCD):    -0.460ns = ( 12.040 - 12.500 ) 
    Clock Pessimism Removal (CPR):    -0.507ns

    Location             Delay type                Incr(ns)  Path(ns)    Netlist Resource(s)
  -------------------------------------------------------------------    -------------------
                         (clock hk_spi_divided fall edge)
                                                     12.500    12.500 f  
    L17                                               0.000    12.500 r  sysclk (IN)
                         net (fo=0)                   0.000    12.500    astep24_3l_top_I/clocking_reset_I/sys_to_40/inst/clk_in1
    L17                  IBUF (Prop_ibuf_I_O)         0.244    12.744 r  astep24_3l_top_I/clocking_reset_I/sys_to_40/inst/clkin1_ibufg/O
                         net (fo=1, routed)           0.440    13.184    astep24_3l_top_I/clocking_reset_I/sys_to_40/inst/clk_in1_clk_sys_to_40
    MMCME2_ADV_X0Y0      MMCME2_ADV (Prop_mmcme2_adv_CLKIN1_CLKOUT0)
                                                     -2.362    10.822 r  astep24_3l_top_I/clocking_reset_I/sys_to_40/inst/mmcm_adv_inst/CLKOUT0
                         net (fo=1, routed)           0.489    11.310    astep24_3l_top_I/clocking_reset_I/sys_to_40/inst/clk_out1_clk_sys_to_40
    BUFGCTRL_X0Y10       BUFG (Prop_bufg_I_O)         0.026    11.336 r  astep24_3l_top_I/clocking_reset_I/sys_to_40/inst/clkout1_buf/O
                         net (fo=34, routed)          0.549    11.885    astep24_3l_top_I/clocking_reset_I/intern_or_ext_to_internal/inst/clk_in1
    MMCME2_ADV_X1Y0      MMCME2_ADV (Prop_mmcme2_adv_CLKIN1_CLKOUT1)
                                                     -1.061    10.825 r  astep24_3l_top_I/clocking_reset_I/intern_or_ext_to_internal/inst/mmcm_adv_inst/CLKOUT1
                         net (fo=1, routed)           0.486    11.310    astep24_3l_top_I/clocking_reset_I/intern_or_ext_to_internal/inst/clk_80_clk_core_extorint_40
    BUFGCTRL_X0Y6        BUFG (Prop_bufg_I_O)         0.026    11.336 r  astep24_3l_top_I/clocking_reset_I/intern_or_ext_to_internal/inst/clkout2_buf/O
                         net (fo=5288, routed)        0.563    11.899    astep24_3l_top_I/main_rfg_I/clk_80
  -------------------------------------------------------------------    -------------------
    SLICE_X35Y48         FDRE (Prop_fdre_C_Q)         0.141    12.040 f  astep24_3l_top_I/main_rfg_I/spi_hk_ckdivider_divided_clk_reg/Q
                         net (fo=2, routed)           0.424    12.464    astep24_3l_top_I/main_rfg_I/spi_hk_ckdivider_divided_clk_reg_0
    SLICE_X35Y48         LUT2 (Prop_lut2_I1_O)        0.045    12.509 r  astep24_3l_top_I/main_rfg_I/spi_hk_ckdivider_divided_clk_i_1/O
                         net (fo=1, routed)           0.000    12.509    astep24_3l_top_I/main_rfg_I/spi_hk_ckdivider_divided_clk_i_1_n_0
    SLICE_X35Y48         FDRE                                         r  astep24_3l_top_I/main_rfg_I/spi_hk_ckdivider_divided_clk_reg/D
  -------------------------------------------------------------------    -------------------

                         (clock clk_80_clk_core_extorint_40 rise edge)
                                                     12.500    12.500 r  
    L17                                               0.000    12.500 r  sysclk (IN)
                         net (fo=0)                   0.000    12.500    astep24_3l_top_I/clocking_reset_I/sys_to_40/inst/clk_in1
    L17                  IBUF (Prop_ibuf_I_O)         0.432    12.932 r  astep24_3l_top_I/clocking_reset_I/sys_to_40/inst/clkin1_ibufg/O
                         net (fo=1, routed)           0.480    13.412    astep24_3l_top_I/clocking_reset_I/sys_to_40/inst/clk_in1_clk_sys_to_40
    MMCME2_ADV_X0Y0      MMCME2_ADV (Prop_mmcme2_adv_CLKIN1_CLKOUT0)
                                                     -3.145    10.267 r  astep24_3l_top_I/clocking_reset_I/sys_to_40/inst/mmcm_adv_inst/CLKOUT0
                         net (fo=1, routed)           0.534    10.800    astep24_3l_top_I/clocking_reset_I/sys_to_40/inst/clk_out1_clk_sys_to_40
    BUFGCTRL_X0Y10       BUFG (Prop_bufg_I_O)         0.029    10.829 r  astep24_3l_top_I/clocking_reset_I/sys_to_40/inst/clkout1_buf/O
                         net (fo=34, routed)          0.817    11.646    astep24_3l_top_I/clocking_reset_I/intern_or_ext_to_internal/inst/clk_in1
    MMCME2_ADV_X1Y0      MMCME2_ADV (Prop_mmcme2_adv_CLKIN1_CLKOUT1)
                                                     -1.375    10.271 r  astep24_3l_top_I/clocking_reset_I/intern_or_ext_to_internal/inst/mmcm_adv_inst/CLKOUT1
                         net (fo=1, routed)           0.530    10.800    astep24_3l_top_I/clocking_reset_I/intern_or_ext_to_internal/inst/clk_80_clk_core_extorint_40
    BUFGCTRL_X0Y6        BUFG (Prop_bufg_I_O)         0.029    10.829 r  astep24_3l_top_I/clocking_reset_I/intern_or_ext_to_internal/inst/clkout2_buf/O
                         net (fo=5288, routed)        0.832    11.661    astep24_3l_top_I/main_rfg_I/clk_80
    SLICE_X35Y48         FDRE                                         r  astep24_3l_top_I/main_rfg_I/spi_hk_ckdivider_divided_clk_reg/C
                         clock pessimism              0.507    12.168    
    SLICE_X35Y48         FDRE (Hold_fdre_C_D)         0.091    12.259    astep24_3l_top_I/main_rfg_I/spi_hk_ckdivider_divided_clk_reg
  -------------------------------------------------------------------
                         required time                        -12.259    
                         arrival time                          12.509    
  -------------------------------------------------------------------
                         slack                                  0.250    





---------------------------------------------------------------------------------------------------
From Clock:  layers_spi_divided
  To Clock:  clk_80_clk_core_extorint_40

Setup :            0  Failing Endpoints,  Worst Slack        9.671ns,  Total Violation        0.000ns
Hold  :            0  Failing Endpoints,  Worst Slack        0.549ns,  Total Violation        0.000ns
---------------------------------------------------------------------------------------------------


Max Delay Paths
--------------------------------------------------------------------------------------
Slack (MET) :             9.671ns  (required time - arrival time)
  Source:                 astep24_3l_top_I/main_rfg_I/spi_layers_ckdivider_divided_clk_reg/Q
                            (clock source 'layers_spi_divided'  {rise@0.000ns fall@12.500ns period=25.000ns})
  Destination:            astep24_3l_top_I/main_rfg_I/spi_layers_ckdivider_divided_clk_reg/D
                            (rising edge-triggered cell FDRE clocked by clk_80_clk_core_extorint_40  {rise@0.000ns fall@6.250ns period=12.500ns})
  Path Group:             clk_80_clk_core_extorint_40
  Path Type:              Setup (Max at Slow Process Corner)
  Requirement:            12.500ns  (clk_80_clk_core_extorint_40 rise@25.000ns - layers_spi_divided fall@12.500ns)
  Data Path Delay:        2.174ns  (logic 0.124ns (5.704%)  route 2.050ns (94.296%))
  Logic Levels:           1  (LUT2=1)
  Clock Path Skew:        -0.576ns (DCD - SCD + CPR)
    Destination Clock Delay (DCD):    -1.531ns = ( 23.469 - 25.000 ) 
    Source Clock Delay      (SCD):    -0.472ns = ( 12.028 - 12.500 ) 
    Clock Pessimism Removal (CPR):    0.483ns
  Clock Uncertainty:      0.110ns  ((TSJ^2 + DJ^2)^1/2) / 2 + PE
    Total System Jitter     (TSJ):    0.071ns
    Discrete Jitter          (DJ):    0.209ns
    Phase Error              (PE):    0.000ns

    Location             Delay type                Incr(ns)  Path(ns)    Netlist Resource(s)
  -------------------------------------------------------------------    -------------------
                         (clock layers_spi_divided fall edge)
                                                     12.500    12.500 f  
    L17                                               0.000    12.500 r  sysclk (IN)
                         net (fo=0)                   0.000    12.500    astep24_3l_top_I/clocking_reset_I/sys_to_40/inst/clk_in1
    L17                  IBUF (Prop_ibuf_I_O)         1.476    13.976 r  astep24_3l_top_I/clocking_reset_I/sys_to_40/inst/clkin1_ibufg/O
                         net (fo=1, routed)           1.233    15.209    astep24_3l_top_I/clocking_reset_I/sys_to_40/inst/clk_in1_clk_sys_to_40
    MMCME2_ADV_X0Y0      MMCME2_ADV (Prop_mmcme2_adv_CLKIN1_CLKOUT0)
                                                     -6.965     8.244 r  astep24_3l_top_I/clocking_reset_I/sys_to_40/inst/mmcm_adv_inst/CLKOUT0
                         net (fo=1, routed)           1.666     9.911    astep24_3l_top_I/clocking_reset_I/sys_to_40/inst/clk_out1_clk_sys_to_40
    BUFGCTRL_X0Y10       BUFG (Prop_bufg_I_O)         0.096    10.007 r  astep24_3l_top_I/clocking_reset_I/sys_to_40/inst/clkout1_buf/O
                         net (fo=34, routed)          1.575    11.582    astep24_3l_top_I/clocking_reset_I/intern_or_ext_to_internal/inst/clk_in1
    MMCME2_ADV_X1Y0      MMCME2_ADV (Prop_mmcme2_adv_CLKIN1_CLKOUT1)
                                                     -3.333     8.249 r  astep24_3l_top_I/clocking_reset_I/intern_or_ext_to_internal/inst/mmcm_adv_inst/CLKOUT1
                         net (fo=1, routed)           1.661     9.911    astep24_3l_top_I/clocking_reset_I/intern_or_ext_to_internal/inst/clk_80_clk_core_extorint_40
    BUFGCTRL_X0Y6        BUFG (Prop_bufg_I_O)         0.096    10.007 r  astep24_3l_top_I/clocking_reset_I/intern_or_ext_to_internal/inst/clkout2_buf/O
                         net (fo=5288, routed)        1.565    11.572    astep24_3l_top_I/main_rfg_I/clk_80
  -------------------------------------------------------------------    -------------------
    SLICE_X35Y48         FDRE (Prop_fdre_C_Q)         0.456    12.028 f  astep24_3l_top_I/main_rfg_I/spi_layers_ckdivider_divided_clk_reg/Q
                         net (fo=2, routed)           2.050    14.078    astep24_3l_top_I/main_rfg_I/spi_layers_ckdivider_divided_clk_reg_0
    SLICE_X35Y48         LUT2 (Prop_lut2_I1_O)        0.124    14.202 r  astep24_3l_top_I/main_rfg_I/spi_layers_ckdivider_divided_clk_i_1/O
                         net (fo=1, routed)           0.000    14.202    astep24_3l_top_I/main_rfg_I/spi_layers_ckdivider_divided_clk_i_1_n_0
    SLICE_X35Y48         FDRE                                         r  astep24_3l_top_I/main_rfg_I/spi_layers_ckdivider_divided_clk_reg/D
  -------------------------------------------------------------------    -------------------

                         (clock clk_80_clk_core_extorint_40 rise edge)
                                                     25.000    25.000 r  
    L17                                               0.000    25.000 r  sysclk (IN)
                         net (fo=0)                   0.000    25.000    astep24_3l_top_I/clocking_reset_I/sys_to_40/inst/clk_in1
    L17                  IBUF (Prop_ibuf_I_O)         1.406    26.405 r  astep24_3l_top_I/clocking_reset_I/sys_to_40/inst/clkin1_ibufg/O
                         net (fo=1, routed)           1.162    27.567    astep24_3l_top_I/clocking_reset_I/sys_to_40/inst/clk_in1_clk_sys_to_40
    MMCME2_ADV_X0Y0      MMCME2_ADV (Prop_mmcme2_adv_CLKIN1_CLKOUT0)
                                                     -7.221    20.346 r  astep24_3l_top_I/clocking_reset_I/sys_to_40/inst/mmcm_adv_inst/CLKOUT0
                         net (fo=1, routed)           1.587    21.933    astep24_3l_top_I/clocking_reset_I/sys_to_40/inst/clk_out1_clk_sys_to_40
    BUFGCTRL_X0Y10       BUFG (Prop_bufg_I_O)         0.091    22.024 r  astep24_3l_top_I/clocking_reset_I/sys_to_40/inst/clkout1_buf/O
                         net (fo=34, routed)          1.457    23.481    astep24_3l_top_I/clocking_reset_I/intern_or_ext_to_internal/inst/clk_in1
    MMCME2_ADV_X1Y0      MMCME2_ADV (Prop_mmcme2_adv_CLKIN1_CLKOUT1)
                                                     -3.129    20.352 r  astep24_3l_top_I/clocking_reset_I/intern_or_ext_to_internal/inst/mmcm_adv_inst/CLKOUT1
                         net (fo=1, routed)           1.581    21.933    astep24_3l_top_I/clocking_reset_I/intern_or_ext_to_internal/inst/clk_80_clk_core_extorint_40
    BUFGCTRL_X0Y6        BUFG (Prop_bufg_I_O)         0.091    22.024 r  astep24_3l_top_I/clocking_reset_I/intern_or_ext_to_internal/inst/clkout2_buf/O
                         net (fo=5288, routed)        1.445    23.469    astep24_3l_top_I/main_rfg_I/clk_80
    SLICE_X35Y48         FDRE                                         r  astep24_3l_top_I/main_rfg_I/spi_layers_ckdivider_divided_clk_reg/C
                         clock pessimism              0.483    23.952    
                         clock uncertainty           -0.110    23.842    
    SLICE_X35Y48         FDRE (Setup_fdre_C_D)        0.031    23.873    astep24_3l_top_I/main_rfg_I/spi_layers_ckdivider_divided_clk_reg
  -------------------------------------------------------------------
                         required time                         23.873    
                         arrival time                         -14.202    
  -------------------------------------------------------------------
                         slack                                  9.671    





Min Delay Paths
--------------------------------------------------------------------------------------
Slack (MET) :             0.549ns  (arrival time - required time)
  Source:                 astep24_3l_top_I/main_rfg_I/spi_layers_ckdivider_divided_clk_reg/Q
                            (clock source 'layers_spi_divided'  {rise@0.000ns fall@12.500ns period=25.000ns})
  Destination:            astep24_3l_top_I/main_rfg_I/spi_layers_ckdivider_divided_clk_reg/D
                            (rising edge-triggered cell FDRE clocked by clk_80_clk_core_extorint_40  {rise@0.000ns fall@6.250ns period=12.500ns})
  Path Group:             clk_80_clk_core_extorint_40
  Path Type:              Hold (Min at Fast Process Corner)
  Requirement:            0.000ns  (clk_80_clk_core_extorint_40 rise@12.500ns - layers_spi_divided fall@12.500ns)
  Data Path Delay:        0.769ns  (logic 0.045ns (5.853%)  route 0.724ns (94.147%))
  Logic Levels:           1  (LUT2=1)
  Clock Path Skew:        0.128ns (DCD - SCD - CPR)
    Destination Clock Delay (DCD):    -0.839ns = ( 11.661 - 12.500 ) 
    Source Clock Delay      (SCD):    -0.460ns = ( 12.040 - 12.500 ) 
    Clock Pessimism Removal (CPR):    -0.507ns

    Location             Delay type                Incr(ns)  Path(ns)    Netlist Resource(s)
  -------------------------------------------------------------------    -------------------
                         (clock layers_spi_divided fall edge)
                                                     12.500    12.500 f  
    L17                                               0.000    12.500 r  sysclk (IN)
                         net (fo=0)                   0.000    12.500    astep24_3l_top_I/clocking_reset_I/sys_to_40/inst/clk_in1
    L17                  IBUF (Prop_ibuf_I_O)         0.244    12.744 r  astep24_3l_top_I/clocking_reset_I/sys_to_40/inst/clkin1_ibufg/O
                         net (fo=1, routed)           0.440    13.184    astep24_3l_top_I/clocking_reset_I/sys_to_40/inst/clk_in1_clk_sys_to_40
    MMCME2_ADV_X0Y0      MMCME2_ADV (Prop_mmcme2_adv_CLKIN1_CLKOUT0)
                                                     -2.362    10.822 r  astep24_3l_top_I/clocking_reset_I/sys_to_40/inst/mmcm_adv_inst/CLKOUT0
                         net (fo=1, routed)           0.489    11.310    astep24_3l_top_I/clocking_reset_I/sys_to_40/inst/clk_out1_clk_sys_to_40
    BUFGCTRL_X0Y10       BUFG (Prop_bufg_I_O)         0.026    11.336 r  astep24_3l_top_I/clocking_reset_I/sys_to_40/inst/clkout1_buf/O
                         net (fo=34, routed)          0.549    11.885    astep24_3l_top_I/clocking_reset_I/intern_or_ext_to_internal/inst/clk_in1
    MMCME2_ADV_X1Y0      MMCME2_ADV (Prop_mmcme2_adv_CLKIN1_CLKOUT1)
                                                     -1.061    10.825 r  astep24_3l_top_I/clocking_reset_I/intern_or_ext_to_internal/inst/mmcm_adv_inst/CLKOUT1
                         net (fo=1, routed)           0.486    11.310    astep24_3l_top_I/clocking_reset_I/intern_or_ext_to_internal/inst/clk_80_clk_core_extorint_40
    BUFGCTRL_X0Y6        BUFG (Prop_bufg_I_O)         0.026    11.336 r  astep24_3l_top_I/clocking_reset_I/intern_or_ext_to_internal/inst/clkout2_buf/O
                         net (fo=5288, routed)        0.563    11.899    astep24_3l_top_I/main_rfg_I/clk_80
  -------------------------------------------------------------------    -------------------
    SLICE_X35Y48         FDRE (Prop_fdre_C_Q)         0.141    12.040 f  astep24_3l_top_I/main_rfg_I/spi_layers_ckdivider_divided_clk_reg/Q
                         net (fo=2, routed)           0.724    12.764    astep24_3l_top_I/main_rfg_I/spi_layers_ckdivider_divided_clk_reg_0
    SLICE_X35Y48         LUT2 (Prop_lut2_I1_O)        0.045    12.809 r  astep24_3l_top_I/main_rfg_I/spi_layers_ckdivider_divided_clk_i_1/O
                         net (fo=1, routed)           0.000    12.809    astep24_3l_top_I/main_rfg_I/spi_layers_ckdivider_divided_clk_i_1_n_0
    SLICE_X35Y48         FDRE                                         r  astep24_3l_top_I/main_rfg_I/spi_layers_ckdivider_divided_clk_reg/D
  -------------------------------------------------------------------    -------------------

                         (clock clk_80_clk_core_extorint_40 rise edge)
                                                     12.500    12.500 r  
    L17                                               0.000    12.500 r  sysclk (IN)
                         net (fo=0)                   0.000    12.500    astep24_3l_top_I/clocking_reset_I/sys_to_40/inst/clk_in1
    L17                  IBUF (Prop_ibuf_I_O)         0.432    12.932 r  astep24_3l_top_I/clocking_reset_I/sys_to_40/inst/clkin1_ibufg/O
                         net (fo=1, routed)           0.480    13.412    astep24_3l_top_I/clocking_reset_I/sys_to_40/inst/clk_in1_clk_sys_to_40
    MMCME2_ADV_X0Y0      MMCME2_ADV (Prop_mmcme2_adv_CLKIN1_CLKOUT0)
                                                     -3.145    10.267 r  astep24_3l_top_I/clocking_reset_I/sys_to_40/inst/mmcm_adv_inst/CLKOUT0
                         net (fo=1, routed)           0.534    10.800    astep24_3l_top_I/clocking_reset_I/sys_to_40/inst/clk_out1_clk_sys_to_40
    BUFGCTRL_X0Y10       BUFG (Prop_bufg_I_O)         0.029    10.829 r  astep24_3l_top_I/clocking_reset_I/sys_to_40/inst/clkout1_buf/O
                         net (fo=34, routed)          0.817    11.646    astep24_3l_top_I/clocking_reset_I/intern_or_ext_to_internal/inst/clk_in1
    MMCME2_ADV_X1Y0      MMCME2_ADV (Prop_mmcme2_adv_CLKIN1_CLKOUT1)
                                                     -1.375    10.271 r  astep24_3l_top_I/clocking_reset_I/intern_or_ext_to_internal/inst/mmcm_adv_inst/CLKOUT1
                         net (fo=1, routed)           0.530    10.800    astep24_3l_top_I/clocking_reset_I/intern_or_ext_to_internal/inst/clk_80_clk_core_extorint_40
    BUFGCTRL_X0Y6        BUFG (Prop_bufg_I_O)         0.029    10.829 r  astep24_3l_top_I/clocking_reset_I/intern_or_ext_to_internal/inst/clkout2_buf/O
                         net (fo=5288, routed)        0.832    11.661    astep24_3l_top_I/main_rfg_I/clk_80
    SLICE_X35Y48         FDRE                                         r  astep24_3l_top_I/main_rfg_I/spi_layers_ckdivider_divided_clk_reg/C
                         clock pessimism              0.507    12.168    
    SLICE_X35Y48         FDRE (Hold_fdre_C_D)         0.092    12.260    astep24_3l_top_I/main_rfg_I/spi_layers_ckdivider_divided_clk_reg
  -------------------------------------------------------------------
                         required time                        -12.260    
                         arrival time                          12.809    
  -------------------------------------------------------------------
                         slack                                  0.549    





---------------------------------------------------------------------------------------------------
From Clock:  spi_layer0_clock_internal
  To Clock:  clk_80_clk_core_extorint_40

Setup :            0  Failing Endpoints,  Worst Slack       48.542ns,  Total Violation        0.000ns
Hold  :           NA  Failing Endpoints,  Worst Slack           NA  ,  Total Violation           NA
---------------------------------------------------------------------------------------------------


Max Delay Paths
--------------------------------------------------------------------------------------
Slack (MET) :             48.542ns  (required time - arrival time)
  Source:                 astep24_3l_top_I/loopback_spi_layer_0/spi_igress_fifo/inst/gen_fifo.xpm_fifo_axis_inst/xpm_fifo_base_inst/gen_cdc_pntr.wr_pntr_cdc_dc_inst/src_gray_ff_reg[4]/C
                            (rising edge-triggered cell FDRE clocked by spi_layer0_clock_internal  {rise@0.000ns fall@25.000ns period=50.000ns})
  Destination:            astep24_3l_top_I/loopback_spi_layer_0/spi_igress_fifo/inst/gen_fifo.xpm_fifo_axis_inst/xpm_fifo_base_inst/gen_cdc_pntr.wr_pntr_cdc_dc_inst/dest_graysync_ff_reg[0][4]/D
                            (rising edge-triggered cell FDRE clocked by clk_80_clk_core_extorint_40  {rise@0.000ns fall@6.250ns period=12.500ns})
  Path Group:             clk_80_clk_core_extorint_40
  Path Type:              Setup (Max at Slow Process Corner)
  Requirement:            50.000ns  (MaxDelay Path 50.000ns)
  Data Path Delay:        1.411ns  (logic 0.456ns (32.329%)  route 0.955ns (67.671%))
  Logic Levels:           0  
  Timing Exception:       MaxDelay Path 50.000ns -datapath_only

    Location             Delay type                Incr(ns)  Path(ns)    Netlist Resource(s)
  -------------------------------------------------------------------    -------------------
    SLICE_X47Y76                                      0.000     0.000 r  astep24_3l_top_I/loopback_spi_layer_0/spi_igress_fifo/inst/gen_fifo.xpm_fifo_axis_inst/xpm_fifo_base_inst/gen_cdc_pntr.wr_pntr_cdc_dc_inst/src_gray_ff_reg[4]/C
    SLICE_X47Y76         FDRE (Prop_fdre_C_Q)         0.456     0.456 r  astep24_3l_top_I/loopback_spi_layer_0/spi_igress_fifo/inst/gen_fifo.xpm_fifo_axis_inst/xpm_fifo_base_inst/gen_cdc_pntr.wr_pntr_cdc_dc_inst/src_gray_ff_reg[4]/Q
                         net (fo=1, routed)           0.955     1.411    astep24_3l_top_I/loopback_spi_layer_0/spi_igress_fifo/inst/gen_fifo.xpm_fifo_axis_inst/xpm_fifo_base_inst/gen_cdc_pntr.wr_pntr_cdc_dc_inst/async_path[4]
    SLICE_X38Y75         FDRE                                         r  astep24_3l_top_I/loopback_spi_layer_0/spi_igress_fifo/inst/gen_fifo.xpm_fifo_axis_inst/xpm_fifo_base_inst/gen_cdc_pntr.wr_pntr_cdc_dc_inst/dest_graysync_ff_reg[0][4]/D
  -------------------------------------------------------------------    -------------------

                         max delay                   50.000    50.000    
    SLICE_X38Y75         FDRE (Setup_fdre_C_D)       -0.047    49.953    astep24_3l_top_I/loopback_spi_layer_0/spi_igress_fifo/inst/gen_fifo.xpm_fifo_axis_inst/xpm_fifo_base_inst/gen_cdc_pntr.wr_pntr_cdc_dc_inst/dest_graysync_ff_reg[0][4]
  -------------------------------------------------------------------
                         required time                         49.953    
                         arrival time                          -1.411    
  -------------------------------------------------------------------
                         slack                                 48.542    





---------------------------------------------------------------------------------------------------
From Clock:  spi_layer1_clock_internal
  To Clock:  clk_80_clk_core_extorint_40

Setup :            0  Failing Endpoints,  Worst Slack       48.464ns,  Total Violation        0.000ns
Hold  :           NA  Failing Endpoints,  Worst Slack           NA  ,  Total Violation           NA
---------------------------------------------------------------------------------------------------


Max Delay Paths
--------------------------------------------------------------------------------------
Slack (MET) :             48.464ns  (required time - arrival time)
  Source:                 astep24_3l_top_I/loopback_spi_layer_1/miso_fifo/inst/gen_fifo.xpm_fifo_axis_inst/xpm_fifo_base_inst/gen_cdc_pntr.rd_pntr_cdc_inst/src_gray_ff_reg[5]/C
                            (rising edge-triggered cell FDRE clocked by spi_layer1_clock_internal  {rise@0.000ns fall@25.000ns period=50.000ns})
  Destination:            astep24_3l_top_I/loopback_spi_layer_1/miso_fifo/inst/gen_fifo.xpm_fifo_axis_inst/xpm_fifo_base_inst/gen_cdc_pntr.rd_pntr_cdc_inst/dest_graysync_ff_reg[0][5]/D
                            (rising edge-triggered cell FDRE clocked by clk_80_clk_core_extorint_40  {rise@0.000ns fall@6.250ns period=12.500ns})
  Path Group:             clk_80_clk_core_extorint_40
  Path Type:              Setup (Max at Slow Process Corner)
  Requirement:            50.000ns  (MaxDelay Path 50.000ns)
  Data Path Delay:        1.268ns  (logic 0.419ns (33.035%)  route 0.849ns (66.965%))
  Logic Levels:           0  
  Timing Exception:       MaxDelay Path 50.000ns -datapath_only

    Location             Delay type                Incr(ns)  Path(ns)    Netlist Resource(s)
  -------------------------------------------------------------------    -------------------
    SLICE_X61Y66                                      0.000     0.000 r  astep24_3l_top_I/loopback_spi_layer_1/miso_fifo/inst/gen_fifo.xpm_fifo_axis_inst/xpm_fifo_base_inst/gen_cdc_pntr.rd_pntr_cdc_inst/src_gray_ff_reg[5]/C
    SLICE_X61Y66         FDRE (Prop_fdre_C_Q)         0.419     0.419 r  astep24_3l_top_I/loopback_spi_layer_1/miso_fifo/inst/gen_fifo.xpm_fifo_axis_inst/xpm_fifo_base_inst/gen_cdc_pntr.rd_pntr_cdc_inst/src_gray_ff_reg[5]/Q
                         net (fo=1, routed)           0.849     1.268    astep24_3l_top_I/loopback_spi_layer_1/miso_fifo/inst/gen_fifo.xpm_fifo_axis_inst/xpm_fifo_base_inst/gen_cdc_pntr.rd_pntr_cdc_inst/async_path[5]
    SLICE_X61Y67         FDRE                                         r  astep24_3l_top_I/loopback_spi_layer_1/miso_fifo/inst/gen_fifo.xpm_fifo_axis_inst/xpm_fifo_base_inst/gen_cdc_pntr.rd_pntr_cdc_inst/dest_graysync_ff_reg[0][5]/D
  -------------------------------------------------------------------    -------------------

                         max delay                   50.000    50.000    
    SLICE_X61Y67         FDRE (Setup_fdre_C_D)       -0.268    49.732    astep24_3l_top_I/loopback_spi_layer_1/miso_fifo/inst/gen_fifo.xpm_fifo_axis_inst/xpm_fifo_base_inst/gen_cdc_pntr.rd_pntr_cdc_inst/dest_graysync_ff_reg[0][5]
  -------------------------------------------------------------------
                         required time                         49.732    
                         arrival time                          -1.268    
  -------------------------------------------------------------------
                         slack                                 48.464    





---------------------------------------------------------------------------------------------------
From Clock:  spi_layer2_clock_internal
  To Clock:  clk_80_clk_core_extorint_40

Setup :            0  Failing Endpoints,  Worst Slack       48.593ns,  Total Violation        0.000ns
Hold  :           NA  Failing Endpoints,  Worst Slack           NA  ,  Total Violation           NA
---------------------------------------------------------------------------------------------------


Max Delay Paths
--------------------------------------------------------------------------------------
Slack (MET) :             48.593ns  (required time - arrival time)
  Source:                 astep24_3l_top_I/loopback_spi_layer_2/spi_igress_fifo/inst/gen_fifo.xpm_fifo_axis_inst/xpm_fifo_base_inst/gen_cdc_pntr.wr_pntr_cdc_dc_inst/src_gray_ff_reg[0]/C
                            (rising edge-triggered cell FDRE clocked by spi_layer2_clock_internal  {rise@0.000ns fall@25.000ns period=50.000ns})
  Destination:            astep24_3l_top_I/loopback_spi_layer_2/spi_igress_fifo/inst/gen_fifo.xpm_fifo_axis_inst/xpm_fifo_base_inst/gen_cdc_pntr.wr_pntr_cdc_dc_inst/dest_graysync_ff_reg[0][0]/D
                            (rising edge-triggered cell FDRE clocked by clk_80_clk_core_extorint_40  {rise@0.000ns fall@6.250ns period=12.500ns})
  Path Group:             clk_80_clk_core_extorint_40
  Path Type:              Setup (Max at Slow Process Corner)
  Requirement:            50.000ns  (MaxDelay Path 50.000ns)
  Data Path Delay:        1.313ns  (logic 0.456ns (34.743%)  route 0.857ns (65.257%))
  Logic Levels:           0  
  Timing Exception:       MaxDelay Path 50.000ns -datapath_only

    Location             Delay type                Incr(ns)  Path(ns)    Netlist Resource(s)
  -------------------------------------------------------------------    -------------------
    SLICE_X32Y45                                      0.000     0.000 r  astep24_3l_top_I/loopback_spi_layer_2/spi_igress_fifo/inst/gen_fifo.xpm_fifo_axis_inst/xpm_fifo_base_inst/gen_cdc_pntr.wr_pntr_cdc_dc_inst/src_gray_ff_reg[0]/C
    SLICE_X32Y45         FDRE (Prop_fdre_C_Q)         0.456     0.456 r  astep24_3l_top_I/loopback_spi_layer_2/spi_igress_fifo/inst/gen_fifo.xpm_fifo_axis_inst/xpm_fifo_base_inst/gen_cdc_pntr.wr_pntr_cdc_dc_inst/src_gray_ff_reg[0]/Q
                         net (fo=1, routed)           0.857     1.313    astep24_3l_top_I/loopback_spi_layer_2/spi_igress_fifo/inst/gen_fifo.xpm_fifo_axis_inst/xpm_fifo_base_inst/gen_cdc_pntr.wr_pntr_cdc_dc_inst/async_path[0]
    SLICE_X31Y45         FDRE                                         r  astep24_3l_top_I/loopback_spi_layer_2/spi_igress_fifo/inst/gen_fifo.xpm_fifo_axis_inst/xpm_fifo_base_inst/gen_cdc_pntr.wr_pntr_cdc_dc_inst/dest_graysync_ff_reg[0][0]/D
  -------------------------------------------------------------------    -------------------

                         max delay                   50.000    50.000    
    SLICE_X31Y45         FDRE (Setup_fdre_C_D)       -0.095    49.905    astep24_3l_top_I/loopback_spi_layer_2/spi_igress_fifo/inst/gen_fifo.xpm_fifo_axis_inst/xpm_fifo_base_inst/gen_cdc_pntr.wr_pntr_cdc_dc_inst/dest_graysync_ff_reg[0][0]
  -------------------------------------------------------------------
                         required time                         49.905    
                         arrival time                          -1.313    
  -------------------------------------------------------------------
                         slack                                 48.593    





---------------------------------------------------------------------------------------------------
From Clock:  clk_80_clk_core_extorint_40
  To Clock:  hk_spi_divided

Setup :            0  Failing Endpoints,  Worst Slack        0.842ns,  Total Violation        0.000ns
Hold  :            0  Failing Endpoints,  Worst Slack        0.121ns,  Total Violation        0.000ns
---------------------------------------------------------------------------------------------------


Max Delay Paths
--------------------------------------------------------------------------------------
Slack (MET) :             0.842ns  (required time - arrival time)
  Source:                 astep24_3l_top_I/main_rfg_I/hk_ctrl_reg_reg[4]/C
                            (rising edge-triggered cell FDSE clocked by clk_80_clk_core_extorint_40  {rise@0.000ns fall@6.250ns period=12.500ns})
  Destination:            ext_spi_mosi
                            (output port clocked by hk_spi_divided  {rise@0.000ns fall@12.500ns period=25.000ns})
  Path Group:             hk_spi_divided
  Path Type:              Max at Slow Process Corner
  Requirement:            12.500ns  (hk_spi_divided rise@25.000ns - clk_80_clk_core_extorint_40 rise@12.500ns)
  Data Path Delay:        6.571ns  (logic 4.083ns (62.138%)  route 2.488ns (37.862%))
  Logic Levels:           2  (LUT3=1 OBUF=1)
  Output Delay:           5.000ns
  Clock Path Skew:        0.023ns (DCD - SCD + CPR)
    Destination Clock Delay (DCD):    -1.164ns = ( 23.836 - 25.000 ) 
    Source Clock Delay      (SCD):    -0.704ns = ( 11.796 - 12.500 ) 
    Clock Pessimism Removal (CPR):    0.483ns
  Clock Uncertainty:      0.110ns  ((TSJ^2 + DJ^2)^1/2) / 2 + PE
    Total System Jitter     (TSJ):    0.071ns
    Discrete Jitter          (DJ):    0.209ns
    Phase Error              (PE):    0.000ns

    Location             Delay type                Incr(ns)  Path(ns)    Netlist Resource(s)
  -------------------------------------------------------------------    -------------------
                         (clock clk_80_clk_core_extorint_40 rise edge)
                                                     12.500    12.500 r  
    L17                                               0.000    12.500 r  sysclk (IN)
                         net (fo=0)                   0.000    12.500    astep24_3l_top_I/clocking_reset_I/sys_to_40/inst/clk_in1
    L17                  IBUF (Prop_ibuf_I_O)         1.476    13.976 r  astep24_3l_top_I/clocking_reset_I/sys_to_40/inst/clkin1_ibufg/O
                         net (fo=1, routed)           1.233    15.209    astep24_3l_top_I/clocking_reset_I/sys_to_40/inst/clk_in1_clk_sys_to_40
    MMCME2_ADV_X0Y0      MMCME2_ADV (Prop_mmcme2_adv_CLKIN1_CLKOUT0)
                                                     -6.965     8.244 r  astep24_3l_top_I/clocking_reset_I/sys_to_40/inst/mmcm_adv_inst/CLKOUT0
                         net (fo=1, routed)           1.666     9.911    astep24_3l_top_I/clocking_reset_I/sys_to_40/inst/clk_out1_clk_sys_to_40
    BUFGCTRL_X0Y10       BUFG (Prop_bufg_I_O)         0.096    10.007 r  astep24_3l_top_I/clocking_reset_I/sys_to_40/inst/clkout1_buf/O
                         net (fo=34, routed)          1.575    11.582    astep24_3l_top_I/clocking_reset_I/intern_or_ext_to_internal/inst/clk_in1
    MMCME2_ADV_X1Y0      MMCME2_ADV (Prop_mmcme2_adv_CLKIN1_CLKOUT1)
                                                     -3.333     8.249 r  astep24_3l_top_I/clocking_reset_I/intern_or_ext_to_internal/inst/mmcm_adv_inst/CLKOUT1
                         net (fo=1, routed)           1.661     9.911    astep24_3l_top_I/clocking_reset_I/intern_or_ext_to_internal/inst/clk_80_clk_core_extorint_40
    BUFGCTRL_X0Y6        BUFG (Prop_bufg_I_O)         0.096    10.007 r  astep24_3l_top_I/clocking_reset_I/intern_or_ext_to_internal/inst/clkout2_buf/O
                         net (fo=5288, routed)        1.789    11.796    astep24_3l_top_I/main_rfg_I/clk_80
    SLICE_X3Y125         FDSE                                         r  astep24_3l_top_I/main_rfg_I/hk_ctrl_reg_reg[4]/C
  -------------------------------------------------------------------    -------------------
    SLICE_X3Y125         FDSE (Prop_fdse_C_Q)         0.456    12.252 r  astep24_3l_top_I/main_rfg_I/hk_ctrl_reg_reg[4]/Q
                         net (fo=18, routed)          0.626    12.878    astep24_3l_top_I/housekeeping/ext_adcdac_driver/spi_io/mosi_byte_reg[0]_0[3]
    SLICE_X1Y131         LUT3 (Prop_lut3_I1_O)        0.124    13.002 r  astep24_3l_top_I/housekeeping/ext_adcdac_driver/spi_io/ext_spi_mosi_OBUF_inst_i_1/O
                         net (fo=1, routed)           1.862    14.864    ext_spi_mosi_OBUF
    A15                  OBUF (Prop_obuf_I_O)         3.503    18.367 r  ext_spi_mosi_OBUF_inst/O
                         net (fo=0)                   0.000    18.367    ext_spi_mosi
    A15                                                               r  ext_spi_mosi (OUT)
  -------------------------------------------------------------------    -------------------

                         (clock hk_spi_divided rise edge)
                                                     25.000    25.000 r  
    L17                                               0.000    25.000 r  sysclk (IN)
                         net (fo=0)                   0.000    25.000    astep24_3l_top_I/clocking_reset_I/sys_to_40/inst/clk_in1
    L17                  IBUF (Prop_ibuf_I_O)         1.406    26.405 r  astep24_3l_top_I/clocking_reset_I/sys_to_40/inst/clkin1_ibufg/O
                         net (fo=1, routed)           1.162    27.567    astep24_3l_top_I/clocking_reset_I/sys_to_40/inst/clk_in1_clk_sys_to_40
    MMCME2_ADV_X0Y0      MMCME2_ADV (Prop_mmcme2_adv_CLKIN1_CLKOUT0)
                                                     -7.221    20.346 r  astep24_3l_top_I/clocking_reset_I/sys_to_40/inst/mmcm_adv_inst/CLKOUT0
                         net (fo=1, routed)           1.587    21.933    astep24_3l_top_I/clocking_reset_I/sys_to_40/inst/clk_out1_clk_sys_to_40
    BUFGCTRL_X0Y10       BUFG (Prop_bufg_I_O)         0.091    22.024 r  astep24_3l_top_I/clocking_reset_I/sys_to_40/inst/clkout1_buf/O
                         net (fo=34, routed)          1.457    23.481    astep24_3l_top_I/clocking_reset_I/intern_or_ext_to_internal/inst/clk_in1
    MMCME2_ADV_X1Y0      MMCME2_ADV (Prop_mmcme2_adv_CLKIN1_CLKOUT1)
                                                     -3.129    20.352 r  astep24_3l_top_I/clocking_reset_I/intern_or_ext_to_internal/inst/mmcm_adv_inst/CLKOUT1
                         net (fo=1, routed)           1.581    21.933    astep24_3l_top_I/clocking_reset_I/intern_or_ext_to_internal/inst/clk_80_clk_core_extorint_40
    BUFGCTRL_X0Y6        BUFG (Prop_bufg_I_O)         0.091    22.024 r  astep24_3l_top_I/clocking_reset_I/intern_or_ext_to_internal/inst/clkout2_buf/O
                         net (fo=5288, routed)        1.445    23.469    astep24_3l_top_I/main_rfg_I/clk_80
    SLICE_X35Y48         FDRE (Prop_fdre_C_Q)         0.367    23.836 r  astep24_3l_top_I/main_rfg_I/spi_hk_ckdivider_divided_clk_reg/Q
                         clock pessimism              0.483    24.319    
                         clock uncertainty           -0.110    24.209    
                         output delay                -5.000    19.209    
  -------------------------------------------------------------------
                         required time                         19.209    
                         arrival time                         -18.367    
  -------------------------------------------------------------------
                         slack                                  0.842    





Min Delay Paths
--------------------------------------------------------------------------------------
Slack (MET) :             0.121ns  (arrival time - required time)
  Source:                 astep24_3l_top_I/main_rfg_I/hk_ctrl_reg_reg[3]/C
                            (rising edge-triggered cell FDRE clocked by clk_80_clk_core_extorint_40  {rise@0.000ns fall@6.250ns period=12.500ns})
  Destination:            astep24_3l_top_I/housekeeping/ext_adcdac_driver/spi_io/miso_bit_counter_reg[0]/D
                            (rising edge-triggered cell FDRE clocked by hk_spi_divided  {rise@0.000ns fall@12.500ns period=25.000ns})
  Path Group:             hk_spi_divided
  Path Type:              Hold (Min at Fast Process Corner)
  Requirement:            0.000ns  (hk_spi_divided rise@0.000ns - clk_80_clk_core_extorint_40 rise@0.000ns)
  Data Path Delay:        2.052ns  (logic 0.209ns (10.183%)  route 1.843ns (89.817%))
  Logic Levels:           1  (LUT6=1)
  Clock Path Skew:        1.811ns (DCD - SCD - CPR)
    Destination Clock Delay (DCD):    0.700ns
    Source Clock Delay      (SCD):    -0.604ns
    Clock Pessimism Removal (CPR):    -0.507ns

    Location             Delay type                Incr(ns)  Path(ns)    Netlist Resource(s)
  -------------------------------------------------------------------    -------------------
                         (clock clk_80_clk_core_extorint_40 rise edge)
                                                      0.000     0.000 r  
    L17                                               0.000     0.000 r  sysclk (IN)
                         net (fo=0)                   0.000     0.000    astep24_3l_top_I/clocking_reset_I/sys_to_40/inst/clk_in1
    L17                  IBUF (Prop_ibuf_I_O)         0.244     0.244 r  astep24_3l_top_I/clocking_reset_I/sys_to_40/inst/clkin1_ibufg/O
                         net (fo=1, routed)           0.440     0.684    astep24_3l_top_I/clocking_reset_I/sys_to_40/inst/clk_in1_clk_sys_to_40
    MMCME2_ADV_X0Y0      MMCME2_ADV (Prop_mmcme2_adv_CLKIN1_CLKOUT0)
                                                     -2.362    -1.678 r  astep24_3l_top_I/clocking_reset_I/sys_to_40/inst/mmcm_adv_inst/CLKOUT0
                         net (fo=1, routed)           0.489    -1.189    astep24_3l_top_I/clocking_reset_I/sys_to_40/inst/clk_out1_clk_sys_to_40
    BUFGCTRL_X0Y10       BUFG (Prop_bufg_I_O)         0.026    -1.163 r  astep24_3l_top_I/clocking_reset_I/sys_to_40/inst/clkout1_buf/O
                         net (fo=34, routed)          0.549    -0.615    astep24_3l_top_I/clocking_reset_I/intern_or_ext_to_internal/inst/clk_in1
    MMCME2_ADV_X1Y0      MMCME2_ADV (Prop_mmcme2_adv_CLKIN1_CLKOUT1)
                                                     -1.061    -1.675 r  astep24_3l_top_I/clocking_reset_I/intern_or_ext_to_internal/inst/mmcm_adv_inst/CLKOUT1
                         net (fo=1, routed)           0.486    -1.189    astep24_3l_top_I/clocking_reset_I/intern_or_ext_to_internal/inst/clk_80_clk_core_extorint_40
    BUFGCTRL_X0Y6        BUFG (Prop_bufg_I_O)         0.026    -1.163 r  astep24_3l_top_I/clocking_reset_I/intern_or_ext_to_internal/inst/clkout2_buf/O
                         net (fo=5288, routed)        0.560    -0.604    astep24_3l_top_I/main_rfg_I/clk_80
    SLICE_X14Y84         FDRE                                         r  astep24_3l_top_I/main_rfg_I/hk_ctrl_reg_reg[3]/C
  -------------------------------------------------------------------    -------------------
    SLICE_X14Y84         FDRE (Prop_fdre_C_Q)         0.164    -0.440 r  astep24_3l_top_I/main_rfg_I/hk_ctrl_reg_reg[3]/Q
                         net (fo=9, routed)           1.843     1.404    astep24_3l_top_I/housekeeping/ext_adcdac_driver/spi_io/mosi_byte_reg[0]_0[2]
    SLICE_X14Y88         LUT6 (Prop_lut6_I3_O)        0.045     1.449 r  astep24_3l_top_I/housekeeping/ext_adcdac_driver/spi_io/miso_bit_counter[0]_i_1/O
                         net (fo=1, routed)           0.000     1.449    astep24_3l_top_I/housekeeping/ext_adcdac_driver/spi_io/miso_bit_counter[0]_i_1_n_0
    SLICE_X14Y88         FDRE                                         r  astep24_3l_top_I/housekeeping/ext_adcdac_driver/spi_io/miso_bit_counter_reg[0]/D
  -------------------------------------------------------------------    -------------------

                         (clock hk_spi_divided rise edge)
                                                      0.000     0.000 r  
    L17                                               0.000     0.000 r  sysclk (IN)
                         net (fo=0)                   0.000     0.000    astep24_3l_top_I/clocking_reset_I/sys_to_40/inst/clk_in1
    L17                  IBUF (Prop_ibuf_I_O)         0.432     0.432 r  astep24_3l_top_I/clocking_reset_I/sys_to_40/inst/clkin1_ibufg/O
                         net (fo=1, routed)           0.480     0.912    astep24_3l_top_I/clocking_reset_I/sys_to_40/inst/clk_in1_clk_sys_to_40
    MMCME2_ADV_X0Y0      MMCME2_ADV (Prop_mmcme2_adv_CLKIN1_CLKOUT0)
                                                     -3.145    -2.233 r  astep24_3l_top_I/clocking_reset_I/sys_to_40/inst/mmcm_adv_inst/CLKOUT0
                         net (fo=1, routed)           0.534    -1.700    astep24_3l_top_I/clocking_reset_I/sys_to_40/inst/clk_out1_clk_sys_to_40
    BUFGCTRL_X0Y10       BUFG (Prop_bufg_I_O)         0.029    -1.671 r  astep24_3l_top_I/clocking_reset_I/sys_to_40/inst/clkout1_buf/O
                         net (fo=34, routed)          0.817    -0.854    astep24_3l_top_I/clocking_reset_I/intern_or_ext_to_internal/inst/clk_in1
    MMCME2_ADV_X1Y0      MMCME2_ADV (Prop_mmcme2_adv_CLKIN1_CLKOUT1)
                                                     -1.375    -2.229 r  astep24_3l_top_I/clocking_reset_I/intern_or_ext_to_internal/inst/mmcm_adv_inst/CLKOUT1
                         net (fo=1, routed)           0.530    -1.700    astep24_3l_top_I/clocking_reset_I/intern_or_ext_to_internal/inst/clk_80_clk_core_extorint_40
    BUFGCTRL_X0Y6        BUFG (Prop_bufg_I_O)         0.029    -1.671 r  astep24_3l_top_I/clocking_reset_I/intern_or_ext_to_internal/inst/clkout2_buf/O
                         net (fo=5288, routed)        0.832    -0.839    astep24_3l_top_I/main_rfg_I/clk_80
    SLICE_X35Y48         FDRE (Prop_fdre_C_Q)         0.175    -0.664 r  astep24_3l_top_I/main_rfg_I/spi_hk_ckdivider_divided_clk_reg/Q
                         net (fo=2, routed)           0.504    -0.160    astep24_3l_top_I_n_28
    BUFGCTRL_X0Y8        BUFG (Prop_bufg_I_O)         0.029    -0.131 r  spi_hk_ckdivider_divided_resn_delay_reg[7]_i_1/O
                         net (fo=257, routed)         0.831     0.700    astep24_3l_top_I/housekeeping/ext_adcdac_driver/spi_io/mosi_byte_reg[7]_0
    SLICE_X14Y88         FDRE                                         r  astep24_3l_top_I/housekeeping/ext_adcdac_driver/spi_io/miso_bit_counter_reg[0]/C
                         clock pessimism              0.507     1.207    
    SLICE_X14Y88         FDRE (Hold_fdre_C_D)         0.120     1.327    astep24_3l_top_I/housekeeping/ext_adcdac_driver/spi_io/miso_bit_counter_reg[0]
  -------------------------------------------------------------------
                         required time                         -1.327    
                         arrival time                           1.449    
  -------------------------------------------------------------------
                         slack                                  0.121    





---------------------------------------------------------------------------------------------------
From Clock:  hk_spi_divided_clock_internal
  To Clock:  hk_spi_divided

Setup :            0  Failing Endpoints,  Worst Slack       22.152ns,  Total Violation        0.000ns
Hold  :            0  Failing Endpoints,  Worst Slack        0.597ns,  Total Violation        0.000ns
---------------------------------------------------------------------------------------------------


Max Delay Paths
--------------------------------------------------------------------------------------
Slack (MET) :             22.152ns  (required time - arrival time)
  Source:                 astep24_3l_top_I/housekeeping/ext_adcdac_driver/spi_io/spi_clk_reg_reg/Q
                            (clock source 'hk_spi_divided_clock_internal'  {rise@0.000ns fall@25.000ns period=50.000ns})
  Destination:            astep24_3l_top_I/housekeeping/ext_adcdac_driver/spi_io/spi_clk_reg_reg/D
                            (rising edge-triggered cell FDRE clocked by hk_spi_divided  {rise@0.000ns fall@12.500ns period=25.000ns})
  Path Group:             hk_spi_divided
  Path Type:              Setup (Max at Slow Process Corner)
  Requirement:            25.000ns  (hk_spi_divided rise@50.000ns - hk_spi_divided_clock_internal fall@25.000ns)
  Data Path Delay:        2.183ns  (logic 0.124ns (5.679%)  route 2.059ns (94.321%))
  Logic Levels:           1  (LUT6=1)
  Clock Path Skew:        -0.635ns (DCD - SCD + CPR)
    Destination Clock Delay (DCD):    1.347ns = ( 51.347 - 50.000 ) 
    Source Clock Delay      (SCD):    2.825ns = ( 27.825 - 25.000 ) 
    Clock Pessimism Removal (CPR):    0.843ns
  Clock Uncertainty:      0.110ns  ((TSJ^2 + DJ^2)^1/2) / 2 + PE
    Total System Jitter     (TSJ):    0.071ns
    Discrete Jitter          (DJ):    0.209ns
    Phase Error              (PE):    0.000ns

    Location             Delay type                Incr(ns)  Path(ns)    Netlist Resource(s)
  -------------------------------------------------------------------    -------------------
                         (clock hk_spi_divided_clock_internal fall edge)
                                                     25.000    25.000 f  
    L17                                               0.000    25.000 r  sysclk (IN)
                         net (fo=0)                   0.000    25.000    astep24_3l_top_I/clocking_reset_I/sys_to_40/inst/clk_in1
    L17                  IBUF (Prop_ibuf_I_O)         1.476    26.476 r  astep24_3l_top_I/clocking_reset_I/sys_to_40/inst/clkin1_ibufg/O
                         net (fo=1, routed)           1.233    27.709    astep24_3l_top_I/clocking_reset_I/sys_to_40/inst/clk_in1_clk_sys_to_40
    MMCME2_ADV_X0Y0      MMCME2_ADV (Prop_mmcme2_adv_CLKIN1_CLKOUT0)
                                                     -6.965    20.744 r  astep24_3l_top_I/clocking_reset_I/sys_to_40/inst/mmcm_adv_inst/CLKOUT0
                         net (fo=1, routed)           1.666    22.411    astep24_3l_top_I/clocking_reset_I/sys_to_40/inst/clk_out1_clk_sys_to_40
    BUFGCTRL_X0Y10       BUFG (Prop_bufg_I_O)         0.096    22.507 r  astep24_3l_top_I/clocking_reset_I/sys_to_40/inst/clkout1_buf/O
                         net (fo=34, routed)          1.575    24.082    astep24_3l_top_I/clocking_reset_I/intern_or_ext_to_internal/inst/clk_in1
    MMCME2_ADV_X1Y0      MMCME2_ADV (Prop_mmcme2_adv_CLKIN1_CLKOUT1)
                                                     -3.333    20.749 r  astep24_3l_top_I/clocking_reset_I/intern_or_ext_to_internal/inst/mmcm_adv_inst/CLKOUT1
                         net (fo=1, routed)           1.661    22.411    astep24_3l_top_I/clocking_reset_I/intern_or_ext_to_internal/inst/clk_80_clk_core_extorint_40
    BUFGCTRL_X0Y6        BUFG (Prop_bufg_I_O)         0.096    22.507 r  astep24_3l_top_I/clocking_reset_I/intern_or_ext_to_internal/inst/clkout2_buf/O
                         net (fo=5288, routed)        1.565    24.072    astep24_3l_top_I/main_rfg_I/clk_80
    SLICE_X35Y48         FDRE (Prop_fdre_C_Q)         0.456    24.528 r  astep24_3l_top_I/main_rfg_I/spi_hk_ckdivider_divided_clk_reg/Q
                         net (fo=2, routed)           1.128    25.656    astep24_3l_top_I_n_28
    BUFGCTRL_X0Y8        BUFG (Prop_bufg_I_O)         0.096    25.752 r  spi_hk_ckdivider_divided_resn_delay_reg[7]_i_1/O
                         net (fo=257, routed)         1.555    27.307    astep24_3l_top_I/housekeeping/ext_adcdac_driver/spi_io/mosi_byte_reg[7]_0
  -------------------------------------------------------------------    -------------------
    SLICE_X12Y90         FDRE (Prop_fdre_C_Q)         0.518    27.825 f  astep24_3l_top_I/housekeeping/ext_adcdac_driver/spi_io/spi_clk_reg_reg/Q
                         net (fo=2, routed)           2.059    29.884    astep24_3l_top_I/housekeeping/ext_adcdac_driver/spi_io/ext_spi_clk_OBUF
    SLICE_X12Y90         LUT6 (Prop_lut6_I5_O)        0.124    30.008 r  astep24_3l_top_I/housekeeping/ext_adcdac_driver/spi_io/spi_clk_reg_i_1__2/O
                         net (fo=1, routed)           0.000    30.008    astep24_3l_top_I/housekeeping/ext_adcdac_driver/spi_io/spi_clk_reg_i_1__2_n_0
    SLICE_X12Y90         FDRE                                         r  astep24_3l_top_I/housekeeping/ext_adcdac_driver/spi_io/spi_clk_reg_reg/D
  -------------------------------------------------------------------    -------------------

                         (clock hk_spi_divided rise edge)
                                                     50.000    50.000 r  
    L17                                               0.000    50.000 r  sysclk (IN)
                         net (fo=0)                   0.000    50.000    astep24_3l_top_I/clocking_reset_I/sys_to_40/inst/clk_in1
    L17                  IBUF (Prop_ibuf_I_O)         1.406    51.405 r  astep24_3l_top_I/clocking_reset_I/sys_to_40/inst/clkin1_ibufg/O
                         net (fo=1, routed)           1.162    52.567    astep24_3l_top_I/clocking_reset_I/sys_to_40/inst/clk_in1_clk_sys_to_40
    MMCME2_ADV_X0Y0      MMCME2_ADV (Prop_mmcme2_adv_CLKIN1_CLKOUT0)
                                                     -7.221    45.346 r  astep24_3l_top_I/clocking_reset_I/sys_to_40/inst/mmcm_adv_inst/CLKOUT0
                         net (fo=1, routed)           1.587    46.933    astep24_3l_top_I/clocking_reset_I/sys_to_40/inst/clk_out1_clk_sys_to_40
    BUFGCTRL_X0Y10       BUFG (Prop_bufg_I_O)         0.091    47.024 r  astep24_3l_top_I/clocking_reset_I/sys_to_40/inst/clkout1_buf/O
                         net (fo=34, routed)          1.457    48.481    astep24_3l_top_I/clocking_reset_I/intern_or_ext_to_internal/inst/clk_in1
    MMCME2_ADV_X1Y0      MMCME2_ADV (Prop_mmcme2_adv_CLKIN1_CLKOUT1)
                                                     -3.129    45.352 r  astep24_3l_top_I/clocking_reset_I/intern_or_ext_to_internal/inst/mmcm_adv_inst/CLKOUT1
                         net (fo=1, routed)           1.581    46.933    astep24_3l_top_I/clocking_reset_I/intern_or_ext_to_internal/inst/clk_80_clk_core_extorint_40
    BUFGCTRL_X0Y6        BUFG (Prop_bufg_I_O)         0.091    47.024 r  astep24_3l_top_I/clocking_reset_I/intern_or_ext_to_internal/inst/clkout2_buf/O
                         net (fo=5288, routed)        1.445    48.469    astep24_3l_top_I/main_rfg_I/clk_80
    SLICE_X35Y48         FDRE (Prop_fdre_C_Q)         0.367    48.836 r  astep24_3l_top_I/main_rfg_I/spi_hk_ckdivider_divided_clk_reg/Q
                         net (fo=2, routed)           0.982    49.818    astep24_3l_top_I_n_28
    BUFGCTRL_X0Y8        BUFG (Prop_bufg_I_O)         0.091    49.909 r  spi_hk_ckdivider_divided_resn_delay_reg[7]_i_1/O
                         net (fo=257, routed)         1.438    51.347    astep24_3l_top_I/housekeeping/ext_adcdac_driver/spi_io/mosi_byte_reg[7]_0
    SLICE_X12Y90         FDRE                                         r  astep24_3l_top_I/housekeeping/ext_adcdac_driver/spi_io/spi_clk_reg_reg/C
                         clock pessimism              0.843    52.189    
                         clock uncertainty           -0.110    52.079    
    SLICE_X12Y90         FDRE (Setup_fdre_C_D)        0.081    52.160    astep24_3l_top_I/housekeeping/ext_adcdac_driver/spi_io/spi_clk_reg_reg
  -------------------------------------------------------------------
                         required time                         52.160    
                         arrival time                         -30.008    
  -------------------------------------------------------------------
                         slack                                 22.152    





Min Delay Paths
--------------------------------------------------------------------------------------
Slack (MET) :             0.597ns  (arrival time - required time)
  Source:                 astep24_3l_top_I/housekeeping/ext_adcdac_driver/spi_io/spi_clk_reg_reg/Q
                            (clock source 'hk_spi_divided_clock_internal'  {rise@0.000ns fall@25.000ns period=50.000ns})
  Destination:            astep24_3l_top_I/housekeeping/ext_adcdac_driver/spi_io/spi_clk_reg_reg/D
                            (rising edge-triggered cell FDRE clocked by hk_spi_divided  {rise@0.000ns fall@12.500ns period=25.000ns})
  Path Group:             hk_spi_divided
  Path Type:              Hold (Min at Fast Process Corner)
  Requirement:            0.000ns  (hk_spi_divided rise@0.000ns - hk_spi_divided_clock_internal rise@0.000ns)
  Data Path Delay:        0.823ns  (logic 0.045ns (5.465%)  route 0.778ns (94.535%))
  Logic Levels:           1  (LUT6=1)
  Clock Path Skew:        0.106ns (DCD - SCD - CPR)
    Destination Clock Delay (DCD):    0.701ns
    Source Clock Delay      (SCD):    0.734ns
    Clock Pessimism Removal (CPR):    -0.138ns

    Location             Delay type                Incr(ns)  Path(ns)    Netlist Resource(s)
  -------------------------------------------------------------------    -------------------
                         (clock hk_spi_divided_clock_internal rise edge)
                                                      0.000     0.000 r  
    L17                                               0.000     0.000 r  sysclk (IN)
                         net (fo=0)                   0.000     0.000    astep24_3l_top_I/clocking_reset_I/sys_to_40/inst/clk_in1
    L17                  IBUF (Prop_ibuf_I_O)         0.244     0.244 r  astep24_3l_top_I/clocking_reset_I/sys_to_40/inst/clkin1_ibufg/O
                         net (fo=1, routed)           0.440     0.684    astep24_3l_top_I/clocking_reset_I/sys_to_40/inst/clk_in1_clk_sys_to_40
    MMCME2_ADV_X0Y0      MMCME2_ADV (Prop_mmcme2_adv_CLKIN1_CLKOUT0)
                                                     -2.362    -1.678 r  astep24_3l_top_I/clocking_reset_I/sys_to_40/inst/mmcm_adv_inst/CLKOUT0
                         net (fo=1, routed)           0.489    -1.189    astep24_3l_top_I/clocking_reset_I/sys_to_40/inst/clk_out1_clk_sys_to_40
    BUFGCTRL_X0Y10       BUFG (Prop_bufg_I_O)         0.026    -1.163 r  astep24_3l_top_I/clocking_reset_I/sys_to_40/inst/clkout1_buf/O
                         net (fo=34, routed)          0.549    -0.615    astep24_3l_top_I/clocking_reset_I/intern_or_ext_to_internal/inst/clk_in1
    MMCME2_ADV_X1Y0      MMCME2_ADV (Prop_mmcme2_adv_CLKIN1_CLKOUT1)
                                                     -1.061    -1.675 r  astep24_3l_top_I/clocking_reset_I/intern_or_ext_to_internal/inst/mmcm_adv_inst/CLKOUT1
                         net (fo=1, routed)           0.486    -1.189    astep24_3l_top_I/clocking_reset_I/intern_or_ext_to_internal/inst/clk_80_clk_core_extorint_40
    BUFGCTRL_X0Y6        BUFG (Prop_bufg_I_O)         0.026    -1.163 r  astep24_3l_top_I/clocking_reset_I/intern_or_ext_to_internal/inst/clkout2_buf/O
                         net (fo=5288, routed)        0.563    -0.601    astep24_3l_top_I/main_rfg_I/clk_80
    SLICE_X35Y48         FDRE (Prop_fdre_C_Q)         0.141    -0.460 r  astep24_3l_top_I/main_rfg_I/spi_hk_ckdivider_divided_clk_reg/Q
                         net (fo=2, routed)           0.441    -0.019    astep24_3l_top_I_n_28
    BUFGCTRL_X0Y8        BUFG (Prop_bufg_I_O)         0.026     0.007 r  spi_hk_ckdivider_divided_resn_delay_reg[7]_i_1/O
                         net (fo=257, routed)         0.563     0.570    astep24_3l_top_I/housekeeping/ext_adcdac_driver/spi_io/mosi_byte_reg[7]_0
  -------------------------------------------------------------------    -------------------
    SLICE_X12Y90         FDRE (Prop_fdre_C_Q)         0.164     0.734 r  astep24_3l_top_I/housekeeping/ext_adcdac_driver/spi_io/spi_clk_reg_reg/Q
                         net (fo=2, routed)           0.778     1.512    astep24_3l_top_I/housekeeping/ext_adcdac_driver/spi_io/ext_spi_clk_OBUF
    SLICE_X12Y90         LUT6 (Prop_lut6_I5_O)        0.045     1.557 r  astep24_3l_top_I/housekeeping/ext_adcdac_driver/spi_io/spi_clk_reg_i_1__2/O
                         net (fo=1, routed)           0.000     1.557    astep24_3l_top_I/housekeeping/ext_adcdac_driver/spi_io/spi_clk_reg_i_1__2_n_0
    SLICE_X12Y90         FDRE                                         r  astep24_3l_top_I/housekeeping/ext_adcdac_driver/spi_io/spi_clk_reg_reg/D
  -------------------------------------------------------------------    -------------------

                         (clock hk_spi_divided rise edge)
                                                      0.000     0.000 r  
    L17                                               0.000     0.000 r  sysclk (IN)
                         net (fo=0)                   0.000     0.000    astep24_3l_top_I/clocking_reset_I/sys_to_40/inst/clk_in1
    L17                  IBUF (Prop_ibuf_I_O)         0.432     0.432 r  astep24_3l_top_I/clocking_reset_I/sys_to_40/inst/clkin1_ibufg/O
                         net (fo=1, routed)           0.480     0.912    astep24_3l_top_I/clocking_reset_I/sys_to_40/inst/clk_in1_clk_sys_to_40
    MMCME2_ADV_X0Y0      MMCME2_ADV (Prop_mmcme2_adv_CLKIN1_CLKOUT0)
                                                     -3.145    -2.233 r  astep24_3l_top_I/clocking_reset_I/sys_to_40/inst/mmcm_adv_inst/CLKOUT0
                         net (fo=1, routed)           0.534    -1.700    astep24_3l_top_I/clocking_reset_I/sys_to_40/inst/clk_out1_clk_sys_to_40
    BUFGCTRL_X0Y10       BUFG (Prop_bufg_I_O)         0.029    -1.671 r  astep24_3l_top_I/clocking_reset_I/sys_to_40/inst/clkout1_buf/O
                         net (fo=34, routed)          0.817    -0.854    astep24_3l_top_I/clocking_reset_I/intern_or_ext_to_internal/inst/clk_in1
    MMCME2_ADV_X1Y0      MMCME2_ADV (Prop_mmcme2_adv_CLKIN1_CLKOUT1)
                                                     -1.375    -2.229 r  astep24_3l_top_I/clocking_reset_I/intern_or_ext_to_internal/inst/mmcm_adv_inst/CLKOUT1
                         net (fo=1, routed)           0.530    -1.700    astep24_3l_top_I/clocking_reset_I/intern_or_ext_to_internal/inst/clk_80_clk_core_extorint_40
    BUFGCTRL_X0Y6        BUFG (Prop_bufg_I_O)         0.029    -1.671 r  astep24_3l_top_I/clocking_reset_I/intern_or_ext_to_internal/inst/clkout2_buf/O
                         net (fo=5288, routed)        0.832    -0.839    astep24_3l_top_I/main_rfg_I/clk_80
    SLICE_X35Y48         FDRE (Prop_fdre_C_Q)         0.175    -0.664 r  astep24_3l_top_I/main_rfg_I/spi_hk_ckdivider_divided_clk_reg/Q
                         net (fo=2, routed)           0.504    -0.160    astep24_3l_top_I_n_28
    BUFGCTRL_X0Y8        BUFG (Prop_bufg_I_O)         0.029    -0.131 r  spi_hk_ckdivider_divided_resn_delay_reg[7]_i_1/O
                         net (fo=257, routed)         0.832     0.701    astep24_3l_top_I/housekeeping/ext_adcdac_driver/spi_io/mosi_byte_reg[7]_0
    SLICE_X12Y90         FDRE                                         r  astep24_3l_top_I/housekeeping/ext_adcdac_driver/spi_io/spi_clk_reg_reg/C
                         clock pessimism              0.138     0.839    
    SLICE_X12Y90         FDRE (Hold_fdre_C_D)         0.121     0.960    astep24_3l_top_I/housekeeping/ext_adcdac_driver/spi_io/spi_clk_reg_reg
  -------------------------------------------------------------------
                         required time                         -0.960    
                         arrival time                           1.557    
  -------------------------------------------------------------------
                         slack                                  0.597    





---------------------------------------------------------------------------------------------------
From Clock:  clk_80_clk_core_extorint_40
  To Clock:  layers_spi_divided

Setup :            0  Failing Endpoints,  Worst Slack        6.151ns,  Total Violation        0.000ns
Hold  :            0  Failing Endpoints,  Worst Slack        0.063ns,  Total Violation        0.000ns
---------------------------------------------------------------------------------------------------


Max Delay Paths
--------------------------------------------------------------------------------------
Slack (MET) :             6.151ns  (required time - arrival time)
  Source:                 astep24_3l_top_I/main_rfg_I/layer_1_cfg_ctrl_reg_reg[4]/C
                            (rising edge-triggered cell FDRE clocked by clk_80_clk_core_extorint_40  {rise@0.000ns fall@6.250ns period=12.500ns})
  Destination:            astep24_3l_top_I/switched_readout/genblk1[1].layer_if_I/spi_io/mosi_byte_reg[2]/CE
                            (rising edge-triggered cell FDRE clocked by layers_spi_divided  {rise@0.000ns fall@12.500ns period=25.000ns})
  Path Group:             layers_spi_divided
  Path Type:              Setup (Max at Slow Process Corner)
  Requirement:            12.500ns  (layers_spi_divided rise@25.000ns - clk_80_clk_core_extorint_40 rise@12.500ns)
  Data Path Delay:        8.942ns  (logic 0.934ns (10.445%)  route 8.008ns (89.555%))
  Logic Levels:           2  (LUT4=1 LUT6=1)
  Clock Path Skew:        2.872ns (DCD - SCD + CPR)
    Destination Clock Delay (DCD):    1.444ns = ( 26.444 - 25.000 ) 
    Source Clock Delay      (SCD):    -0.945ns = ( 11.555 - 12.500 ) 
    Clock Pessimism Removal (CPR):    0.483ns
  Clock Uncertainty:      0.110ns  ((TSJ^2 + DJ^2)^1/2) / 2 + PE
    Total System Jitter     (TSJ):    0.071ns
    Discrete Jitter          (DJ):    0.209ns
    Phase Error              (PE):    0.000ns

    Location             Delay type                Incr(ns)  Path(ns)    Netlist Resource(s)
  -------------------------------------------------------------------    -------------------
                         (clock clk_80_clk_core_extorint_40 rise edge)
                                                     12.500    12.500 r  
    L17                                               0.000    12.500 r  sysclk (IN)
                         net (fo=0)                   0.000    12.500    astep24_3l_top_I/clocking_reset_I/sys_to_40/inst/clk_in1
    L17                  IBUF (Prop_ibuf_I_O)         1.476    13.976 r  astep24_3l_top_I/clocking_reset_I/sys_to_40/inst/clkin1_ibufg/O
                         net (fo=1, routed)           1.233    15.209    astep24_3l_top_I/clocking_reset_I/sys_to_40/inst/clk_in1_clk_sys_to_40
    MMCME2_ADV_X0Y0      MMCME2_ADV (Prop_mmcme2_adv_CLKIN1_CLKOUT0)
                                                     -6.965     8.244 r  astep24_3l_top_I/clocking_reset_I/sys_to_40/inst/mmcm_adv_inst/CLKOUT0
                         net (fo=1, routed)           1.666     9.911    astep24_3l_top_I/clocking_reset_I/sys_to_40/inst/clk_out1_clk_sys_to_40
    BUFGCTRL_X0Y10       BUFG (Prop_bufg_I_O)         0.096    10.007 r  astep24_3l_top_I/clocking_reset_I/sys_to_40/inst/clkout1_buf/O
                         net (fo=34, routed)          1.575    11.582    astep24_3l_top_I/clocking_reset_I/intern_or_ext_to_internal/inst/clk_in1
    MMCME2_ADV_X1Y0      MMCME2_ADV (Prop_mmcme2_adv_CLKIN1_CLKOUT1)
                                                     -3.333     8.249 r  astep24_3l_top_I/clocking_reset_I/intern_or_ext_to_internal/inst/mmcm_adv_inst/CLKOUT1
                         net (fo=1, routed)           1.661     9.911    astep24_3l_top_I/clocking_reset_I/intern_or_ext_to_internal/inst/clk_80_clk_core_extorint_40
    BUFGCTRL_X0Y6        BUFG (Prop_bufg_I_O)         0.096    10.007 r  astep24_3l_top_I/clocking_reset_I/intern_or_ext_to_internal/inst/clkout2_buf/O
                         net (fo=5288, routed)        1.548    11.555    astep24_3l_top_I/main_rfg_I/clk_80
    SLICE_X39Y64         FDRE                                         r  astep24_3l_top_I/main_rfg_I/layer_1_cfg_ctrl_reg_reg[4]/C
  -------------------------------------------------------------------    -------------------
    SLICE_X39Y64         FDRE (Prop_fdre_C_Q)         0.456    12.011 r  astep24_3l_top_I/main_rfg_I/layer_1_cfg_ctrl_reg_reg[4]/Q
                         net (fo=13, routed)          4.299    16.310    astep24_3l_top_I/switched_readout/genblk1[1].layer_if_I/spi_io/miso_bit_counter_reg[2]_0[1]
    SLICE_X44Y65         LUT4 (Prop_lut4_I3_O)        0.152    16.462 f  astep24_3l_top_I/switched_readout/genblk1[1].layer_if_I/spi_io/mosi_byte[7]_i_3__0/O
                         net (fo=1, routed)           1.036    17.498    astep24_3l_top_I/switched_readout/genblk1[1].layer_if_I/spi_io/mosi_byte[7]_i_3__0_n_0
    SLICE_X44Y65         LUT6 (Prop_lut6_I0_O)        0.326    17.824 r  astep24_3l_top_I/switched_readout/genblk1[1].layer_if_I/spi_io/mosi_byte[7]_i_1__0/O
                         net (fo=9, routed)           2.672    20.497    astep24_3l_top_I/switched_readout/genblk1[1].layer_if_I/spi_io/mosi_byte
    SLICE_X50Y84         FDRE                                         r  astep24_3l_top_I/switched_readout/genblk1[1].layer_if_I/spi_io/mosi_byte_reg[2]/CE
  -------------------------------------------------------------------    -------------------

                         (clock layers_spi_divided rise edge)
                                                     25.000    25.000 r  
    L17                                               0.000    25.000 r  sysclk (IN)
                         net (fo=0)                   0.000    25.000    astep24_3l_top_I/clocking_reset_I/sys_to_40/inst/clk_in1
    L17                  IBUF (Prop_ibuf_I_O)         1.406    26.405 r  astep24_3l_top_I/clocking_reset_I/sys_to_40/inst/clkin1_ibufg/O
                         net (fo=1, routed)           1.162    27.567    astep24_3l_top_I/clocking_reset_I/sys_to_40/inst/clk_in1_clk_sys_to_40
    MMCME2_ADV_X0Y0      MMCME2_ADV (Prop_mmcme2_adv_CLKIN1_CLKOUT0)
                                                     -7.221    20.346 r  astep24_3l_top_I/clocking_reset_I/sys_to_40/inst/mmcm_adv_inst/CLKOUT0
                         net (fo=1, routed)           1.587    21.933    astep24_3l_top_I/clocking_reset_I/sys_to_40/inst/clk_out1_clk_sys_to_40
    BUFGCTRL_X0Y10       BUFG (Prop_bufg_I_O)         0.091    22.024 r  astep24_3l_top_I/clocking_reset_I/sys_to_40/inst/clkout1_buf/O
                         net (fo=34, routed)          1.457    23.481    astep24_3l_top_I/clocking_reset_I/intern_or_ext_to_internal/inst/clk_in1
    MMCME2_ADV_X1Y0      MMCME2_ADV (Prop_mmcme2_adv_CLKIN1_CLKOUT1)
                                                     -3.129    20.352 r  astep24_3l_top_I/clocking_reset_I/intern_or_ext_to_internal/inst/mmcm_adv_inst/CLKOUT1
                         net (fo=1, routed)           1.581    21.933    astep24_3l_top_I/clocking_reset_I/intern_or_ext_to_internal/inst/clk_80_clk_core_extorint_40
    BUFGCTRL_X0Y6        BUFG (Prop_bufg_I_O)         0.091    22.024 r  astep24_3l_top_I/clocking_reset_I/intern_or_ext_to_internal/inst/clkout2_buf/O
                         net (fo=5288, routed)        1.445    23.469    astep24_3l_top_I/main_rfg_I/clk_80
    SLICE_X35Y48         FDRE (Prop_fdre_C_Q)         0.367    23.836 r  astep24_3l_top_I/main_rfg_I/spi_layers_ckdivider_divided_clk_reg/Q
                         net (fo=2, routed)           1.081    24.918    astep24_3l_top_I_n_27
    BUFGCTRL_X0Y7        BUFG (Prop_bufg_I_O)         0.091    25.009 r  spi_layers_ckdivider_divided_resn_delay_reg[7]_i_1/O
                         net (fo=992, routed)         1.436    26.444    astep24_3l_top_I/switched_readout/genblk1[1].layer_if_I/spi_io/CLK
    SLICE_X50Y84         FDRE                                         r  astep24_3l_top_I/switched_readout/genblk1[1].layer_if_I/spi_io/mosi_byte_reg[2]/C
                         clock pessimism              0.483    26.927    
                         clock uncertainty           -0.110    26.817    
    SLICE_X50Y84         FDRE (Setup_fdre_C_CE)      -0.169    26.648    astep24_3l_top_I/switched_readout/genblk1[1].layer_if_I/spi_io/mosi_byte_reg[2]
  -------------------------------------------------------------------
                         required time                         26.648    
                         arrival time                         -20.497    
  -------------------------------------------------------------------
                         slack                                  6.151    





Min Delay Paths
--------------------------------------------------------------------------------------
Slack (MET) :             0.063ns  (arrival time - required time)
  Source:                 astep24_3l_top_I/main_rfg_I/layer_1_cfg_ctrl_reg_reg[4]/C
                            (rising edge-triggered cell FDRE clocked by clk_80_clk_core_extorint_40  {rise@0.000ns fall@6.250ns period=12.500ns})
  Destination:            astep24_3l_top_I/switched_readout/genblk1[1].layer_if_I/spi_io/spi_clock_state_reg[0]/D
                            (rising edge-triggered cell FDRE clocked by layers_spi_divided  {rise@0.000ns fall@12.500ns period=25.000ns})
  Path Group:             layers_spi_divided
  Path Type:              Hold (Min at Fast Process Corner)
  Requirement:            0.000ns  (layers_spi_divided rise@0.000ns - clk_80_clk_core_extorint_40 rise@0.000ns)
  Data Path Delay:        1.986ns  (logic 0.293ns (14.756%)  route 1.693ns (85.244%))
  Logic Levels:           2  (LUT2=1 LUT6=1)
  Clock Path Skew:        1.831ns (DCD - SCD - CPR)
    Destination Clock Delay (DCD):    0.717ns
    Source Clock Delay      (SCD):    -0.607ns
    Clock Pessimism Removal (CPR):    -0.507ns

    Location             Delay type                Incr(ns)  Path(ns)    Netlist Resource(s)
  -------------------------------------------------------------------    -------------------
                         (clock clk_80_clk_core_extorint_40 rise edge)
                                                      0.000     0.000 r  
    L17                                               0.000     0.000 r  sysclk (IN)
                         net (fo=0)                   0.000     0.000    astep24_3l_top_I/clocking_reset_I/sys_to_40/inst/clk_in1
    L17                  IBUF (Prop_ibuf_I_O)         0.244     0.244 r  astep24_3l_top_I/clocking_reset_I/sys_to_40/inst/clkin1_ibufg/O
                         net (fo=1, routed)           0.440     0.684    astep24_3l_top_I/clocking_reset_I/sys_to_40/inst/clk_in1_clk_sys_to_40
    MMCME2_ADV_X0Y0      MMCME2_ADV (Prop_mmcme2_adv_CLKIN1_CLKOUT0)
                                                     -2.362    -1.678 r  astep24_3l_top_I/clocking_reset_I/sys_to_40/inst/mmcm_adv_inst/CLKOUT0
                         net (fo=1, routed)           0.489    -1.189    astep24_3l_top_I/clocking_reset_I/sys_to_40/inst/clk_out1_clk_sys_to_40
    BUFGCTRL_X0Y10       BUFG (Prop_bufg_I_O)         0.026    -1.163 r  astep24_3l_top_I/clocking_reset_I/sys_to_40/inst/clkout1_buf/O
                         net (fo=34, routed)          0.549    -0.615    astep24_3l_top_I/clocking_reset_I/intern_or_ext_to_internal/inst/clk_in1
    MMCME2_ADV_X1Y0      MMCME2_ADV (Prop_mmcme2_adv_CLKIN1_CLKOUT1)
                                                     -1.061    -1.675 r  astep24_3l_top_I/clocking_reset_I/intern_or_ext_to_internal/inst/mmcm_adv_inst/CLKOUT1
                         net (fo=1, routed)           0.486    -1.189    astep24_3l_top_I/clocking_reset_I/intern_or_ext_to_internal/inst/clk_80_clk_core_extorint_40
    BUFGCTRL_X0Y6        BUFG (Prop_bufg_I_O)         0.026    -1.163 r  astep24_3l_top_I/clocking_reset_I/intern_or_ext_to_internal/inst/clkout2_buf/O
                         net (fo=5288, routed)        0.557    -0.607    astep24_3l_top_I/main_rfg_I/clk_80
    SLICE_X39Y64         FDRE                                         r  astep24_3l_top_I/main_rfg_I/layer_1_cfg_ctrl_reg_reg[4]/C
  -------------------------------------------------------------------    -------------------
    SLICE_X39Y64         FDRE (Prop_fdre_C_Q)         0.141    -0.466 r  astep24_3l_top_I/main_rfg_I/layer_1_cfg_ctrl_reg_reg[4]/Q
                         net (fo=13, routed)          1.140     0.675    astep24_3l_top_I/switched_readout/genblk1[1].layer_if_I/spi_io/miso_bit_counter_reg[2]_0[1]
    SLICE_X44Y65         LUT2 (Prop_lut2_I1_O)        0.042     0.717 r  astep24_3l_top_I/switched_readout/genblk1[1].layer_if_I/spi_io/spi_clock_state[0]_i_4__0/O
                         net (fo=1, routed)           0.552     1.269    astep24_3l_top_I/switched_readout/genblk1[1].layer_if_I/spi_io/spi_clock_state[0]_i_4__0_n_0
    SLICE_X45Y65         LUT6 (Prop_lut6_I4_O)        0.110     1.379 r  astep24_3l_top_I/switched_readout/genblk1[1].layer_if_I/spi_io/spi_clock_state[0]_i_1__0/O
                         net (fo=1, routed)           0.000     1.379    astep24_3l_top_I/switched_readout/genblk1[1].layer_if_I/spi_io/spi_clock_state[0]_i_1__0_n_0
    SLICE_X45Y65         FDRE                                         r  astep24_3l_top_I/switched_readout/genblk1[1].layer_if_I/spi_io/spi_clock_state_reg[0]/D
  -------------------------------------------------------------------    -------------------

                         (clock layers_spi_divided rise edge)
                                                      0.000     0.000 r  
    L17                                               0.000     0.000 r  sysclk (IN)
                         net (fo=0)                   0.000     0.000    astep24_3l_top_I/clocking_reset_I/sys_to_40/inst/clk_in1
    L17                  IBUF (Prop_ibuf_I_O)         0.432     0.432 r  astep24_3l_top_I/clocking_reset_I/sys_to_40/inst/clkin1_ibufg/O
                         net (fo=1, routed)           0.480     0.912    astep24_3l_top_I/clocking_reset_I/sys_to_40/inst/clk_in1_clk_sys_to_40
    MMCME2_ADV_X0Y0      MMCME2_ADV (Prop_mmcme2_adv_CLKIN1_CLKOUT0)
                                                     -3.145    -2.233 r  astep24_3l_top_I/clocking_reset_I/sys_to_40/inst/mmcm_adv_inst/CLKOUT0
                         net (fo=1, routed)           0.534    -1.700    astep24_3l_top_I/clocking_reset_I/sys_to_40/inst/clk_out1_clk_sys_to_40
    BUFGCTRL_X0Y10       BUFG (Prop_bufg_I_O)         0.029    -1.671 r  astep24_3l_top_I/clocking_reset_I/sys_to_40/inst/clkout1_buf/O
                         net (fo=34, routed)          0.817    -0.854    astep24_3l_top_I/clocking_reset_I/intern_or_ext_to_internal/inst/clk_in1
    MMCME2_ADV_X1Y0      MMCME2_ADV (Prop_mmcme2_adv_CLKIN1_CLKOUT1)
                                                     -1.375    -2.229 r  astep24_3l_top_I/clocking_reset_I/intern_or_ext_to_internal/inst/mmcm_adv_inst/CLKOUT1
                         net (fo=1, routed)           0.530    -1.700    astep24_3l_top_I/clocking_reset_I/intern_or_ext_to_internal/inst/clk_80_clk_core_extorint_40
    BUFGCTRL_X0Y6        BUFG (Prop_bufg_I_O)         0.029    -1.671 r  astep24_3l_top_I/clocking_reset_I/intern_or_ext_to_internal/inst/clkout2_buf/O
                         net (fo=5288, routed)        0.832    -0.839    astep24_3l_top_I/main_rfg_I/clk_80
    SLICE_X35Y48         FDRE (Prop_fdre_C_Q)         0.175    -0.664 r  astep24_3l_top_I/main_rfg_I/spi_layers_ckdivider_divided_clk_reg/Q
                         net (fo=2, routed)           0.526    -0.138    astep24_3l_top_I_n_27
    BUFGCTRL_X0Y7        BUFG (Prop_bufg_I_O)         0.029    -0.109 r  spi_layers_ckdivider_divided_resn_delay_reg[7]_i_1/O
                         net (fo=992, routed)         0.826     0.717    astep24_3l_top_I/switched_readout/genblk1[1].layer_if_I/spi_io/CLK
    SLICE_X45Y65         FDRE                                         r  astep24_3l_top_I/switched_readout/genblk1[1].layer_if_I/spi_io/spi_clock_state_reg[0]/C
                         clock pessimism              0.507     1.224    
    SLICE_X45Y65         FDRE (Hold_fdre_C_D)         0.092     1.316    astep24_3l_top_I/switched_readout/genblk1[1].layer_if_I/spi_io/spi_clock_state_reg[0]
  -------------------------------------------------------------------
                         required time                         -1.316    
                         arrival time                           1.379    
  -------------------------------------------------------------------
                         slack                                  0.063    





---------------------------------------------------------------------------------------------------
From Clock:  spi_layer0_clock_internal
  To Clock:  layers_spi_divided

Setup :            0  Failing Endpoints,  Worst Slack       18.126ns,  Total Violation        0.000ns
Hold  :            0  Failing Endpoints,  Worst Slack        0.466ns,  Total Violation        0.000ns
---------------------------------------------------------------------------------------------------


Max Delay Paths
--------------------------------------------------------------------------------------
Slack (MET) :             18.126ns  (required time - arrival time)
  Source:                 astep24_3l_top_I/loopback_spi_layer_0/spi_egress/egress_byte_reg[1]/C
                            (rising edge-triggered cell FDCE clocked by spi_layer0_clock_internal  {rise@0.000ns fall@25.000ns period=50.000ns})
  Destination:            astep24_3l_top_I/switched_readout/genblk1[0].layer_if_I/spi_io/miso_byte_reg[7]/D
                            (rising edge-triggered cell FDRE clocked by layers_spi_divided  {rise@0.000ns fall@12.500ns period=25.000ns})
  Path Group:             layers_spi_divided
  Path Type:              Setup (Max at Slow Process Corner)
  Requirement:            25.000ns  (layers_spi_divided rise@25.000ns - spi_layer0_clock_internal rise@0.000ns)
  Data Path Delay:        2.488ns  (logic 0.580ns (23.313%)  route 1.908ns (76.687%))
  Logic Levels:           1  (LUT3=1)
  Clock Path Skew:        -4.304ns (DCD - SCD + CPR)
    Destination Clock Delay (DCD):    1.527ns = ( 26.527 - 25.000 ) 
    Source Clock Delay      (SCD):    6.694ns
    Clock Pessimism Removal (CPR):    0.863ns
  Clock Uncertainty:      0.110ns  ((TSJ^2 + DJ^2)^1/2) / 2 + PE
    Total System Jitter     (TSJ):    0.071ns
    Discrete Jitter          (DJ):    0.209ns
    Phase Error              (PE):    0.000ns

    Location             Delay type                Incr(ns)  Path(ns)    Netlist Resource(s)
  -------------------------------------------------------------------    -------------------
                         (clock spi_layer0_clock_internal rise edge)
                                                      0.000     0.000 r  
    L17                                               0.000     0.000 r  sysclk (IN)
                         net (fo=0)                   0.000     0.000    astep24_3l_top_I/clocking_reset_I/sys_to_40/inst/clk_in1
    L17                  IBUF (Prop_ibuf_I_O)         1.476     1.476 r  astep24_3l_top_I/clocking_reset_I/sys_to_40/inst/clkin1_ibufg/O
                         net (fo=1, routed)           1.233     2.709    astep24_3l_top_I/clocking_reset_I/sys_to_40/inst/clk_in1_clk_sys_to_40
    MMCME2_ADV_X0Y0      MMCME2_ADV (Prop_mmcme2_adv_CLKIN1_CLKOUT0)
                                                     -6.965    -4.256 r  astep24_3l_top_I/clocking_reset_I/sys_to_40/inst/mmcm_adv_inst/CLKOUT0
                         net (fo=1, routed)           1.666    -2.589    astep24_3l_top_I/clocking_reset_I/sys_to_40/inst/clk_out1_clk_sys_to_40
    BUFGCTRL_X0Y10       BUFG (Prop_bufg_I_O)         0.096    -2.493 r  astep24_3l_top_I/clocking_reset_I/sys_to_40/inst/clkout1_buf/O
                         net (fo=34, routed)          1.575    -0.918    astep24_3l_top_I/clocking_reset_I/intern_or_ext_to_internal/inst/clk_in1
    MMCME2_ADV_X1Y0      MMCME2_ADV (Prop_mmcme2_adv_CLKIN1_CLKOUT1)
                                                     -3.333    -4.251 r  astep24_3l_top_I/clocking_reset_I/intern_or_ext_to_internal/inst/mmcm_adv_inst/CLKOUT1
                         net (fo=1, routed)           1.661    -2.589    astep24_3l_top_I/clocking_reset_I/intern_or_ext_to_internal/inst/clk_80_clk_core_extorint_40
    BUFGCTRL_X0Y6        BUFG (Prop_bufg_I_O)         0.096    -2.493 r  astep24_3l_top_I/clocking_reset_I/intern_or_ext_to_internal/inst/clkout2_buf/O
                         net (fo=5288, routed)        1.565    -0.928    astep24_3l_top_I/main_rfg_I/clk_80
    SLICE_X35Y48         FDRE (Prop_fdre_C_Q)         0.456    -0.472 r  astep24_3l_top_I/main_rfg_I/spi_layers_ckdivider_divided_clk_reg/Q
                         net (fo=2, routed)           1.247     0.775    astep24_3l_top_I_n_27
    BUFGCTRL_X0Y7        BUFG (Prop_bufg_I_O)         0.096     0.871 r  spi_layers_ckdivider_divided_resn_delay_reg[7]_i_1/O
                         net (fo=992, routed)         1.536     2.407    astep24_3l_top_I/switched_readout/genblk1[0].layer_if_I/spi_io/CLK
    SLICE_X37Y72         FDRE (Prop_fdre_C_Q)         0.456     2.863 r  astep24_3l_top_I/switched_readout/genblk1[0].layer_if_I/spi_io/spi_clk_reg_reg/Q
                         net (fo=2, routed)           2.124     4.987    layer_0_spi_clk_OBUF
    BUFGCTRL_X0Y2        BUFG (Prop_bufg_I_O)         0.096     5.083 r  layer_0_spi_clk_OBUF_BUFG_inst/O
                         net (fo=232, routed)         1.611     6.694    astep24_3l_top_I/loopback_spi_layer_0/spi_egress/egress_byte_next_reg[7]_0
    SLICE_X59Y78         FDCE                                         r  astep24_3l_top_I/loopback_spi_layer_0/spi_egress/egress_byte_reg[1]/C
  -------------------------------------------------------------------    -------------------
    SLICE_X59Y78         FDCE (Prop_fdce_C_Q)         0.456     7.150 r  astep24_3l_top_I/loopback_spi_layer_0/spi_egress/egress_byte_reg[1]/Q
                         net (fo=1, routed)           1.908     9.058    astep24_3l_top_I/loopback_spi_layer_0/spi_egress/egress_byte_reg_n_0_[1]
    SLICE_X58Y43         LUT3 (Prop_lut3_I0_O)        0.124     9.182 r  astep24_3l_top_I/loopback_spi_layer_0/spi_egress/miso_byte[7]_i_2__0/O
                         net (fo=1, routed)           0.000     9.182    astep24_3l_top_I/switched_readout/genblk1[0].layer_if_I/spi_io/p_3_out[1]
    SLICE_X58Y43         FDRE                                         r  astep24_3l_top_I/switched_readout/genblk1[0].layer_if_I/spi_io/miso_byte_reg[7]/D
  -------------------------------------------------------------------    -------------------

                         (clock layers_spi_divided rise edge)
                                                     25.000    25.000 r  
    L17                                               0.000    25.000 r  sysclk (IN)
                         net (fo=0)                   0.000    25.000    astep24_3l_top_I/clocking_reset_I/sys_to_40/inst/clk_in1
    L17                  IBUF (Prop_ibuf_I_O)         1.406    26.405 r  astep24_3l_top_I/clocking_reset_I/sys_to_40/inst/clkin1_ibufg/O
                         net (fo=1, routed)           1.162    27.567    astep24_3l_top_I/clocking_reset_I/sys_to_40/inst/clk_in1_clk_sys_to_40
    MMCME2_ADV_X0Y0      MMCME2_ADV (Prop_mmcme2_adv_CLKIN1_CLKOUT0)
                                                     -7.221    20.346 r  astep24_3l_top_I/clocking_reset_I/sys_to_40/inst/mmcm_adv_inst/CLKOUT0
                         net (fo=1, routed)           1.587    21.933    astep24_3l_top_I/clocking_reset_I/sys_to_40/inst/clk_out1_clk_sys_to_40
    BUFGCTRL_X0Y10       BUFG (Prop_bufg_I_O)         0.091    22.024 r  astep24_3l_top_I/clocking_reset_I/sys_to_40/inst/clkout1_buf/O
                         net (fo=34, routed)          1.457    23.481    astep24_3l_top_I/clocking_reset_I/intern_or_ext_to_internal/inst/clk_in1
    MMCME2_ADV_X1Y0      MMCME2_ADV (Prop_mmcme2_adv_CLKIN1_CLKOUT1)
                                                     -3.129    20.352 r  astep24_3l_top_I/clocking_reset_I/intern_or_ext_to_internal/inst/mmcm_adv_inst/CLKOUT1
                         net (fo=1, routed)           1.581    21.933    astep24_3l_top_I/clocking_reset_I/intern_or_ext_to_internal/inst/clk_80_clk_core_extorint_40
    BUFGCTRL_X0Y6        BUFG (Prop_bufg_I_O)         0.091    22.024 r  astep24_3l_top_I/clocking_reset_I/intern_or_ext_to_internal/inst/clkout2_buf/O
                         net (fo=5288, routed)        1.445    23.469    astep24_3l_top_I/main_rfg_I/clk_80
    SLICE_X35Y48         FDRE (Prop_fdre_C_Q)         0.367    23.836 r  astep24_3l_top_I/main_rfg_I/spi_layers_ckdivider_divided_clk_reg/Q
                         net (fo=2, routed)           1.081    24.918    astep24_3l_top_I_n_27
    BUFGCTRL_X0Y7        BUFG (Prop_bufg_I_O)         0.091    25.009 r  spi_layers_ckdivider_divided_resn_delay_reg[7]_i_1/O
                         net (fo=992, routed)         1.518    26.527    astep24_3l_top_I/switched_readout/genblk1[0].layer_if_I/spi_io/CLK
    SLICE_X58Y43         FDRE                                         r  astep24_3l_top_I/switched_readout/genblk1[0].layer_if_I/spi_io/miso_byte_reg[7]/C
                         clock pessimism              0.863    27.390    
                         clock uncertainty           -0.110    27.279    
    SLICE_X58Y43         FDRE (Setup_fdre_C_D)        0.029    27.308    astep24_3l_top_I/switched_readout/genblk1[0].layer_if_I/spi_io/miso_byte_reg[7]
  -------------------------------------------------------------------
                         required time                         27.308    
                         arrival time                          -9.182    
  -------------------------------------------------------------------
                         slack                                 18.126    





Min Delay Paths
--------------------------------------------------------------------------------------
Slack (MET) :             0.466ns  (arrival time - required time)
  Source:                 astep24_3l_top_I/switched_readout/genblk1[0].layer_if_I/spi_io/spi_clk_reg_reg/Q
                            (clock source 'spi_layer0_clock_internal'  {rise@0.000ns fall@25.000ns period=50.000ns})
  Destination:            astep24_3l_top_I/switched_readout/genblk1[0].layer_if_I/spi_io/spi_clk_reg_reg/D
                            (rising edge-triggered cell FDRE clocked by layers_spi_divided  {rise@0.000ns fall@12.500ns period=25.000ns})
  Path Group:             layers_spi_divided
  Path Type:              Hold (Min at Fast Process Corner)
  Requirement:            0.000ns  (layers_spi_divided rise@0.000ns - spi_layer0_clock_internal rise@0.000ns)
  Data Path Delay:        0.682ns  (logic 0.045ns (6.600%)  route 0.637ns (93.400%))
  Logic Levels:           1  (LUT6=1)
  Clock Path Skew:        0.125ns (DCD - SCD - CPR)
    Destination Clock Delay (DCD):    0.708ns
    Source Clock Delay      (SCD):    0.716ns
    Clock Pessimism Removal (CPR):    -0.133ns

    Location             Delay type                Incr(ns)  Path(ns)    Netlist Resource(s)
  -------------------------------------------------------------------    -------------------
                         (clock spi_layer0_clock_internal rise edge)
                                                      0.000     0.000 r  
    L17                                               0.000     0.000 r  sysclk (IN)
                         net (fo=0)                   0.000     0.000    astep24_3l_top_I/clocking_reset_I/sys_to_40/inst/clk_in1
    L17                  IBUF (Prop_ibuf_I_O)         0.244     0.244 r  astep24_3l_top_I/clocking_reset_I/sys_to_40/inst/clkin1_ibufg/O
                         net (fo=1, routed)           0.440     0.684    astep24_3l_top_I/clocking_reset_I/sys_to_40/inst/clk_in1_clk_sys_to_40
    MMCME2_ADV_X0Y0      MMCME2_ADV (Prop_mmcme2_adv_CLKIN1_CLKOUT0)
                                                     -2.362    -1.678 r  astep24_3l_top_I/clocking_reset_I/sys_to_40/inst/mmcm_adv_inst/CLKOUT0
                         net (fo=1, routed)           0.489    -1.189    astep24_3l_top_I/clocking_reset_I/sys_to_40/inst/clk_out1_clk_sys_to_40
    BUFGCTRL_X0Y10       BUFG (Prop_bufg_I_O)         0.026    -1.163 r  astep24_3l_top_I/clocking_reset_I/sys_to_40/inst/clkout1_buf/O
                         net (fo=34, routed)          0.549    -0.615    astep24_3l_top_I/clocking_reset_I/intern_or_ext_to_internal/inst/clk_in1
    MMCME2_ADV_X1Y0      MMCME2_ADV (Prop_mmcme2_adv_CLKIN1_CLKOUT1)
                                                     -1.061    -1.675 r  astep24_3l_top_I/clocking_reset_I/intern_or_ext_to_internal/inst/mmcm_adv_inst/CLKOUT1
                         net (fo=1, routed)           0.486    -1.189    astep24_3l_top_I/clocking_reset_I/intern_or_ext_to_internal/inst/clk_80_clk_core_extorint_40
    BUFGCTRL_X0Y6        BUFG (Prop_bufg_I_O)         0.026    -1.163 r  astep24_3l_top_I/clocking_reset_I/intern_or_ext_to_internal/inst/clkout2_buf/O
                         net (fo=5288, routed)        0.563    -0.601    astep24_3l_top_I/main_rfg_I/clk_80
    SLICE_X35Y48         FDRE (Prop_fdre_C_Q)         0.141    -0.460 r  astep24_3l_top_I/main_rfg_I/spi_layers_ckdivider_divided_clk_reg/Q
                         net (fo=2, routed)           0.458    -0.002    astep24_3l_top_I_n_27
    BUFGCTRL_X0Y7        BUFG (Prop_bufg_I_O)         0.026     0.024 r  spi_layers_ckdivider_divided_resn_delay_reg[7]_i_1/O
                         net (fo=992, routed)         0.551     0.575    astep24_3l_top_I/switched_readout/genblk1[0].layer_if_I/spi_io/CLK
  -------------------------------------------------------------------    -------------------
    SLICE_X37Y72         FDRE (Prop_fdre_C_Q)         0.141     0.716 r  astep24_3l_top_I/switched_readout/genblk1[0].layer_if_I/spi_io/spi_clk_reg_reg/Q
                         net (fo=2, routed)           0.637     1.353    astep24_3l_top_I/switched_readout/genblk1[0].layer_if_I/spi_io/layer_0_spi_clk_OBUF
    SLICE_X37Y72         LUT6 (Prop_lut6_I5_O)        0.045     1.398 r  astep24_3l_top_I/switched_readout/genblk1[0].layer_if_I/spi_io/spi_clk_reg_i_1/O
                         net (fo=1, routed)           0.000     1.398    astep24_3l_top_I/switched_readout/genblk1[0].layer_if_I/spi_io/spi_clk_reg_i_1_n_0
    SLICE_X37Y72         FDRE                                         r  astep24_3l_top_I/switched_readout/genblk1[0].layer_if_I/spi_io/spi_clk_reg_reg/D
  -------------------------------------------------------------------    -------------------

                         (clock layers_spi_divided rise edge)
                                                      0.000     0.000 r  
    L17                                               0.000     0.000 r  sysclk (IN)
                         net (fo=0)                   0.000     0.000    astep24_3l_top_I/clocking_reset_I/sys_to_40/inst/clk_in1
    L17                  IBUF (Prop_ibuf_I_O)         0.432     0.432 r  astep24_3l_top_I/clocking_reset_I/sys_to_40/inst/clkin1_ibufg/O
                         net (fo=1, routed)           0.480     0.912    astep24_3l_top_I/clocking_reset_I/sys_to_40/inst/clk_in1_clk_sys_to_40
    MMCME2_ADV_X0Y0      MMCME2_ADV (Prop_mmcme2_adv_CLKIN1_CLKOUT0)
                                                     -3.145    -2.233 r  astep24_3l_top_I/clocking_reset_I/sys_to_40/inst/mmcm_adv_inst/CLKOUT0
                         net (fo=1, routed)           0.534    -1.700    astep24_3l_top_I/clocking_reset_I/sys_to_40/inst/clk_out1_clk_sys_to_40
    BUFGCTRL_X0Y10       BUFG (Prop_bufg_I_O)         0.029    -1.671 r  astep24_3l_top_I/clocking_reset_I/sys_to_40/inst/clkout1_buf/O
                         net (fo=34, routed)          0.817    -0.854    astep24_3l_top_I/clocking_reset_I/intern_or_ext_to_internal/inst/clk_in1
    MMCME2_ADV_X1Y0      MMCME2_ADV (Prop_mmcme2_adv_CLKIN1_CLKOUT1)
                                                     -1.375    -2.229 r  astep24_3l_top_I/clocking_reset_I/intern_or_ext_to_internal/inst/mmcm_adv_inst/CLKOUT1
                         net (fo=1, routed)           0.530    -1.700    astep24_3l_top_I/clocking_reset_I/intern_or_ext_to_internal/inst/clk_80_clk_core_extorint_40
    BUFGCTRL_X0Y6        BUFG (Prop_bufg_I_O)         0.029    -1.671 r  astep24_3l_top_I/clocking_reset_I/intern_or_ext_to_internal/inst/clkout2_buf/O
                         net (fo=5288, routed)        0.832    -0.839    astep24_3l_top_I/main_rfg_I/clk_80
    SLICE_X35Y48         FDRE (Prop_fdre_C_Q)         0.175    -0.664 r  astep24_3l_top_I/main_rfg_I/spi_layers_ckdivider_divided_clk_reg/Q
                         net (fo=2, routed)           0.526    -0.138    astep24_3l_top_I_n_27
    BUFGCTRL_X0Y7        BUFG (Prop_bufg_I_O)         0.029    -0.109 r  spi_layers_ckdivider_divided_resn_delay_reg[7]_i_1/O
                         net (fo=992, routed)         0.816     0.708    astep24_3l_top_I/switched_readout/genblk1[0].layer_if_I/spi_io/CLK
    SLICE_X37Y72         FDRE                                         r  astep24_3l_top_I/switched_readout/genblk1[0].layer_if_I/spi_io/spi_clk_reg_reg/C
                         clock pessimism              0.133     0.841    
    SLICE_X37Y72         FDRE (Hold_fdre_C_D)         0.091     0.932    astep24_3l_top_I/switched_readout/genblk1[0].layer_if_I/spi_io/spi_clk_reg_reg
  -------------------------------------------------------------------
                         required time                         -0.932    
                         arrival time                           1.398    
  -------------------------------------------------------------------
                         slack                                  0.466    





---------------------------------------------------------------------------------------------------
From Clock:  spi_layer1_clock_internal
  To Clock:  layers_spi_divided

Setup :            0  Failing Endpoints,  Worst Slack       19.100ns,  Total Violation        0.000ns
Hold  :            0  Failing Endpoints,  Worst Slack        0.563ns,  Total Violation        0.000ns
---------------------------------------------------------------------------------------------------


Max Delay Paths
--------------------------------------------------------------------------------------
Slack (MET) :             19.100ns  (required time - arrival time)
  Source:                 astep24_3l_top_I/loopback_spi_layer_1/spi_egress/egress_byte_reg[1]/C
                            (rising edge-triggered cell FDCE clocked by spi_layer1_clock_internal  {rise@0.000ns fall@25.000ns period=50.000ns})
  Destination:            astep24_3l_top_I/switched_readout/genblk1[1].layer_if_I/spi_io/miso_byte_reg[7]/D
                            (rising edge-triggered cell FDRE clocked by layers_spi_divided  {rise@0.000ns fall@12.500ns period=25.000ns})
  Path Group:             layers_spi_divided
  Path Type:              Setup (Max at Slow Process Corner)
  Requirement:            25.000ns  (layers_spi_divided rise@25.000ns - spi_layer1_clock_internal rise@0.000ns)
  Data Path Delay:        1.885ns  (logic 0.580ns (30.769%)  route 1.305ns (69.231%))
  Logic Levels:           1  (LUT3=1)
  Clock Path Skew:        -3.981ns (DCD - SCD + CPR)
    Destination Clock Delay (DCD):    1.446ns = ( 26.446 - 25.000 ) 
    Source Clock Delay      (SCD):    6.290ns
    Clock Pessimism Removal (CPR):    0.863ns
  Clock Uncertainty:      0.110ns  ((TSJ^2 + DJ^2)^1/2) / 2 + PE
    Total System Jitter     (TSJ):    0.071ns
    Discrete Jitter          (DJ):    0.209ns
    Phase Error              (PE):    0.000ns

    Location             Delay type                Incr(ns)  Path(ns)    Netlist Resource(s)
  -------------------------------------------------------------------    -------------------
                         (clock spi_layer1_clock_internal rise edge)
                                                      0.000     0.000 r  
    L17                                               0.000     0.000 r  sysclk (IN)
                         net (fo=0)                   0.000     0.000    astep24_3l_top_I/clocking_reset_I/sys_to_40/inst/clk_in1
    L17                  IBUF (Prop_ibuf_I_O)         1.476     1.476 r  astep24_3l_top_I/clocking_reset_I/sys_to_40/inst/clkin1_ibufg/O
                         net (fo=1, routed)           1.233     2.709    astep24_3l_top_I/clocking_reset_I/sys_to_40/inst/clk_in1_clk_sys_to_40
    MMCME2_ADV_X0Y0      MMCME2_ADV (Prop_mmcme2_adv_CLKIN1_CLKOUT0)
                                                     -6.965    -4.256 r  astep24_3l_top_I/clocking_reset_I/sys_to_40/inst/mmcm_adv_inst/CLKOUT0
                         net (fo=1, routed)           1.666    -2.589    astep24_3l_top_I/clocking_reset_I/sys_to_40/inst/clk_out1_clk_sys_to_40
    BUFGCTRL_X0Y10       BUFG (Prop_bufg_I_O)         0.096    -2.493 r  astep24_3l_top_I/clocking_reset_I/sys_to_40/inst/clkout1_buf/O
                         net (fo=34, routed)          1.575    -0.918    astep24_3l_top_I/clocking_reset_I/intern_or_ext_to_internal/inst/clk_in1
    MMCME2_ADV_X1Y0      MMCME2_ADV (Prop_mmcme2_adv_CLKIN1_CLKOUT1)
                                                     -3.333    -4.251 r  astep24_3l_top_I/clocking_reset_I/intern_or_ext_to_internal/inst/mmcm_adv_inst/CLKOUT1
                         net (fo=1, routed)           1.661    -2.589    astep24_3l_top_I/clocking_reset_I/intern_or_ext_to_internal/inst/clk_80_clk_core_extorint_40
    BUFGCTRL_X0Y6        BUFG (Prop_bufg_I_O)         0.096    -2.493 r  astep24_3l_top_I/clocking_reset_I/intern_or_ext_to_internal/inst/clkout2_buf/O
                         net (fo=5288, routed)        1.565    -0.928    astep24_3l_top_I/main_rfg_I/clk_80
    SLICE_X35Y48         FDRE (Prop_fdre_C_Q)         0.456    -0.472 r  astep24_3l_top_I/main_rfg_I/spi_layers_ckdivider_divided_clk_reg/Q
                         net (fo=2, routed)           1.247     0.775    astep24_3l_top_I_n_27
    BUFGCTRL_X0Y7        BUFG (Prop_bufg_I_O)         0.096     0.871 r  spi_layers_ckdivider_divided_resn_delay_reg[7]_i_1/O
                         net (fo=992, routed)         1.550     2.421    astep24_3l_top_I/switched_readout/genblk1[1].layer_if_I/spi_io/CLK
    SLICE_X44Y64         FDRE (Prop_fdre_C_Q)         0.456     2.877 r  astep24_3l_top_I/switched_readout/genblk1[1].layer_if_I/spi_io/spi_clk_reg_reg/Q
                         net (fo=2, routed)           1.704     4.581    layer_1_spi_clk_OBUF
    BUFGCTRL_X0Y3        BUFG (Prop_bufg_I_O)         0.096     4.677 r  layer_1_spi_clk_OBUF_BUFG_inst/O
                         net (fo=232, routed)         1.613     6.290    astep24_3l_top_I/loopback_spi_layer_1/spi_egress/egress_byte_next_reg[7]_0
    SLICE_X58Y69         FDCE                                         r  astep24_3l_top_I/loopback_spi_layer_1/spi_egress/egress_byte_reg[1]/C
  -------------------------------------------------------------------    -------------------
    SLICE_X58Y69         FDCE (Prop_fdce_C_Q)         0.456     6.746 r  astep24_3l_top_I/loopback_spi_layer_1/spi_egress/egress_byte_reg[1]/Q
                         net (fo=1, routed)           1.305     8.051    astep24_3l_top_I/loopback_spi_layer_1/spi_egress/egress_byte_reg_n_0_[1]
    SLICE_X52Y62         LUT3 (Prop_lut3_I0_O)        0.124     8.175 r  astep24_3l_top_I/loopback_spi_layer_1/spi_egress/miso_byte[7]_i_2__1/O
                         net (fo=1, routed)           0.000     8.175    astep24_3l_top_I/switched_readout/genblk1[1].layer_if_I/spi_io/p_3_out[1]
    SLICE_X52Y62         FDRE                                         r  astep24_3l_top_I/switched_readout/genblk1[1].layer_if_I/spi_io/miso_byte_reg[7]/D
  -------------------------------------------------------------------    -------------------

                         (clock layers_spi_divided rise edge)
                                                     25.000    25.000 r  
    L17                                               0.000    25.000 r  sysclk (IN)
                         net (fo=0)                   0.000    25.000    astep24_3l_top_I/clocking_reset_I/sys_to_40/inst/clk_in1
    L17                  IBUF (Prop_ibuf_I_O)         1.406    26.405 r  astep24_3l_top_I/clocking_reset_I/sys_to_40/inst/clkin1_ibufg/O
                         net (fo=1, routed)           1.162    27.567    astep24_3l_top_I/clocking_reset_I/sys_to_40/inst/clk_in1_clk_sys_to_40
    MMCME2_ADV_X0Y0      MMCME2_ADV (Prop_mmcme2_adv_CLKIN1_CLKOUT0)
                                                     -7.221    20.346 r  astep24_3l_top_I/clocking_reset_I/sys_to_40/inst/mmcm_adv_inst/CLKOUT0
                         net (fo=1, routed)           1.587    21.933    astep24_3l_top_I/clocking_reset_I/sys_to_40/inst/clk_out1_clk_sys_to_40
    BUFGCTRL_X0Y10       BUFG (Prop_bufg_I_O)         0.091    22.024 r  astep24_3l_top_I/clocking_reset_I/sys_to_40/inst/clkout1_buf/O
                         net (fo=34, routed)          1.457    23.481    astep24_3l_top_I/clocking_reset_I/intern_or_ext_to_internal/inst/clk_in1
    MMCME2_ADV_X1Y0      MMCME2_ADV (Prop_mmcme2_adv_CLKIN1_CLKOUT1)
                                                     -3.129    20.352 r  astep24_3l_top_I/clocking_reset_I/intern_or_ext_to_internal/inst/mmcm_adv_inst/CLKOUT1
                         net (fo=1, routed)           1.581    21.933    astep24_3l_top_I/clocking_reset_I/intern_or_ext_to_internal/inst/clk_80_clk_core_extorint_40
    BUFGCTRL_X0Y6        BUFG (Prop_bufg_I_O)         0.091    22.024 r  astep24_3l_top_I/clocking_reset_I/intern_or_ext_to_internal/inst/clkout2_buf/O
                         net (fo=5288, routed)        1.445    23.469    astep24_3l_top_I/main_rfg_I/clk_80
    SLICE_X35Y48         FDRE (Prop_fdre_C_Q)         0.367    23.836 r  astep24_3l_top_I/main_rfg_I/spi_layers_ckdivider_divided_clk_reg/Q
                         net (fo=2, routed)           1.081    24.918    astep24_3l_top_I_n_27
    BUFGCTRL_X0Y7        BUFG (Prop_bufg_I_O)         0.091    25.009 r  spi_layers_ckdivider_divided_resn_delay_reg[7]_i_1/O
                         net (fo=992, routed)         1.438    26.446    astep24_3l_top_I/switched_readout/genblk1[1].layer_if_I/spi_io/CLK
    SLICE_X52Y62         FDRE                                         r  astep24_3l_top_I/switched_readout/genblk1[1].layer_if_I/spi_io/miso_byte_reg[7]/C
                         clock pessimism              0.863    27.309    
                         clock uncertainty           -0.110    27.199    
    SLICE_X52Y62         FDRE (Setup_fdre_C_D)        0.077    27.276    astep24_3l_top_I/switched_readout/genblk1[1].layer_if_I/spi_io/miso_byte_reg[7]
  -------------------------------------------------------------------
                         required time                         27.276    
                         arrival time                          -8.175    
  -------------------------------------------------------------------
                         slack                                 19.100    





Min Delay Paths
--------------------------------------------------------------------------------------
Slack (MET) :             0.563ns  (arrival time - required time)
  Source:                 astep24_3l_top_I/switched_readout/genblk1[1].layer_if_I/spi_io/spi_clk_reg_reg/Q
                            (clock source 'spi_layer1_clock_internal'  {rise@0.000ns fall@25.000ns period=50.000ns})
  Destination:            astep24_3l_top_I/switched_readout/genblk1[1].layer_if_I/spi_io/spi_clk_reg_reg/D
                            (rising edge-triggered cell FDRE clocked by layers_spi_divided  {rise@0.000ns fall@12.500ns period=25.000ns})
  Path Group:             layers_spi_divided
  Path Type:              Hold (Min at Fast Process Corner)
  Requirement:            0.000ns  (layers_spi_divided rise@0.000ns - spi_layer1_clock_internal rise@0.000ns)
  Data Path Delay:        0.783ns  (logic 0.045ns (5.748%)  route 0.738ns (94.252%))
  Logic Levels:           1  (LUT6=1)
  Clock Path Skew:        0.128ns (DCD - SCD - CPR)
    Destination Clock Delay (DCD):    0.718ns
    Source Clock Delay      (SCD):    0.723ns
    Clock Pessimism Removal (CPR):    -0.133ns

    Location             Delay type                Incr(ns)  Path(ns)    Netlist Resource(s)
  -------------------------------------------------------------------    -------------------
                         (clock spi_layer1_clock_internal rise edge)
                                                      0.000     0.000 r  
    L17                                               0.000     0.000 r  sysclk (IN)
                         net (fo=0)                   0.000     0.000    astep24_3l_top_I/clocking_reset_I/sys_to_40/inst/clk_in1
    L17                  IBUF (Prop_ibuf_I_O)         0.244     0.244 r  astep24_3l_top_I/clocking_reset_I/sys_to_40/inst/clkin1_ibufg/O
                         net (fo=1, routed)           0.440     0.684    astep24_3l_top_I/clocking_reset_I/sys_to_40/inst/clk_in1_clk_sys_to_40
    MMCME2_ADV_X0Y0      MMCME2_ADV (Prop_mmcme2_adv_CLKIN1_CLKOUT0)
                                                     -2.362    -1.678 r  astep24_3l_top_I/clocking_reset_I/sys_to_40/inst/mmcm_adv_inst/CLKOUT0
                         net (fo=1, routed)           0.489    -1.189    astep24_3l_top_I/clocking_reset_I/sys_to_40/inst/clk_out1_clk_sys_to_40
    BUFGCTRL_X0Y10       BUFG (Prop_bufg_I_O)         0.026    -1.163 r  astep24_3l_top_I/clocking_reset_I/sys_to_40/inst/clkout1_buf/O
                         net (fo=34, routed)          0.549    -0.615    astep24_3l_top_I/clocking_reset_I/intern_or_ext_to_internal/inst/clk_in1
    MMCME2_ADV_X1Y0      MMCME2_ADV (Prop_mmcme2_adv_CLKIN1_CLKOUT1)
                                                     -1.061    -1.675 r  astep24_3l_top_I/clocking_reset_I/intern_or_ext_to_internal/inst/mmcm_adv_inst/CLKOUT1
                         net (fo=1, routed)           0.486    -1.189    astep24_3l_top_I/clocking_reset_I/intern_or_ext_to_internal/inst/clk_80_clk_core_extorint_40
    BUFGCTRL_X0Y6        BUFG (Prop_bufg_I_O)         0.026    -1.163 r  astep24_3l_top_I/clocking_reset_I/intern_or_ext_to_internal/inst/clkout2_buf/O
                         net (fo=5288, routed)        0.563    -0.601    astep24_3l_top_I/main_rfg_I/clk_80
    SLICE_X35Y48         FDRE (Prop_fdre_C_Q)         0.141    -0.460 r  astep24_3l_top_I/main_rfg_I/spi_layers_ckdivider_divided_clk_reg/Q
                         net (fo=2, routed)           0.458    -0.002    astep24_3l_top_I_n_27
    BUFGCTRL_X0Y7        BUFG (Prop_bufg_I_O)         0.026     0.024 r  spi_layers_ckdivider_divided_resn_delay_reg[7]_i_1/O
                         net (fo=992, routed)         0.558     0.582    astep24_3l_top_I/switched_readout/genblk1[1].layer_if_I/spi_io/CLK
  -------------------------------------------------------------------    -------------------
    SLICE_X44Y64         FDRE (Prop_fdre_C_Q)         0.141     0.723 r  astep24_3l_top_I/switched_readout/genblk1[1].layer_if_I/spi_io/spi_clk_reg_reg/Q
                         net (fo=2, routed)           0.738     1.461    astep24_3l_top_I/switched_readout/genblk1[1].layer_if_I/spi_io/layer_1_spi_clk_OBUF
    SLICE_X44Y64         LUT6 (Prop_lut6_I5_O)        0.045     1.506 r  astep24_3l_top_I/switched_readout/genblk1[1].layer_if_I/spi_io/spi_clk_reg_i_1__0/O
                         net (fo=1, routed)           0.000     1.506    astep24_3l_top_I/switched_readout/genblk1[1].layer_if_I/spi_io/spi_clk_reg_i_1__0_n_0
    SLICE_X44Y64         FDRE                                         r  astep24_3l_top_I/switched_readout/genblk1[1].layer_if_I/spi_io/spi_clk_reg_reg/D
  -------------------------------------------------------------------    -------------------

                         (clock layers_spi_divided rise edge)
                                                      0.000     0.000 r  
    L17                                               0.000     0.000 r  sysclk (IN)
                         net (fo=0)                   0.000     0.000    astep24_3l_top_I/clocking_reset_I/sys_to_40/inst/clk_in1
    L17                  IBUF (Prop_ibuf_I_O)         0.432     0.432 r  astep24_3l_top_I/clocking_reset_I/sys_to_40/inst/clkin1_ibufg/O
                         net (fo=1, routed)           0.480     0.912    astep24_3l_top_I/clocking_reset_I/sys_to_40/inst/clk_in1_clk_sys_to_40
    MMCME2_ADV_X0Y0      MMCME2_ADV (Prop_mmcme2_adv_CLKIN1_CLKOUT0)
                                                     -3.145    -2.233 r  astep24_3l_top_I/clocking_reset_I/sys_to_40/inst/mmcm_adv_inst/CLKOUT0
                         net (fo=1, routed)           0.534    -1.700    astep24_3l_top_I/clocking_reset_I/sys_to_40/inst/clk_out1_clk_sys_to_40
    BUFGCTRL_X0Y10       BUFG (Prop_bufg_I_O)         0.029    -1.671 r  astep24_3l_top_I/clocking_reset_I/sys_to_40/inst/clkout1_buf/O
                         net (fo=34, routed)          0.817    -0.854    astep24_3l_top_I/clocking_reset_I/intern_or_ext_to_internal/inst/clk_in1
    MMCME2_ADV_X1Y0      MMCME2_ADV (Prop_mmcme2_adv_CLKIN1_CLKOUT1)
                                                     -1.375    -2.229 r  astep24_3l_top_I/clocking_reset_I/intern_or_ext_to_internal/inst/mmcm_adv_inst/CLKOUT1
                         net (fo=1, routed)           0.530    -1.700    astep24_3l_top_I/clocking_reset_I/intern_or_ext_to_internal/inst/clk_80_clk_core_extorint_40
    BUFGCTRL_X0Y6        BUFG (Prop_bufg_I_O)         0.029    -1.671 r  astep24_3l_top_I/clocking_reset_I/intern_or_ext_to_internal/inst/clkout2_buf/O
                         net (fo=5288, routed)        0.832    -0.839    astep24_3l_top_I/main_rfg_I/clk_80
    SLICE_X35Y48         FDRE (Prop_fdre_C_Q)         0.175    -0.664 r  astep24_3l_top_I/main_rfg_I/spi_layers_ckdivider_divided_clk_reg/Q
                         net (fo=2, routed)           0.526    -0.138    astep24_3l_top_I_n_27
    BUFGCTRL_X0Y7        BUFG (Prop_bufg_I_O)         0.029    -0.109 r  spi_layers_ckdivider_divided_resn_delay_reg[7]_i_1/O
                         net (fo=992, routed)         0.826     0.718    astep24_3l_top_I/switched_readout/genblk1[1].layer_if_I/spi_io/CLK
    SLICE_X44Y64         FDRE                                         r  astep24_3l_top_I/switched_readout/genblk1[1].layer_if_I/spi_io/spi_clk_reg_reg/C
                         clock pessimism              0.133     0.851    
    SLICE_X44Y64         FDRE (Hold_fdre_C_D)         0.092     0.943    astep24_3l_top_I/switched_readout/genblk1[1].layer_if_I/spi_io/spi_clk_reg_reg
  -------------------------------------------------------------------
                         required time                         -0.943    
                         arrival time                           1.506    
  -------------------------------------------------------------------
                         slack                                  0.563    





---------------------------------------------------------------------------------------------------
From Clock:  spi_layer2_clock_internal
  To Clock:  layers_spi_divided

Setup :            0  Failing Endpoints,  Worst Slack       18.585ns,  Total Violation        0.000ns
Hold  :            0  Failing Endpoints,  Worst Slack        0.542ns,  Total Violation        0.000ns
---------------------------------------------------------------------------------------------------


Max Delay Paths
--------------------------------------------------------------------------------------
Slack (MET) :             18.585ns  (required time - arrival time)
  Source:                 astep24_3l_top_I/loopback_spi_layer_2/spi_egress/egress_byte_reg[1]/C
                            (rising edge-triggered cell FDCE clocked by spi_layer2_clock_internal  {rise@0.000ns fall@25.000ns period=50.000ns})
  Destination:            astep24_3l_top_I/switched_readout/genblk1[2].layer_if_I/spi_io/miso_byte_reg[7]/D
                            (rising edge-triggered cell FDRE clocked by layers_spi_divided  {rise@0.000ns fall@12.500ns period=25.000ns})
  Path Group:             layers_spi_divided
  Path Type:              Setup (Max at Slow Process Corner)
  Requirement:            25.000ns  (layers_spi_divided rise@25.000ns - spi_layer2_clock_internal rise@0.000ns)
  Data Path Delay:        2.568ns  (logic 0.580ns (22.586%)  route 1.988ns (77.414%))
  Logic Levels:           1  (LUT3=1)
  Clock Path Skew:        -3.766ns (DCD - SCD + CPR)
    Destination Clock Delay (DCD):    1.449ns = ( 26.449 - 25.000 ) 
    Source Clock Delay      (SCD):    6.078ns
    Clock Pessimism Removal (CPR):    0.863ns
  Clock Uncertainty:      0.110ns  ((TSJ^2 + DJ^2)^1/2) / 2 + PE
    Total System Jitter     (TSJ):    0.071ns
    Discrete Jitter          (DJ):    0.209ns
    Phase Error              (PE):    0.000ns

    Location             Delay type                Incr(ns)  Path(ns)    Netlist Resource(s)
  -------------------------------------------------------------------    -------------------
                         (clock spi_layer2_clock_internal rise edge)
                                                      0.000     0.000 r  
    L17                                               0.000     0.000 r  sysclk (IN)
                         net (fo=0)                   0.000     0.000    astep24_3l_top_I/clocking_reset_I/sys_to_40/inst/clk_in1
    L17                  IBUF (Prop_ibuf_I_O)         1.476     1.476 r  astep24_3l_top_I/clocking_reset_I/sys_to_40/inst/clkin1_ibufg/O
                         net (fo=1, routed)           1.233     2.709    astep24_3l_top_I/clocking_reset_I/sys_to_40/inst/clk_in1_clk_sys_to_40
    MMCME2_ADV_X0Y0      MMCME2_ADV (Prop_mmcme2_adv_CLKIN1_CLKOUT0)
                                                     -6.965    -4.256 r  astep24_3l_top_I/clocking_reset_I/sys_to_40/inst/mmcm_adv_inst/CLKOUT0
                         net (fo=1, routed)           1.666    -2.589    astep24_3l_top_I/clocking_reset_I/sys_to_40/inst/clk_out1_clk_sys_to_40
    BUFGCTRL_X0Y10       BUFG (Prop_bufg_I_O)         0.096    -2.493 r  astep24_3l_top_I/clocking_reset_I/sys_to_40/inst/clkout1_buf/O
                         net (fo=34, routed)          1.575    -0.918    astep24_3l_top_I/clocking_reset_I/intern_or_ext_to_internal/inst/clk_in1
    MMCME2_ADV_X1Y0      MMCME2_ADV (Prop_mmcme2_adv_CLKIN1_CLKOUT1)
                                                     -3.333    -4.251 r  astep24_3l_top_I/clocking_reset_I/intern_or_ext_to_internal/inst/mmcm_adv_inst/CLKOUT1
                         net (fo=1, routed)           1.661    -2.589    astep24_3l_top_I/clocking_reset_I/intern_or_ext_to_internal/inst/clk_80_clk_core_extorint_40
    BUFGCTRL_X0Y6        BUFG (Prop_bufg_I_O)         0.096    -2.493 r  astep24_3l_top_I/clocking_reset_I/intern_or_ext_to_internal/inst/clkout2_buf/O
                         net (fo=5288, routed)        1.565    -0.928    astep24_3l_top_I/main_rfg_I/clk_80
    SLICE_X35Y48         FDRE (Prop_fdre_C_Q)         0.456    -0.472 r  astep24_3l_top_I/main_rfg_I/spi_layers_ckdivider_divided_clk_reg/Q
                         net (fo=2, routed)           1.247     0.775    astep24_3l_top_I_n_27
    BUFGCTRL_X0Y7        BUFG (Prop_bufg_I_O)         0.096     0.871 r  spi_layers_ckdivider_divided_resn_delay_reg[7]_i_1/O
                         net (fo=992, routed)         1.556     2.427    astep24_3l_top_I/switched_readout/genblk1[2].layer_if_I/spi_io/CLK
    SLICE_X49Y59         FDRE (Prop_fdre_C_Q)         0.456     2.883 r  astep24_3l_top_I/switched_readout/genblk1[2].layer_if_I/spi_io/spi_clk_reg_reg/Q
                         net (fo=2, routed)           1.541     4.425    layer_2_spi_clk_OBUF
    BUFGCTRL_X0Y4        BUFG (Prop_bufg_I_O)         0.096     4.521 r  layer_2_spi_clk_OBUF_BUFG_inst/O
                         net (fo=232, routed)         1.557     6.078    astep24_3l_top_I/loopback_spi_layer_2/spi_egress/egress_byte_next_reg[7]_0
    SLICE_X49Y92         FDCE                                         r  astep24_3l_top_I/loopback_spi_layer_2/spi_egress/egress_byte_reg[1]/C
  -------------------------------------------------------------------    -------------------
    SLICE_X49Y92         FDCE (Prop_fdce_C_Q)         0.456     6.534 r  astep24_3l_top_I/loopback_spi_layer_2/spi_egress/egress_byte_reg[1]/Q
                         net (fo=1, routed)           1.988     8.522    astep24_3l_top_I/loopback_spi_layer_2/spi_egress/egress_byte_reg_n_0_[1]
    SLICE_X48Y53         LUT3 (Prop_lut3_I0_O)        0.124     8.646 r  astep24_3l_top_I/loopback_spi_layer_2/spi_egress/miso_byte[7]_i_2__2/O
                         net (fo=1, routed)           0.000     8.646    astep24_3l_top_I/switched_readout/genblk1[2].layer_if_I/spi_io/p_3_out[1]
    SLICE_X48Y53         FDRE                                         r  astep24_3l_top_I/switched_readout/genblk1[2].layer_if_I/spi_io/miso_byte_reg[7]/D
  -------------------------------------------------------------------    -------------------

                         (clock layers_spi_divided rise edge)
                                                     25.000    25.000 r  
    L17                                               0.000    25.000 r  sysclk (IN)
                         net (fo=0)                   0.000    25.000    astep24_3l_top_I/clocking_reset_I/sys_to_40/inst/clk_in1
    L17                  IBUF (Prop_ibuf_I_O)         1.406    26.405 r  astep24_3l_top_I/clocking_reset_I/sys_to_40/inst/clkin1_ibufg/O
                         net (fo=1, routed)           1.162    27.567    astep24_3l_top_I/clocking_reset_I/sys_to_40/inst/clk_in1_clk_sys_to_40
    MMCME2_ADV_X0Y0      MMCME2_ADV (Prop_mmcme2_adv_CLKIN1_CLKOUT0)
                                                     -7.221    20.346 r  astep24_3l_top_I/clocking_reset_I/sys_to_40/inst/mmcm_adv_inst/CLKOUT0
                         net (fo=1, routed)           1.587    21.933    astep24_3l_top_I/clocking_reset_I/sys_to_40/inst/clk_out1_clk_sys_to_40
    BUFGCTRL_X0Y10       BUFG (Prop_bufg_I_O)         0.091    22.024 r  astep24_3l_top_I/clocking_reset_I/sys_to_40/inst/clkout1_buf/O
                         net (fo=34, routed)          1.457    23.481    astep24_3l_top_I/clocking_reset_I/intern_or_ext_to_internal/inst/clk_in1
    MMCME2_ADV_X1Y0      MMCME2_ADV (Prop_mmcme2_adv_CLKIN1_CLKOUT1)
                                                     -3.129    20.352 r  astep24_3l_top_I/clocking_reset_I/intern_or_ext_to_internal/inst/mmcm_adv_inst/CLKOUT1
                         net (fo=1, routed)           1.581    21.933    astep24_3l_top_I/clocking_reset_I/intern_or_ext_to_internal/inst/clk_80_clk_core_extorint_40
    BUFGCTRL_X0Y6        BUFG (Prop_bufg_I_O)         0.091    22.024 r  astep24_3l_top_I/clocking_reset_I/intern_or_ext_to_internal/inst/clkout2_buf/O
                         net (fo=5288, routed)        1.445    23.469    astep24_3l_top_I/main_rfg_I/clk_80
    SLICE_X35Y48         FDRE (Prop_fdre_C_Q)         0.367    23.836 r  astep24_3l_top_I/main_rfg_I/spi_layers_ckdivider_divided_clk_reg/Q
                         net (fo=2, routed)           1.081    24.918    astep24_3l_top_I_n_27
    BUFGCTRL_X0Y7        BUFG (Prop_bufg_I_O)         0.091    25.009 r  spi_layers_ckdivider_divided_resn_delay_reg[7]_i_1/O
                         net (fo=992, routed)         1.441    26.449    astep24_3l_top_I/switched_readout/genblk1[2].layer_if_I/spi_io/CLK
    SLICE_X48Y53         FDRE                                         r  astep24_3l_top_I/switched_readout/genblk1[2].layer_if_I/spi_io/miso_byte_reg[7]/C
                         clock pessimism              0.863    27.312    
                         clock uncertainty           -0.110    27.202    
    SLICE_X48Y53         FDRE (Setup_fdre_C_D)        0.029    27.231    astep24_3l_top_I/switched_readout/genblk1[2].layer_if_I/spi_io/miso_byte_reg[7]
  -------------------------------------------------------------------
                         required time                         27.231    
                         arrival time                          -8.646    
  -------------------------------------------------------------------
                         slack                                 18.585    





Min Delay Paths
--------------------------------------------------------------------------------------
Slack (MET) :             0.542ns  (arrival time - required time)
  Source:                 astep24_3l_top_I/switched_readout/genblk1[2].layer_if_I/spi_io/spi_clk_reg_reg/Q
                            (clock source 'spi_layer2_clock_internal'  {rise@0.000ns fall@25.000ns period=50.000ns})
  Destination:            astep24_3l_top_I/switched_readout/genblk1[2].layer_if_I/spi_io/spi_clk_reg_reg/D
                            (rising edge-triggered cell FDRE clocked by layers_spi_divided  {rise@0.000ns fall@12.500ns period=25.000ns})
  Path Group:             layers_spi_divided
  Path Type:              Hold (Min at Fast Process Corner)
  Requirement:            0.000ns  (layers_spi_divided rise@0.000ns - spi_layer2_clock_internal rise@0.000ns)
  Data Path Delay:        0.762ns  (logic 0.045ns (5.902%)  route 0.717ns (94.098%))
  Logic Levels:           1  (LUT6=1)
  Clock Path Skew:        0.129ns (DCD - SCD - CPR)
    Destination Clock Delay (DCD):    0.724ns
    Source Clock Delay      (SCD):    0.728ns
    Clock Pessimism Removal (CPR):    -0.133ns

    Location             Delay type                Incr(ns)  Path(ns)    Netlist Resource(s)
  -------------------------------------------------------------------    -------------------
                         (clock spi_layer2_clock_internal rise edge)
                                                      0.000     0.000 r  
    L17                                               0.000     0.000 r  sysclk (IN)
                         net (fo=0)                   0.000     0.000    astep24_3l_top_I/clocking_reset_I/sys_to_40/inst/clk_in1
    L17                  IBUF (Prop_ibuf_I_O)         0.244     0.244 r  astep24_3l_top_I/clocking_reset_I/sys_to_40/inst/clkin1_ibufg/O
                         net (fo=1, routed)           0.440     0.684    astep24_3l_top_I/clocking_reset_I/sys_to_40/inst/clk_in1_clk_sys_to_40
    MMCME2_ADV_X0Y0      MMCME2_ADV (Prop_mmcme2_adv_CLKIN1_CLKOUT0)
                                                     -2.362    -1.678 r  astep24_3l_top_I/clocking_reset_I/sys_to_40/inst/mmcm_adv_inst/CLKOUT0
                         net (fo=1, routed)           0.489    -1.189    astep24_3l_top_I/clocking_reset_I/sys_to_40/inst/clk_out1_clk_sys_to_40
    BUFGCTRL_X0Y10       BUFG (Prop_bufg_I_O)         0.026    -1.163 r  astep24_3l_top_I/clocking_reset_I/sys_to_40/inst/clkout1_buf/O
                         net (fo=34, routed)          0.549    -0.615    astep24_3l_top_I/clocking_reset_I/intern_or_ext_to_internal/inst/clk_in1
    MMCME2_ADV_X1Y0      MMCME2_ADV (Prop_mmcme2_adv_CLKIN1_CLKOUT1)
                                                     -1.061    -1.675 r  astep24_3l_top_I/clocking_reset_I/intern_or_ext_to_internal/inst/mmcm_adv_inst/CLKOUT1
                         net (fo=1, routed)           0.486    -1.189    astep24_3l_top_I/clocking_reset_I/intern_or_ext_to_internal/inst/clk_80_clk_core_extorint_40
    BUFGCTRL_X0Y6        BUFG (Prop_bufg_I_O)         0.026    -1.163 r  astep24_3l_top_I/clocking_reset_I/intern_or_ext_to_internal/inst/clkout2_buf/O
                         net (fo=5288, routed)        0.563    -0.601    astep24_3l_top_I/main_rfg_I/clk_80
    SLICE_X35Y48         FDRE (Prop_fdre_C_Q)         0.141    -0.460 r  astep24_3l_top_I/main_rfg_I/spi_layers_ckdivider_divided_clk_reg/Q
                         net (fo=2, routed)           0.458    -0.002    astep24_3l_top_I_n_27
    BUFGCTRL_X0Y7        BUFG (Prop_bufg_I_O)         0.026     0.024 r  spi_layers_ckdivider_divided_resn_delay_reg[7]_i_1/O
                         net (fo=992, routed)         0.563     0.587    astep24_3l_top_I/switched_readout/genblk1[2].layer_if_I/spi_io/CLK
  -------------------------------------------------------------------    -------------------
    SLICE_X49Y59         FDRE (Prop_fdre_C_Q)         0.141     0.728 r  astep24_3l_top_I/switched_readout/genblk1[2].layer_if_I/spi_io/spi_clk_reg_reg/Q
                         net (fo=2, routed)           0.717     1.445    astep24_3l_top_I/switched_readout/genblk1[2].layer_if_I/spi_io/layer_2_spi_clk_OBUF
    SLICE_X49Y59         LUT6 (Prop_lut6_I5_O)        0.045     1.490 r  astep24_3l_top_I/switched_readout/genblk1[2].layer_if_I/spi_io/spi_clk_reg_i_1__1/O
                         net (fo=1, routed)           0.000     1.490    astep24_3l_top_I/switched_readout/genblk1[2].layer_if_I/spi_io/spi_clk_reg_i_1__1_n_0
    SLICE_X49Y59         FDRE                                         r  astep24_3l_top_I/switched_readout/genblk1[2].layer_if_I/spi_io/spi_clk_reg_reg/D
  -------------------------------------------------------------------    -------------------

                         (clock layers_spi_divided rise edge)
                                                      0.000     0.000 r  
    L17                                               0.000     0.000 r  sysclk (IN)
                         net (fo=0)                   0.000     0.000    astep24_3l_top_I/clocking_reset_I/sys_to_40/inst/clk_in1
    L17                  IBUF (Prop_ibuf_I_O)         0.432     0.432 r  astep24_3l_top_I/clocking_reset_I/sys_to_40/inst/clkin1_ibufg/O
                         net (fo=1, routed)           0.480     0.912    astep24_3l_top_I/clocking_reset_I/sys_to_40/inst/clk_in1_clk_sys_to_40
    MMCME2_ADV_X0Y0      MMCME2_ADV (Prop_mmcme2_adv_CLKIN1_CLKOUT0)
                                                     -3.145    -2.233 r  astep24_3l_top_I/clocking_reset_I/sys_to_40/inst/mmcm_adv_inst/CLKOUT0
                         net (fo=1, routed)           0.534    -1.700    astep24_3l_top_I/clocking_reset_I/sys_to_40/inst/clk_out1_clk_sys_to_40
    BUFGCTRL_X0Y10       BUFG (Prop_bufg_I_O)         0.029    -1.671 r  astep24_3l_top_I/clocking_reset_I/sys_to_40/inst/clkout1_buf/O
                         net (fo=34, routed)          0.817    -0.854    astep24_3l_top_I/clocking_reset_I/intern_or_ext_to_internal/inst/clk_in1
    MMCME2_ADV_X1Y0      MMCME2_ADV (Prop_mmcme2_adv_CLKIN1_CLKOUT1)
                                                     -1.375    -2.229 r  astep24_3l_top_I/clocking_reset_I/intern_or_ext_to_internal/inst/mmcm_adv_inst/CLKOUT1
                         net (fo=1, routed)           0.530    -1.700    astep24_3l_top_I/clocking_reset_I/intern_or_ext_to_internal/inst/clk_80_clk_core_extorint_40
    BUFGCTRL_X0Y6        BUFG (Prop_bufg_I_O)         0.029    -1.671 r  astep24_3l_top_I/clocking_reset_I/intern_or_ext_to_internal/inst/clkout2_buf/O
                         net (fo=5288, routed)        0.832    -0.839    astep24_3l_top_I/main_rfg_I/clk_80
    SLICE_X35Y48         FDRE (Prop_fdre_C_Q)         0.175    -0.664 r  astep24_3l_top_I/main_rfg_I/spi_layers_ckdivider_divided_clk_reg/Q
                         net (fo=2, routed)           0.526    -0.138    astep24_3l_top_I_n_27
    BUFGCTRL_X0Y7        BUFG (Prop_bufg_I_O)         0.029    -0.109 r  spi_layers_ckdivider_divided_resn_delay_reg[7]_i_1/O
                         net (fo=992, routed)         0.832     0.724    astep24_3l_top_I/switched_readout/genblk1[2].layer_if_I/spi_io/CLK
    SLICE_X49Y59         FDRE                                         r  astep24_3l_top_I/switched_readout/genblk1[2].layer_if_I/spi_io/spi_clk_reg_reg/C
                         clock pessimism              0.133     0.857    
    SLICE_X49Y59         FDRE (Hold_fdre_C_D)         0.092     0.949    astep24_3l_top_I/switched_readout/genblk1[2].layer_if_I/spi_io/spi_clk_reg_reg
  -------------------------------------------------------------------
                         required time                         -0.949    
                         arrival time                           1.490    
  -------------------------------------------------------------------
                         slack                                  0.542    





---------------------------------------------------------------------------------------------------
From Clock:  clk_80_clk_core_extorint_40
  To Clock:  spi_layer0_clock_internal

Setup :            0  Failing Endpoints,  Worst Slack       11.189ns,  Total Violation        0.000ns
Hold  :           NA  Failing Endpoints,  Worst Slack           NA  ,  Total Violation           NA
---------------------------------------------------------------------------------------------------


Max Delay Paths
--------------------------------------------------------------------------------------
Slack (MET) :             11.189ns  (required time - arrival time)
  Source:                 astep24_3l_top_I/loopback_spi_layer_0/miso_fifo/inst/gen_fifo.xpm_fifo_axis_inst/xpm_fifo_base_inst/gen_cdc_pntr.wr_pntr_cdc_inst/src_gray_ff_reg[3]/C
                            (rising edge-triggered cell FDRE clocked by clk_80_clk_core_extorint_40  {rise@0.000ns fall@6.250ns period=12.500ns})
  Destination:            astep24_3l_top_I/loopback_spi_layer_0/miso_fifo/inst/gen_fifo.xpm_fifo_axis_inst/xpm_fifo_base_inst/gen_cdc_pntr.wr_pntr_cdc_inst/dest_graysync_ff_reg[0][3]/D
                            (rising edge-triggered cell FDRE clocked by spi_layer0_clock_internal  {rise@0.000ns fall@25.000ns period=50.000ns})
  Path Group:             spi_layer0_clock_internal
  Path Type:              Setup (Max at Slow Process Corner)
  Requirement:            12.500ns  (MaxDelay Path 12.500ns)
  Data Path Delay:        1.046ns  (logic 0.419ns (40.053%)  route 0.627ns (59.947%))
  Logic Levels:           0  
  Timing Exception:       MaxDelay Path 12.500ns -datapath_only

    Location             Delay type                Incr(ns)  Path(ns)    Netlist Resource(s)
  -------------------------------------------------------------------    -------------------
    SLICE_X59Y74                                      0.000     0.000 r  astep24_3l_top_I/loopback_spi_layer_0/miso_fifo/inst/gen_fifo.xpm_fifo_axis_inst/xpm_fifo_base_inst/gen_cdc_pntr.wr_pntr_cdc_inst/src_gray_ff_reg[3]/C
    SLICE_X59Y74         FDRE (Prop_fdre_C_Q)         0.419     0.419 r  astep24_3l_top_I/loopback_spi_layer_0/miso_fifo/inst/gen_fifo.xpm_fifo_axis_inst/xpm_fifo_base_inst/gen_cdc_pntr.wr_pntr_cdc_inst/src_gray_ff_reg[3]/Q
                         net (fo=1, routed)           0.627     1.046    astep24_3l_top_I/loopback_spi_layer_0/miso_fifo/inst/gen_fifo.xpm_fifo_axis_inst/xpm_fifo_base_inst/gen_cdc_pntr.wr_pntr_cdc_inst/async_path[3]
    SLICE_X59Y73         FDRE                                         r  astep24_3l_top_I/loopback_spi_layer_0/miso_fifo/inst/gen_fifo.xpm_fifo_axis_inst/xpm_fifo_base_inst/gen_cdc_pntr.wr_pntr_cdc_inst/dest_graysync_ff_reg[0][3]/D
  -------------------------------------------------------------------    -------------------

                         max delay                   12.500    12.500    
    SLICE_X59Y73         FDRE (Setup_fdre_C_D)       -0.265    12.235    astep24_3l_top_I/loopback_spi_layer_0/miso_fifo/inst/gen_fifo.xpm_fifo_axis_inst/xpm_fifo_base_inst/gen_cdc_pntr.wr_pntr_cdc_inst/dest_graysync_ff_reg[0][3]
  -------------------------------------------------------------------
                         required time                         12.235    
                         arrival time                          -1.046    
  -------------------------------------------------------------------
                         slack                                 11.189    





---------------------------------------------------------------------------------------------------
From Clock:  layers_spi_divided
  To Clock:  spi_layer0_clock_internal

Setup :            0  Failing Endpoints,  Worst Slack       22.430ns,  Total Violation        0.000ns
Hold  :            0  Failing Endpoints,  Worst Slack        0.237ns,  Total Violation        0.000ns
---------------------------------------------------------------------------------------------------


Max Delay Paths
--------------------------------------------------------------------------------------
Slack (MET) :             22.430ns  (required time - arrival time)
  Source:                 astep24_3l_top_I/switched_readout/genblk1[0].layer_if_I/spi_io/mosi_byte_reg[0]/C
                            (rising edge-triggered cell FDRE clocked by layers_spi_divided  {rise@0.000ns fall@12.500ns period=25.000ns})
  Destination:            astep24_3l_top_I/loopback_spi_layer_0/spi_igress/rcv_byte_reg[7]/D
                            (falling edge-triggered cell FDRE clocked by spi_layer0_clock_internal  {rise@0.000ns fall@25.000ns period=50.000ns})
  Path Group:             spi_layer0_clock_internal
  Path Type:              Setup (Max at Slow Process Corner)
  Requirement:            25.000ns  (spi_layer0_clock_internal fall@25.000ns - layers_spi_divided rise@0.000ns)
  Data Path Delay:        5.990ns  (logic 0.456ns (7.612%)  route 5.534ns (92.388%))
  Logic Levels:           0  
  Clock Path Skew:        3.585ns (DCD - SCD + CPR)
    Destination Clock Delay (DCD):    5.136ns = ( 30.136 - 25.000 ) 
    Source Clock Delay      (SCD):    2.413ns
    Clock Pessimism Removal (CPR):    0.863ns
  Clock Uncertainty:      0.110ns  ((TSJ^2 + DJ^2)^1/2) / 2 + PE
    Total System Jitter     (TSJ):    0.071ns
    Discrete Jitter          (DJ):    0.209ns
    Phase Error              (PE):    0.000ns

    Location             Delay type                Incr(ns)  Path(ns)    Netlist Resource(s)
  -------------------------------------------------------------------    -------------------
                         (clock layers_spi_divided rise edge)
                                                      0.000     0.000 r  
    L17                                               0.000     0.000 r  sysclk (IN)
                         net (fo=0)                   0.000     0.000    astep24_3l_top_I/clocking_reset_I/sys_to_40/inst/clk_in1
    L17                  IBUF (Prop_ibuf_I_O)         1.476     1.476 r  astep24_3l_top_I/clocking_reset_I/sys_to_40/inst/clkin1_ibufg/O
                         net (fo=1, routed)           1.233     2.709    astep24_3l_top_I/clocking_reset_I/sys_to_40/inst/clk_in1_clk_sys_to_40
    MMCME2_ADV_X0Y0      MMCME2_ADV (Prop_mmcme2_adv_CLKIN1_CLKOUT0)
                                                     -6.965    -4.256 r  astep24_3l_top_I/clocking_reset_I/sys_to_40/inst/mmcm_adv_inst/CLKOUT0
                         net (fo=1, routed)           1.666    -2.589    astep24_3l_top_I/clocking_reset_I/sys_to_40/inst/clk_out1_clk_sys_to_40
    BUFGCTRL_X0Y10       BUFG (Prop_bufg_I_O)         0.096    -2.493 r  astep24_3l_top_I/clocking_reset_I/sys_to_40/inst/clkout1_buf/O
                         net (fo=34, routed)          1.575    -0.918    astep24_3l_top_I/clocking_reset_I/intern_or_ext_to_internal/inst/clk_in1
    MMCME2_ADV_X1Y0      MMCME2_ADV (Prop_mmcme2_adv_CLKIN1_CLKOUT1)
                                                     -3.333    -4.251 r  astep24_3l_top_I/clocking_reset_I/intern_or_ext_to_internal/inst/mmcm_adv_inst/CLKOUT1
                         net (fo=1, routed)           1.661    -2.589    astep24_3l_top_I/clocking_reset_I/intern_or_ext_to_internal/inst/clk_80_clk_core_extorint_40
    BUFGCTRL_X0Y6        BUFG (Prop_bufg_I_O)         0.096    -2.493 r  astep24_3l_top_I/clocking_reset_I/intern_or_ext_to_internal/inst/clkout2_buf/O
                         net (fo=5288, routed)        1.565    -0.928    astep24_3l_top_I/main_rfg_I/clk_80
    SLICE_X35Y48         FDRE (Prop_fdre_C_Q)         0.456    -0.472 r  astep24_3l_top_I/main_rfg_I/spi_layers_ckdivider_divided_clk_reg/Q
                         net (fo=2, routed)           1.247     0.775    astep24_3l_top_I_n_27
    BUFGCTRL_X0Y7        BUFG (Prop_bufg_I_O)         0.096     0.871 r  spi_layers_ckdivider_divided_resn_delay_reg[7]_i_1/O
                         net (fo=992, routed)         1.542     2.413    astep24_3l_top_I/switched_readout/genblk1[0].layer_if_I/spi_io/CLK
    SLICE_X47Y79         FDRE                                         r  astep24_3l_top_I/switched_readout/genblk1[0].layer_if_I/spi_io/mosi_byte_reg[0]/C
  -------------------------------------------------------------------    -------------------
    SLICE_X47Y79         FDRE (Prop_fdre_C_Q)         0.456     2.869 r  astep24_3l_top_I/switched_readout/genblk1[0].layer_if_I/spi_io/mosi_byte_reg[0]/Q
                         net (fo=1, routed)           5.534     8.404    astep24_3l_top_I/loopback_spi_layer_0/spi_igress/layer_0_spi_mosi
    SLICE_X44Y79         FDRE                                         r  astep24_3l_top_I/loopback_spi_layer_0/spi_igress/rcv_byte_reg[7]/D
  -------------------------------------------------------------------    -------------------

                         (clock spi_layer0_clock_internal fall edge)
                                                     25.000    25.000 r  
    L17                                               0.000    25.000 r  sysclk (IN)
                         net (fo=0)                   0.000    25.000    astep24_3l_top_I/clocking_reset_I/sys_to_40/inst/clk_in1
    L17                  IBUF (Prop_ibuf_I_O)         1.406    26.405 r  astep24_3l_top_I/clocking_reset_I/sys_to_40/inst/clkin1_ibufg/O
                         net (fo=1, routed)           1.162    27.567    astep24_3l_top_I/clocking_reset_I/sys_to_40/inst/clk_in1_clk_sys_to_40
    MMCME2_ADV_X0Y0      MMCME2_ADV (Prop_mmcme2_adv_CLKIN1_CLKOUT0)
                                                     -7.221    20.346 r  astep24_3l_top_I/clocking_reset_I/sys_to_40/inst/mmcm_adv_inst/CLKOUT0
                         net (fo=1, routed)           1.587    21.933    astep24_3l_top_I/clocking_reset_I/sys_to_40/inst/clk_out1_clk_sys_to_40
    BUFGCTRL_X0Y10       BUFG (Prop_bufg_I_O)         0.091    22.024 r  astep24_3l_top_I/clocking_reset_I/sys_to_40/inst/clkout1_buf/O
                         net (fo=34, routed)          1.457    23.481    astep24_3l_top_I/clocking_reset_I/intern_or_ext_to_internal/inst/clk_in1
    MMCME2_ADV_X1Y0      MMCME2_ADV (Prop_mmcme2_adv_CLKIN1_CLKOUT1)
                                                     -3.129    20.352 r  astep24_3l_top_I/clocking_reset_I/intern_or_ext_to_internal/inst/mmcm_adv_inst/CLKOUT1
                         net (fo=1, routed)           1.581    21.933    astep24_3l_top_I/clocking_reset_I/intern_or_ext_to_internal/inst/clk_80_clk_core_extorint_40
    BUFGCTRL_X0Y6        BUFG (Prop_bufg_I_O)         0.091    22.024 r  astep24_3l_top_I/clocking_reset_I/intern_or_ext_to_internal/inst/clkout2_buf/O
                         net (fo=5288, routed)        1.445    23.469    astep24_3l_top_I/main_rfg_I/clk_80
    SLICE_X35Y48         FDRE (Prop_fdre_C_Q)         0.367    23.836 r  astep24_3l_top_I/main_rfg_I/spi_layers_ckdivider_divided_clk_reg/Q
                         net (fo=2, routed)           1.081    24.918    astep24_3l_top_I_n_27
    BUFGCTRL_X0Y7        BUFG (Prop_bufg_I_O)         0.091    25.009 r  spi_layers_ckdivider_divided_resn_delay_reg[7]_i_1/O
                         net (fo=992, routed)         1.421    26.429    astep24_3l_top_I/switched_readout/genblk1[0].layer_if_I/spi_io/CLK
    SLICE_X37Y72         FDRE (Prop_fdre_C_Q)         0.367    26.796 f  astep24_3l_top_I/switched_readout/genblk1[0].layer_if_I/spi_io/spi_clk_reg_reg/Q
                         net (fo=2, routed)           1.822    28.618    layer_0_spi_clk_OBUF
    BUFGCTRL_X0Y2        BUFG (Prop_bufg_I_O)         0.091    28.709 f  layer_0_spi_clk_OBUF_BUFG_inst/O
                         net (fo=232, routed)         1.427    30.136    astep24_3l_top_I/loopback_spi_layer_0/spi_igress/m_axis_tvalid_reg_0
    SLICE_X44Y79         FDRE                                         r  astep24_3l_top_I/loopback_spi_layer_0/spi_igress/rcv_byte_reg[7]/C  (IS_INVERTED)
                         clock pessimism              0.863    30.999    
                         clock uncertainty           -0.110    30.888    
    SLICE_X44Y79         FDRE (Setup_fdre_C_D)       -0.055    30.833    astep24_3l_top_I/loopback_spi_layer_0/spi_igress/rcv_byte_reg[7]
  -------------------------------------------------------------------
                         required time                         30.833    
                         arrival time                          -8.404    
  -------------------------------------------------------------------
                         slack                                 22.430    





Min Delay Paths
--------------------------------------------------------------------------------------
Slack (MET) :             0.237ns  (arrival time - required time)
  Source:                 astep24_3l_top_I/switched_readout/genblk1[0].layer_if_I/spi_io/mosi_byte_reg[0]/C
                            (rising edge-triggered cell FDRE clocked by layers_spi_divided  {rise@0.000ns fall@12.500ns period=25.000ns})
  Destination:            astep24_3l_top_I/loopback_spi_layer_0/spi_igress/rcv_byte_reg[7]/D
                            (falling edge-triggered cell FDRE clocked by spi_layer0_clock_internal  {rise@0.000ns fall@25.000ns period=50.000ns})
  Path Group:             spi_layer0_clock_internal
  Path Type:              Hold (Min at Fast Process Corner)
  Requirement:            0.000ns  (spi_layer0_clock_internal fall@25.000ns - layers_spi_divided rise@25.000ns)
  Data Path Delay:        2.585ns  (logic 0.141ns (5.454%)  route 2.444ns (94.546%))
  Logic Levels:           0  
  Clock Path Skew:        2.269ns (DCD - SCD - CPR)
    Destination Clock Delay (DCD):    2.713ns = ( 27.713 - 25.000 ) 
    Source Clock Delay      (SCD):    0.577ns = ( 25.577 - 25.000 ) 
    Clock Pessimism Removal (CPR):    -0.133ns

    Location             Delay type                Incr(ns)  Path(ns)    Netlist Resource(s)
  -------------------------------------------------------------------    -------------------
                         (clock layers_spi_divided rise edge)
                                                     25.000    25.000 r  
    L17                                               0.000    25.000 r  sysclk (IN)
                         net (fo=0)                   0.000    25.000    astep24_3l_top_I/clocking_reset_I/sys_to_40/inst/clk_in1
    L17                  IBUF (Prop_ibuf_I_O)         0.244    25.244 r  astep24_3l_top_I/clocking_reset_I/sys_to_40/inst/clkin1_ibufg/O
                         net (fo=1, routed)           0.440    25.684    astep24_3l_top_I/clocking_reset_I/sys_to_40/inst/clk_in1_clk_sys_to_40
    MMCME2_ADV_X0Y0      MMCME2_ADV (Prop_mmcme2_adv_CLKIN1_CLKOUT0)
                                                     -2.362    23.322 r  astep24_3l_top_I/clocking_reset_I/sys_to_40/inst/mmcm_adv_inst/CLKOUT0
                         net (fo=1, routed)           0.489    23.810    astep24_3l_top_I/clocking_reset_I/sys_to_40/inst/clk_out1_clk_sys_to_40
    BUFGCTRL_X0Y10       BUFG (Prop_bufg_I_O)         0.026    23.836 r  astep24_3l_top_I/clocking_reset_I/sys_to_40/inst/clkout1_buf/O
                         net (fo=34, routed)          0.549    24.385    astep24_3l_top_I/clocking_reset_I/intern_or_ext_to_internal/inst/clk_in1
    MMCME2_ADV_X1Y0      MMCME2_ADV (Prop_mmcme2_adv_CLKIN1_CLKOUT1)
                                                     -1.061    23.325 r  astep24_3l_top_I/clocking_reset_I/intern_or_ext_to_internal/inst/mmcm_adv_inst/CLKOUT1
                         net (fo=1, routed)           0.486    23.810    astep24_3l_top_I/clocking_reset_I/intern_or_ext_to_internal/inst/clk_80_clk_core_extorint_40
    BUFGCTRL_X0Y6        BUFG (Prop_bufg_I_O)         0.026    23.836 r  astep24_3l_top_I/clocking_reset_I/intern_or_ext_to_internal/inst/clkout2_buf/O
                         net (fo=5288, routed)        0.563    24.399    astep24_3l_top_I/main_rfg_I/clk_80
    SLICE_X35Y48         FDRE (Prop_fdre_C_Q)         0.141    24.540 r  astep24_3l_top_I/main_rfg_I/spi_layers_ckdivider_divided_clk_reg/Q
                         net (fo=2, routed)           0.458    24.998    astep24_3l_top_I_n_27
    BUFGCTRL_X0Y7        BUFG (Prop_bufg_I_O)         0.026    25.024 r  spi_layers_ckdivider_divided_resn_delay_reg[7]_i_1/O
                         net (fo=992, routed)         0.553    25.577    astep24_3l_top_I/switched_readout/genblk1[0].layer_if_I/spi_io/CLK
    SLICE_X47Y79         FDRE                                         r  astep24_3l_top_I/switched_readout/genblk1[0].layer_if_I/spi_io/mosi_byte_reg[0]/C
  -------------------------------------------------------------------    -------------------
    SLICE_X47Y79         FDRE (Prop_fdre_C_Q)         0.141    25.718 r  astep24_3l_top_I/switched_readout/genblk1[0].layer_if_I/spi_io/mosi_byte_reg[0]/Q
                         net (fo=1, routed)           2.444    28.162    astep24_3l_top_I/loopback_spi_layer_0/spi_igress/layer_0_spi_mosi
    SLICE_X44Y79         FDRE                                         r  astep24_3l_top_I/loopback_spi_layer_0/spi_igress/rcv_byte_reg[7]/D
  -------------------------------------------------------------------    -------------------

                         (clock spi_layer0_clock_internal fall edge)
                                                     25.000    25.000 r  
    L17                                               0.000    25.000 r  sysclk (IN)
                         net (fo=0)                   0.000    25.000    astep24_3l_top_I/clocking_reset_I/sys_to_40/inst/clk_in1
    L17                  IBUF (Prop_ibuf_I_O)         0.432    25.432 r  astep24_3l_top_I/clocking_reset_I/sys_to_40/inst/clkin1_ibufg/O
                         net (fo=1, routed)           0.480    25.912    astep24_3l_top_I/clocking_reset_I/sys_to_40/inst/clk_in1_clk_sys_to_40
    MMCME2_ADV_X0Y0      MMCME2_ADV (Prop_mmcme2_adv_CLKIN1_CLKOUT0)
                                                     -3.145    22.767 r  astep24_3l_top_I/clocking_reset_I/sys_to_40/inst/mmcm_adv_inst/CLKOUT0
                         net (fo=1, routed)           0.534    23.300    astep24_3l_top_I/clocking_reset_I/sys_to_40/inst/clk_out1_clk_sys_to_40
    BUFGCTRL_X0Y10       BUFG (Prop_bufg_I_O)         0.029    23.329 r  astep24_3l_top_I/clocking_reset_I/sys_to_40/inst/clkout1_buf/O
                         net (fo=34, routed)          0.817    24.146    astep24_3l_top_I/clocking_reset_I/intern_or_ext_to_internal/inst/clk_in1
    MMCME2_ADV_X1Y0      MMCME2_ADV (Prop_mmcme2_adv_CLKIN1_CLKOUT1)
                                                     -1.375    22.771 r  astep24_3l_top_I/clocking_reset_I/intern_or_ext_to_internal/inst/mmcm_adv_inst/CLKOUT1
                         net (fo=1, routed)           0.530    23.300    astep24_3l_top_I/clocking_reset_I/intern_or_ext_to_internal/inst/clk_80_clk_core_extorint_40
    BUFGCTRL_X0Y6        BUFG (Prop_bufg_I_O)         0.029    23.329 r  astep24_3l_top_I/clocking_reset_I/intern_or_ext_to_internal/inst/clkout2_buf/O
                         net (fo=5288, routed)        0.832    24.161    astep24_3l_top_I/main_rfg_I/clk_80
    SLICE_X35Y48         FDRE (Prop_fdre_C_Q)         0.175    24.336 r  astep24_3l_top_I/main_rfg_I/spi_layers_ckdivider_divided_clk_reg/Q
                         net (fo=2, routed)           0.526    24.862    astep24_3l_top_I_n_27
    BUFGCTRL_X0Y7        BUFG (Prop_bufg_I_O)         0.029    24.891 r  spi_layers_ckdivider_divided_resn_delay_reg[7]_i_1/O
                         net (fo=992, routed)         0.816    25.707    astep24_3l_top_I/switched_readout/genblk1[0].layer_if_I/spi_io/CLK
    SLICE_X37Y72         FDRE (Prop_fdre_C_Q)         0.175    25.882 f  astep24_3l_top_I/switched_readout/genblk1[0].layer_if_I/spi_io/spi_clk_reg_reg/Q
                         net (fo=2, routed)           0.981    26.863    layer_0_spi_clk_OBUF
    BUFGCTRL_X0Y2        BUFG (Prop_bufg_I_O)         0.029    26.892 f  layer_0_spi_clk_OBUF_BUFG_inst/O
                         net (fo=232, routed)         0.821    27.713    astep24_3l_top_I/loopback_spi_layer_0/spi_igress/m_axis_tvalid_reg_0
    SLICE_X44Y79         FDRE                                         r  astep24_3l_top_I/loopback_spi_layer_0/spi_igress/rcv_byte_reg[7]/C  (IS_INVERTED)
                         clock pessimism              0.133    27.846    
    SLICE_X44Y79         FDRE (Hold_fdre_C_D)         0.079    27.925    astep24_3l_top_I/loopback_spi_layer_0/spi_igress/rcv_byte_reg[7]
  -------------------------------------------------------------------
                         required time                        -27.925    
                         arrival time                          28.162    
  -------------------------------------------------------------------
                         slack                                  0.237    





---------------------------------------------------------------------------------------------------
From Clock:  clk_80_clk_core_extorint_40
  To Clock:  spi_layer1_clock_internal

Setup :            0  Failing Endpoints,  Worst Slack       11.021ns,  Total Violation        0.000ns
Hold  :           NA  Failing Endpoints,  Worst Slack           NA  ,  Total Violation           NA
---------------------------------------------------------------------------------------------------


Max Delay Paths
--------------------------------------------------------------------------------------
Slack (MET) :             11.021ns  (required time - arrival time)
  Source:                 astep24_3l_top_I/loopback_spi_layer_1/spi_igress_fifo/inst/gen_fifo.xpm_fifo_axis_inst/xpm_fifo_base_inst/gen_cdc_pntr.rd_pntr_cdc_inst/src_gray_ff_reg[3]/C
                            (rising edge-triggered cell FDRE clocked by clk_80_clk_core_extorint_40  {rise@0.000ns fall@6.250ns period=12.500ns})
  Destination:            astep24_3l_top_I/loopback_spi_layer_1/spi_igress_fifo/inst/gen_fifo.xpm_fifo_axis_inst/xpm_fifo_base_inst/gen_cdc_pntr.rd_pntr_cdc_inst/dest_graysync_ff_reg[0][3]/D
                            (rising edge-triggered cell FDRE clocked by spi_layer1_clock_internal  {rise@0.000ns fall@25.000ns period=50.000ns})
  Path Group:             spi_layer1_clock_internal
  Path Type:              Setup (Max at Slow Process Corner)
  Requirement:            12.500ns  (MaxDelay Path 12.500ns)
  Data Path Delay:        1.209ns  (logic 0.478ns (39.540%)  route 0.731ns (60.460%))
  Logic Levels:           0  
  Timing Exception:       MaxDelay Path 12.500ns -datapath_only

    Location             Delay type                Incr(ns)  Path(ns)    Netlist Resource(s)
  -------------------------------------------------------------------    -------------------
    SLICE_X46Y70                                      0.000     0.000 r  astep24_3l_top_I/loopback_spi_layer_1/spi_igress_fifo/inst/gen_fifo.xpm_fifo_axis_inst/xpm_fifo_base_inst/gen_cdc_pntr.rd_pntr_cdc_inst/src_gray_ff_reg[3]/C
    SLICE_X46Y70         FDRE (Prop_fdre_C_Q)         0.478     0.478 r  astep24_3l_top_I/loopback_spi_layer_1/spi_igress_fifo/inst/gen_fifo.xpm_fifo_axis_inst/xpm_fifo_base_inst/gen_cdc_pntr.rd_pntr_cdc_inst/src_gray_ff_reg[3]/Q
                         net (fo=1, routed)           0.731     1.209    astep24_3l_top_I/loopback_spi_layer_1/spi_igress_fifo/inst/gen_fifo.xpm_fifo_axis_inst/xpm_fifo_base_inst/gen_cdc_pntr.rd_pntr_cdc_inst/async_path[3]
    SLICE_X47Y70         FDRE                                         r  astep24_3l_top_I/loopback_spi_layer_1/spi_igress_fifo/inst/gen_fifo.xpm_fifo_axis_inst/xpm_fifo_base_inst/gen_cdc_pntr.rd_pntr_cdc_inst/dest_graysync_ff_reg[0][3]/D
  -------------------------------------------------------------------    -------------------

                         max delay                   12.500    12.500    
    SLICE_X47Y70         FDRE (Setup_fdre_C_D)       -0.270    12.230    astep24_3l_top_I/loopback_spi_layer_1/spi_igress_fifo/inst/gen_fifo.xpm_fifo_axis_inst/xpm_fifo_base_inst/gen_cdc_pntr.rd_pntr_cdc_inst/dest_graysync_ff_reg[0][3]
  -------------------------------------------------------------------
                         required time                         12.230    
                         arrival time                          -1.209    
  -------------------------------------------------------------------
                         slack                                 11.021    





---------------------------------------------------------------------------------------------------
From Clock:  layers_spi_divided
  To Clock:  spi_layer1_clock_internal

Setup :            0  Failing Endpoints,  Worst Slack       22.795ns,  Total Violation        0.000ns
Hold  :            0  Failing Endpoints,  Worst Slack        0.118ns,  Total Violation        0.000ns
---------------------------------------------------------------------------------------------------


Max Delay Paths
--------------------------------------------------------------------------------------
Slack (MET) :             22.795ns  (required time - arrival time)
  Source:                 astep24_3l_top_I/switched_readout/genblk1[1].layer_if_I/spi_io/mosi_byte_reg[0]/C
                            (rising edge-triggered cell FDRE clocked by layers_spi_divided  {rise@0.000ns fall@12.500ns period=25.000ns})
  Destination:            astep24_3l_top_I/loopback_spi_layer_1/spi_igress/rcv_byte_reg[7]/D
                            (falling edge-triggered cell FDRE clocked by spi_layer1_clock_internal  {rise@0.000ns fall@25.000ns period=50.000ns})
  Path Group:             spi_layer1_clock_internal
  Path Type:              Setup (Max at Slow Process Corner)
  Requirement:            25.000ns  (spi_layer1_clock_internal fall@25.000ns - layers_spi_divided rise@0.000ns)
  Data Path Delay:        5.335ns  (logic 0.456ns (8.547%)  route 4.879ns (91.453%))
  Logic Levels:           0  
  Clock Path Skew:        3.277ns (DCD - SCD + CPR)
    Destination Clock Delay (DCD):    4.824ns = ( 29.824 - 25.000 ) 
    Source Clock Delay      (SCD):    2.409ns
    Clock Pessimism Removal (CPR):    0.863ns
  Clock Uncertainty:      0.110ns  ((TSJ^2 + DJ^2)^1/2) / 2 + PE
    Total System Jitter     (TSJ):    0.071ns
    Discrete Jitter          (DJ):    0.209ns
    Phase Error              (PE):    0.000ns

    Location             Delay type                Incr(ns)  Path(ns)    Netlist Resource(s)
  -------------------------------------------------------------------    -------------------
                         (clock layers_spi_divided rise edge)
                                                      0.000     0.000 r  
    L17                                               0.000     0.000 r  sysclk (IN)
                         net (fo=0)                   0.000     0.000    astep24_3l_top_I/clocking_reset_I/sys_to_40/inst/clk_in1
    L17                  IBUF (Prop_ibuf_I_O)         1.476     1.476 r  astep24_3l_top_I/clocking_reset_I/sys_to_40/inst/clkin1_ibufg/O
                         net (fo=1, routed)           1.233     2.709    astep24_3l_top_I/clocking_reset_I/sys_to_40/inst/clk_in1_clk_sys_to_40
    MMCME2_ADV_X0Y0      MMCME2_ADV (Prop_mmcme2_adv_CLKIN1_CLKOUT0)
                                                     -6.965    -4.256 r  astep24_3l_top_I/clocking_reset_I/sys_to_40/inst/mmcm_adv_inst/CLKOUT0
                         net (fo=1, routed)           1.666    -2.589    astep24_3l_top_I/clocking_reset_I/sys_to_40/inst/clk_out1_clk_sys_to_40
    BUFGCTRL_X0Y10       BUFG (Prop_bufg_I_O)         0.096    -2.493 r  astep24_3l_top_I/clocking_reset_I/sys_to_40/inst/clkout1_buf/O
                         net (fo=34, routed)          1.575    -0.918    astep24_3l_top_I/clocking_reset_I/intern_or_ext_to_internal/inst/clk_in1
    MMCME2_ADV_X1Y0      MMCME2_ADV (Prop_mmcme2_adv_CLKIN1_CLKOUT1)
                                                     -3.333    -4.251 r  astep24_3l_top_I/clocking_reset_I/intern_or_ext_to_internal/inst/mmcm_adv_inst/CLKOUT1
                         net (fo=1, routed)           1.661    -2.589    astep24_3l_top_I/clocking_reset_I/intern_or_ext_to_internal/inst/clk_80_clk_core_extorint_40
    BUFGCTRL_X0Y6        BUFG (Prop_bufg_I_O)         0.096    -2.493 r  astep24_3l_top_I/clocking_reset_I/intern_or_ext_to_internal/inst/clkout2_buf/O
                         net (fo=5288, routed)        1.565    -0.928    astep24_3l_top_I/main_rfg_I/clk_80
    SLICE_X35Y48         FDRE (Prop_fdre_C_Q)         0.456    -0.472 r  astep24_3l_top_I/main_rfg_I/spi_layers_ckdivider_divided_clk_reg/Q
                         net (fo=2, routed)           1.247     0.775    astep24_3l_top_I_n_27
    BUFGCTRL_X0Y7        BUFG (Prop_bufg_I_O)         0.096     0.871 r  spi_layers_ckdivider_divided_resn_delay_reg[7]_i_1/O
                         net (fo=992, routed)         1.538     2.409    astep24_3l_top_I/switched_readout/genblk1[1].layer_if_I/spi_io/CLK
    SLICE_X49Y74         FDRE                                         r  astep24_3l_top_I/switched_readout/genblk1[1].layer_if_I/spi_io/mosi_byte_reg[0]/C
  -------------------------------------------------------------------    -------------------
    SLICE_X49Y74         FDRE (Prop_fdre_C_Q)         0.456     2.865 r  astep24_3l_top_I/switched_readout/genblk1[1].layer_if_I/spi_io/mosi_byte_reg[0]/Q
                         net (fo=1, routed)           4.879     7.744    astep24_3l_top_I/loopback_spi_layer_1/spi_igress/layer_1_spi_mosi
    SLICE_X49Y73         FDRE                                         r  astep24_3l_top_I/loopback_spi_layer_1/spi_igress/rcv_byte_reg[7]/D
  -------------------------------------------------------------------    -------------------

                         (clock spi_layer1_clock_internal fall edge)
                                                     25.000    25.000 r  
    L17                                               0.000    25.000 r  sysclk (IN)
                         net (fo=0)                   0.000    25.000    astep24_3l_top_I/clocking_reset_I/sys_to_40/inst/clk_in1
    L17                  IBUF (Prop_ibuf_I_O)         1.406    26.405 r  astep24_3l_top_I/clocking_reset_I/sys_to_40/inst/clkin1_ibufg/O
                         net (fo=1, routed)           1.162    27.567    astep24_3l_top_I/clocking_reset_I/sys_to_40/inst/clk_in1_clk_sys_to_40
    MMCME2_ADV_X0Y0      MMCME2_ADV (Prop_mmcme2_adv_CLKIN1_CLKOUT0)
                                                     -7.221    20.346 r  astep24_3l_top_I/clocking_reset_I/sys_to_40/inst/mmcm_adv_inst/CLKOUT0
                         net (fo=1, routed)           1.587    21.933    astep24_3l_top_I/clocking_reset_I/sys_to_40/inst/clk_out1_clk_sys_to_40
    BUFGCTRL_X0Y10       BUFG (Prop_bufg_I_O)         0.091    22.024 r  astep24_3l_top_I/clocking_reset_I/sys_to_40/inst/clkout1_buf/O
                         net (fo=34, routed)          1.457    23.481    astep24_3l_top_I/clocking_reset_I/intern_or_ext_to_internal/inst/clk_in1
    MMCME2_ADV_X1Y0      MMCME2_ADV (Prop_mmcme2_adv_CLKIN1_CLKOUT1)
                                                     -3.129    20.352 r  astep24_3l_top_I/clocking_reset_I/intern_or_ext_to_internal/inst/mmcm_adv_inst/CLKOUT1
                         net (fo=1, routed)           1.581    21.933    astep24_3l_top_I/clocking_reset_I/intern_or_ext_to_internal/inst/clk_80_clk_core_extorint_40
    BUFGCTRL_X0Y6        BUFG (Prop_bufg_I_O)         0.091    22.024 r  astep24_3l_top_I/clocking_reset_I/intern_or_ext_to_internal/inst/clkout2_buf/O
                         net (fo=5288, routed)        1.445    23.469    astep24_3l_top_I/main_rfg_I/clk_80
    SLICE_X35Y48         FDRE (Prop_fdre_C_Q)         0.367    23.836 r  astep24_3l_top_I/main_rfg_I/spi_layers_ckdivider_divided_clk_reg/Q
                         net (fo=2, routed)           1.081    24.918    astep24_3l_top_I_n_27
    BUFGCTRL_X0Y7        BUFG (Prop_bufg_I_O)         0.091    25.009 r  spi_layers_ckdivider_divided_resn_delay_reg[7]_i_1/O
                         net (fo=992, routed)         1.433    26.441    astep24_3l_top_I/switched_readout/genblk1[1].layer_if_I/spi_io/CLK
    SLICE_X44Y64         FDRE (Prop_fdre_C_Q)         0.367    26.808 f  astep24_3l_top_I/switched_readout/genblk1[1].layer_if_I/spi_io/spi_clk_reg_reg/Q
                         net (fo=2, routed)           1.499    28.307    layer_1_spi_clk_OBUF
    BUFGCTRL_X0Y3        BUFG (Prop_bufg_I_O)         0.091    28.398 f  layer_1_spi_clk_OBUF_BUFG_inst/O
                         net (fo=232, routed)         1.426    29.824    astep24_3l_top_I/loopback_spi_layer_1/spi_igress/m_axis_tvalid_reg_0
    SLICE_X49Y73         FDRE                                         r  astep24_3l_top_I/loopback_spi_layer_1/spi_igress/rcv_byte_reg[7]/C  (IS_INVERTED)
                         clock pessimism              0.863    30.687    
                         clock uncertainty           -0.110    30.576    
    SLICE_X49Y73         FDRE (Setup_fdre_C_D)       -0.037    30.539    astep24_3l_top_I/loopback_spi_layer_1/spi_igress/rcv_byte_reg[7]
  -------------------------------------------------------------------
                         required time                         30.539    
                         arrival time                          -7.744    
  -------------------------------------------------------------------
                         slack                                 22.795    





Min Delay Paths
--------------------------------------------------------------------------------------
Slack (MET) :             0.118ns  (arrival time - required time)
  Source:                 astep24_3l_top_I/switched_readout/genblk1[1].layer_if_I/spi_io/mosi_byte_reg[0]/C
                            (rising edge-triggered cell FDRE clocked by layers_spi_divided  {rise@0.000ns fall@12.500ns period=25.000ns})
  Destination:            astep24_3l_top_I/loopback_spi_layer_1/spi_igress/rcv_byte_reg[7]/D
                            (falling edge-triggered cell FDRE clocked by spi_layer1_clock_internal  {rise@0.000ns fall@25.000ns period=50.000ns})
  Path Group:             spi_layer1_clock_internal
  Path Type:              Hold (Min at Fast Process Corner)
  Requirement:            0.000ns  (spi_layer1_clock_internal fall@25.000ns - layers_spi_divided rise@25.000ns)
  Data Path Delay:        2.396ns  (logic 0.141ns (5.885%)  route 2.255ns (94.115%))
  Logic Levels:           0  
  Clock Path Skew:        2.193ns (DCD - SCD - CPR)
    Destination Clock Delay (DCD):    2.635ns = ( 27.635 - 25.000 ) 
    Source Clock Delay      (SCD):    0.575ns = ( 25.575 - 25.000 ) 
    Clock Pessimism Removal (CPR):    -0.133ns

    Location             Delay type                Incr(ns)  Path(ns)    Netlist Resource(s)
  -------------------------------------------------------------------    -------------------
                         (clock layers_spi_divided rise edge)
                                                     25.000    25.000 r  
    L17                                               0.000    25.000 r  sysclk (IN)
                         net (fo=0)                   0.000    25.000    astep24_3l_top_I/clocking_reset_I/sys_to_40/inst/clk_in1
    L17                  IBUF (Prop_ibuf_I_O)         0.244    25.244 r  astep24_3l_top_I/clocking_reset_I/sys_to_40/inst/clkin1_ibufg/O
                         net (fo=1, routed)           0.440    25.684    astep24_3l_top_I/clocking_reset_I/sys_to_40/inst/clk_in1_clk_sys_to_40
    MMCME2_ADV_X0Y0      MMCME2_ADV (Prop_mmcme2_adv_CLKIN1_CLKOUT0)
                                                     -2.362    23.322 r  astep24_3l_top_I/clocking_reset_I/sys_to_40/inst/mmcm_adv_inst/CLKOUT0
                         net (fo=1, routed)           0.489    23.810    astep24_3l_top_I/clocking_reset_I/sys_to_40/inst/clk_out1_clk_sys_to_40
    BUFGCTRL_X0Y10       BUFG (Prop_bufg_I_O)         0.026    23.836 r  astep24_3l_top_I/clocking_reset_I/sys_to_40/inst/clkout1_buf/O
                         net (fo=34, routed)          0.549    24.385    astep24_3l_top_I/clocking_reset_I/intern_or_ext_to_internal/inst/clk_in1
    MMCME2_ADV_X1Y0      MMCME2_ADV (Prop_mmcme2_adv_CLKIN1_CLKOUT1)
                                                     -1.061    23.325 r  astep24_3l_top_I/clocking_reset_I/intern_or_ext_to_internal/inst/mmcm_adv_inst/CLKOUT1
                         net (fo=1, routed)           0.486    23.810    astep24_3l_top_I/clocking_reset_I/intern_or_ext_to_internal/inst/clk_80_clk_core_extorint_40
    BUFGCTRL_X0Y6        BUFG (Prop_bufg_I_O)         0.026    23.836 r  astep24_3l_top_I/clocking_reset_I/intern_or_ext_to_internal/inst/clkout2_buf/O
                         net (fo=5288, routed)        0.563    24.399    astep24_3l_top_I/main_rfg_I/clk_80
    SLICE_X35Y48         FDRE (Prop_fdre_C_Q)         0.141    24.540 r  astep24_3l_top_I/main_rfg_I/spi_layers_ckdivider_divided_clk_reg/Q
                         net (fo=2, routed)           0.458    24.998    astep24_3l_top_I_n_27
    BUFGCTRL_X0Y7        BUFG (Prop_bufg_I_O)         0.026    25.024 r  spi_layers_ckdivider_divided_resn_delay_reg[7]_i_1/O
                         net (fo=992, routed)         0.551    25.575    astep24_3l_top_I/switched_readout/genblk1[1].layer_if_I/spi_io/CLK
    SLICE_X49Y74         FDRE                                         r  astep24_3l_top_I/switched_readout/genblk1[1].layer_if_I/spi_io/mosi_byte_reg[0]/C
  -------------------------------------------------------------------    -------------------
    SLICE_X49Y74         FDRE (Prop_fdre_C_Q)         0.141    25.716 r  astep24_3l_top_I/switched_readout/genblk1[1].layer_if_I/spi_io/mosi_byte_reg[0]/Q
                         net (fo=1, routed)           2.255    27.971    astep24_3l_top_I/loopback_spi_layer_1/spi_igress/layer_1_spi_mosi
    SLICE_X49Y73         FDRE                                         r  astep24_3l_top_I/loopback_spi_layer_1/spi_igress/rcv_byte_reg[7]/D
  -------------------------------------------------------------------    -------------------

                         (clock spi_layer1_clock_internal fall edge)
                                                     25.000    25.000 r  
    L17                                               0.000    25.000 r  sysclk (IN)
                         net (fo=0)                   0.000    25.000    astep24_3l_top_I/clocking_reset_I/sys_to_40/inst/clk_in1
    L17                  IBUF (Prop_ibuf_I_O)         0.432    25.432 r  astep24_3l_top_I/clocking_reset_I/sys_to_40/inst/clkin1_ibufg/O
                         net (fo=1, routed)           0.480    25.912    astep24_3l_top_I/clocking_reset_I/sys_to_40/inst/clk_in1_clk_sys_to_40
    MMCME2_ADV_X0Y0      MMCME2_ADV (Prop_mmcme2_adv_CLKIN1_CLKOUT0)
                                                     -3.145    22.767 r  astep24_3l_top_I/clocking_reset_I/sys_to_40/inst/mmcm_adv_inst/CLKOUT0
                         net (fo=1, routed)           0.534    23.300    astep24_3l_top_I/clocking_reset_I/sys_to_40/inst/clk_out1_clk_sys_to_40
    BUFGCTRL_X0Y10       BUFG (Prop_bufg_I_O)         0.029    23.329 r  astep24_3l_top_I/clocking_reset_I/sys_to_40/inst/clkout1_buf/O
                         net (fo=34, routed)          0.817    24.146    astep24_3l_top_I/clocking_reset_I/intern_or_ext_to_internal/inst/clk_in1
    MMCME2_ADV_X1Y0      MMCME2_ADV (Prop_mmcme2_adv_CLKIN1_CLKOUT1)
                                                     -1.375    22.771 r  astep24_3l_top_I/clocking_reset_I/intern_or_ext_to_internal/inst/mmcm_adv_inst/CLKOUT1
                         net (fo=1, routed)           0.530    23.300    astep24_3l_top_I/clocking_reset_I/intern_or_ext_to_internal/inst/clk_80_clk_core_extorint_40
    BUFGCTRL_X0Y6        BUFG (Prop_bufg_I_O)         0.029    23.329 r  astep24_3l_top_I/clocking_reset_I/intern_or_ext_to_internal/inst/clkout2_buf/O
                         net (fo=5288, routed)        0.832    24.161    astep24_3l_top_I/main_rfg_I/clk_80
    SLICE_X35Y48         FDRE (Prop_fdre_C_Q)         0.175    24.336 r  astep24_3l_top_I/main_rfg_I/spi_layers_ckdivider_divided_clk_reg/Q
                         net (fo=2, routed)           0.526    24.862    astep24_3l_top_I_n_27
    BUFGCTRL_X0Y7        BUFG (Prop_bufg_I_O)         0.029    24.891 r  spi_layers_ckdivider_divided_resn_delay_reg[7]_i_1/O
                         net (fo=992, routed)         0.826    25.717    astep24_3l_top_I/switched_readout/genblk1[1].layer_if_I/spi_io/CLK
    SLICE_X44Y64         FDRE (Prop_fdre_C_Q)         0.175    25.892 f  astep24_3l_top_I/switched_readout/genblk1[1].layer_if_I/spi_io/spi_clk_reg_reg/Q
                         net (fo=2, routed)           0.895    26.787    layer_1_spi_clk_OBUF
    BUFGCTRL_X0Y3        BUFG (Prop_bufg_I_O)         0.029    26.816 f  layer_1_spi_clk_OBUF_BUFG_inst/O
                         net (fo=232, routed)         0.818    27.635    astep24_3l_top_I/loopback_spi_layer_1/spi_igress/m_axis_tvalid_reg_0
    SLICE_X49Y73         FDRE                                         r  astep24_3l_top_I/loopback_spi_layer_1/spi_igress/rcv_byte_reg[7]/C  (IS_INVERTED)
                         clock pessimism              0.133    27.768    
    SLICE_X49Y73         FDRE (Hold_fdre_C_D)         0.085    27.853    astep24_3l_top_I/loopback_spi_layer_1/spi_igress/rcv_byte_reg[7]
  -------------------------------------------------------------------
                         required time                        -27.853    
                         arrival time                          27.971    
  -------------------------------------------------------------------
                         slack                                  0.118    





---------------------------------------------------------------------------------------------------
From Clock:  clk_80_clk_core_extorint_40
  To Clock:  spi_layer2_clock_internal

Setup :            0  Failing Endpoints,  Worst Slack       10.964ns,  Total Violation        0.000ns
Hold  :           NA  Failing Endpoints,  Worst Slack           NA  ,  Total Violation           NA
---------------------------------------------------------------------------------------------------


Max Delay Paths
--------------------------------------------------------------------------------------
Slack (MET) :             10.964ns  (required time - arrival time)
  Source:                 astep24_3l_top_I/loopback_spi_layer_2/miso_fifo/inst/gen_fifo.xpm_fifo_axis_inst/xpm_fifo_base_inst/gen_cdc_pntr.wr_pntr_cdc_inst/src_gray_ff_reg[5]/C
                            (rising edge-triggered cell FDRE clocked by clk_80_clk_core_extorint_40  {rise@0.000ns fall@6.250ns period=12.500ns})
  Destination:            astep24_3l_top_I/loopback_spi_layer_2/miso_fifo/inst/gen_fifo.xpm_fifo_axis_inst/xpm_fifo_base_inst/gen_cdc_pntr.wr_pntr_cdc_inst/dest_graysync_ff_reg[0][5]/D
                            (rising edge-triggered cell FDRE clocked by spi_layer2_clock_internal  {rise@0.000ns fall@25.000ns period=50.000ns})
  Path Group:             spi_layer2_clock_internal
  Path Type:              Setup (Max at Slow Process Corner)
  Requirement:            12.500ns  (MaxDelay Path 12.500ns)
  Data Path Delay:        1.268ns  (logic 0.419ns (33.035%)  route 0.849ns (66.965%))
  Logic Levels:           0  
  Timing Exception:       MaxDelay Path 12.500ns -datapath_only

    Location             Delay type                Incr(ns)  Path(ns)    Netlist Resource(s)
  -------------------------------------------------------------------    -------------------
    SLICE_X49Y90                                      0.000     0.000 r  astep24_3l_top_I/loopback_spi_layer_2/miso_fifo/inst/gen_fifo.xpm_fifo_axis_inst/xpm_fifo_base_inst/gen_cdc_pntr.wr_pntr_cdc_inst/src_gray_ff_reg[5]/C
    SLICE_X49Y90         FDRE (Prop_fdre_C_Q)         0.419     0.419 r  astep24_3l_top_I/loopback_spi_layer_2/miso_fifo/inst/gen_fifo.xpm_fifo_axis_inst/xpm_fifo_base_inst/gen_cdc_pntr.wr_pntr_cdc_inst/src_gray_ff_reg[5]/Q
                         net (fo=1, routed)           0.849     1.268    astep24_3l_top_I/loopback_spi_layer_2/miso_fifo/inst/gen_fifo.xpm_fifo_axis_inst/xpm_fifo_base_inst/gen_cdc_pntr.wr_pntr_cdc_inst/async_path[5]
    SLICE_X49Y91         FDRE                                         r  astep24_3l_top_I/loopback_spi_layer_2/miso_fifo/inst/gen_fifo.xpm_fifo_axis_inst/xpm_fifo_base_inst/gen_cdc_pntr.wr_pntr_cdc_inst/dest_graysync_ff_reg[0][5]/D
  -------------------------------------------------------------------    -------------------

                         max delay                   12.500    12.500    
    SLICE_X49Y91         FDRE (Setup_fdre_C_D)       -0.268    12.232    astep24_3l_top_I/loopback_spi_layer_2/miso_fifo/inst/gen_fifo.xpm_fifo_axis_inst/xpm_fifo_base_inst/gen_cdc_pntr.wr_pntr_cdc_inst/dest_graysync_ff_reg[0][5]
  -------------------------------------------------------------------
                         required time                         12.232    
                         arrival time                          -1.268    
  -------------------------------------------------------------------
                         slack                                 10.964    





---------------------------------------------------------------------------------------------------
From Clock:  layers_spi_divided
  To Clock:  spi_layer2_clock_internal

Setup :            0  Failing Endpoints,  Worst Slack       22.422ns,  Total Violation        0.000ns
Hold  :            0  Failing Endpoints,  Worst Slack        0.334ns,  Total Violation        0.000ns
---------------------------------------------------------------------------------------------------


Max Delay Paths
--------------------------------------------------------------------------------------
Slack (MET) :             22.422ns  (required time - arrival time)
  Source:                 astep24_3l_top_I/switched_readout/genblk1[2].layer_if_I/spi_io/mosi_byte_reg[0]/C
                            (rising edge-triggered cell FDRE clocked by layers_spi_divided  {rise@0.000ns fall@12.500ns period=25.000ns})
  Destination:            astep24_3l_top_I/loopback_spi_layer_2/spi_igress/rcv_byte_reg[7]/D
                            (falling edge-triggered cell FDRE clocked by spi_layer2_clock_internal  {rise@0.000ns fall@25.000ns period=50.000ns})
  Path Group:             spi_layer2_clock_internal
  Path Type:              Setup (Max at Slow Process Corner)
  Requirement:            25.000ns  (spi_layer2_clock_internal fall@25.000ns - layers_spi_divided rise@0.000ns)
  Data Path Delay:        5.559ns  (logic 0.518ns (9.318%)  route 5.041ns (90.682%))
  Logic Levels:           0  
  Clock Path Skew:        3.129ns (DCD - SCD + CPR)
    Destination Clock Delay (DCD):    4.696ns = ( 29.696 - 25.000 ) 
    Source Clock Delay      (SCD):    2.430ns
    Clock Pessimism Removal (CPR):    0.863ns
  Clock Uncertainty:      0.110ns  ((TSJ^2 + DJ^2)^1/2) / 2 + PE
    Total System Jitter     (TSJ):    0.071ns
    Discrete Jitter          (DJ):    0.209ns
    Phase Error              (PE):    0.000ns

    Location             Delay type                Incr(ns)  Path(ns)    Netlist Resource(s)
  -------------------------------------------------------------------    -------------------
                         (clock layers_spi_divided rise edge)
                                                      0.000     0.000 r  
    L17                                               0.000     0.000 r  sysclk (IN)
                         net (fo=0)                   0.000     0.000    astep24_3l_top_I/clocking_reset_I/sys_to_40/inst/clk_in1
    L17                  IBUF (Prop_ibuf_I_O)         1.476     1.476 r  astep24_3l_top_I/clocking_reset_I/sys_to_40/inst/clkin1_ibufg/O
                         net (fo=1, routed)           1.233     2.709    astep24_3l_top_I/clocking_reset_I/sys_to_40/inst/clk_in1_clk_sys_to_40
    MMCME2_ADV_X0Y0      MMCME2_ADV (Prop_mmcme2_adv_CLKIN1_CLKOUT0)
                                                     -6.965    -4.256 r  astep24_3l_top_I/clocking_reset_I/sys_to_40/inst/mmcm_adv_inst/CLKOUT0
                         net (fo=1, routed)           1.666    -2.589    astep24_3l_top_I/clocking_reset_I/sys_to_40/inst/clk_out1_clk_sys_to_40
    BUFGCTRL_X0Y10       BUFG (Prop_bufg_I_O)         0.096    -2.493 r  astep24_3l_top_I/clocking_reset_I/sys_to_40/inst/clkout1_buf/O
                         net (fo=34, routed)          1.575    -0.918    astep24_3l_top_I/clocking_reset_I/intern_or_ext_to_internal/inst/clk_in1
    MMCME2_ADV_X1Y0      MMCME2_ADV (Prop_mmcme2_adv_CLKIN1_CLKOUT1)
                                                     -3.333    -4.251 r  astep24_3l_top_I/clocking_reset_I/intern_or_ext_to_internal/inst/mmcm_adv_inst/CLKOUT1
                         net (fo=1, routed)           1.661    -2.589    astep24_3l_top_I/clocking_reset_I/intern_or_ext_to_internal/inst/clk_80_clk_core_extorint_40
    BUFGCTRL_X0Y6        BUFG (Prop_bufg_I_O)         0.096    -2.493 r  astep24_3l_top_I/clocking_reset_I/intern_or_ext_to_internal/inst/clkout2_buf/O
                         net (fo=5288, routed)        1.565    -0.928    astep24_3l_top_I/main_rfg_I/clk_80
    SLICE_X35Y48         FDRE (Prop_fdre_C_Q)         0.456    -0.472 r  astep24_3l_top_I/main_rfg_I/spi_layers_ckdivider_divided_clk_reg/Q
                         net (fo=2, routed)           1.247     0.775    astep24_3l_top_I_n_27
    BUFGCTRL_X0Y7        BUFG (Prop_bufg_I_O)         0.096     0.871 r  spi_layers_ckdivider_divided_resn_delay_reg[7]_i_1/O
                         net (fo=992, routed)         1.559     2.430    astep24_3l_top_I/switched_readout/genblk1[2].layer_if_I/spi_io/CLK
    SLICE_X52Y55         FDRE                                         r  astep24_3l_top_I/switched_readout/genblk1[2].layer_if_I/spi_io/mosi_byte_reg[0]/C
  -------------------------------------------------------------------    -------------------
    SLICE_X52Y55         FDRE (Prop_fdre_C_Q)         0.518     2.948 r  astep24_3l_top_I/switched_readout/genblk1[2].layer_if_I/spi_io/mosi_byte_reg[0]/Q
                         net (fo=1, routed)           5.041     7.989    astep24_3l_top_I/loopback_spi_layer_2/spi_igress/layer_2_spi_mosi
    SLICE_X33Y49         FDRE                                         r  astep24_3l_top_I/loopback_spi_layer_2/spi_igress/rcv_byte_reg[7]/D
  -------------------------------------------------------------------    -------------------

                         (clock spi_layer2_clock_internal fall edge)
                                                     25.000    25.000 r  
    L17                                               0.000    25.000 r  sysclk (IN)
                         net (fo=0)                   0.000    25.000    astep24_3l_top_I/clocking_reset_I/sys_to_40/inst/clk_in1
    L17                  IBUF (Prop_ibuf_I_O)         1.406    26.405 r  astep24_3l_top_I/clocking_reset_I/sys_to_40/inst/clkin1_ibufg/O
                         net (fo=1, routed)           1.162    27.567    astep24_3l_top_I/clocking_reset_I/sys_to_40/inst/clk_in1_clk_sys_to_40
    MMCME2_ADV_X0Y0      MMCME2_ADV (Prop_mmcme2_adv_CLKIN1_CLKOUT0)
                                                     -7.221    20.346 r  astep24_3l_top_I/clocking_reset_I/sys_to_40/inst/mmcm_adv_inst/CLKOUT0
                         net (fo=1, routed)           1.587    21.933    astep24_3l_top_I/clocking_reset_I/sys_to_40/inst/clk_out1_clk_sys_to_40
    BUFGCTRL_X0Y10       BUFG (Prop_bufg_I_O)         0.091    22.024 r  astep24_3l_top_I/clocking_reset_I/sys_to_40/inst/clkout1_buf/O
                         net (fo=34, routed)          1.457    23.481    astep24_3l_top_I/clocking_reset_I/intern_or_ext_to_internal/inst/clk_in1
    MMCME2_ADV_X1Y0      MMCME2_ADV (Prop_mmcme2_adv_CLKIN1_CLKOUT1)
                                                     -3.129    20.352 r  astep24_3l_top_I/clocking_reset_I/intern_or_ext_to_internal/inst/mmcm_adv_inst/CLKOUT1
                         net (fo=1, routed)           1.581    21.933    astep24_3l_top_I/clocking_reset_I/intern_or_ext_to_internal/inst/clk_80_clk_core_extorint_40
    BUFGCTRL_X0Y6        BUFG (Prop_bufg_I_O)         0.091    22.024 r  astep24_3l_top_I/clocking_reset_I/intern_or_ext_to_internal/inst/clkout2_buf/O
                         net (fo=5288, routed)        1.445    23.469    astep24_3l_top_I/main_rfg_I/clk_80
    SLICE_X35Y48         FDRE (Prop_fdre_C_Q)         0.367    23.836 r  astep24_3l_top_I/main_rfg_I/spi_layers_ckdivider_divided_clk_reg/Q
                         net (fo=2, routed)           1.081    24.918    astep24_3l_top_I_n_27
    BUFGCTRL_X0Y7        BUFG (Prop_bufg_I_O)         0.091    25.009 r  spi_layers_ckdivider_divided_resn_delay_reg[7]_i_1/O
                         net (fo=992, routed)         1.439    26.447    astep24_3l_top_I/switched_readout/genblk1[2].layer_if_I/spi_io/CLK
    SLICE_X49Y59         FDRE (Prop_fdre_C_Q)         0.367    26.814 f  astep24_3l_top_I/switched_readout/genblk1[2].layer_if_I/spi_io/spi_clk_reg_reg/Q
                         net (fo=2, routed)           1.344    28.159    layer_2_spi_clk_OBUF
    BUFGCTRL_X0Y4        BUFG (Prop_bufg_I_O)         0.091    28.250 f  layer_2_spi_clk_OBUF_BUFG_inst/O
                         net (fo=232, routed)         1.446    29.696    astep24_3l_top_I/loopback_spi_layer_2/spi_igress/m_axis_tvalid_reg_0
    SLICE_X33Y49         FDRE                                         r  astep24_3l_top_I/loopback_spi_layer_2/spi_igress/rcv_byte_reg[7]/C  (IS_INVERTED)
                         clock pessimism              0.863    30.559    
                         clock uncertainty           -0.110    30.448    
    SLICE_X33Y49         FDRE (Setup_fdre_C_D)       -0.037    30.411    astep24_3l_top_I/loopback_spi_layer_2/spi_igress/rcv_byte_reg[7]
  -------------------------------------------------------------------
                         required time                         30.411    
                         arrival time                          -7.989    
  -------------------------------------------------------------------
                         slack                                 22.422    





Min Delay Paths
--------------------------------------------------------------------------------------
Slack (MET) :             0.334ns  (arrival time - required time)
  Source:                 astep24_3l_top_I/switched_readout/genblk1[2].layer_if_I/spi_io/mosi_byte_reg[0]/C
                            (rising edge-triggered cell FDRE clocked by layers_spi_divided  {rise@0.000ns fall@12.500ns period=25.000ns})
  Destination:            astep24_3l_top_I/loopback_spi_layer_2/spi_igress/rcv_byte_reg[7]/D
                            (falling edge-triggered cell FDRE clocked by spi_layer2_clock_internal  {rise@0.000ns fall@25.000ns period=50.000ns})
  Path Group:             spi_layer2_clock_internal
  Path Type:              Hold (Min at Fast Process Corner)
  Requirement:            0.000ns  (spi_layer2_clock_internal fall@25.000ns - layers_spi_divided rise@25.000ns)
  Data Path Delay:        2.473ns  (logic 0.164ns (6.632%)  route 2.309ns (93.368%))
  Logic Levels:           0  
  Clock Path Skew:        2.054ns (DCD - SCD - CPR)
    Destination Clock Delay (DCD):    2.509ns = ( 27.509 - 25.000 ) 
    Source Clock Delay      (SCD):    0.588ns = ( 25.588 - 25.000 ) 
    Clock Pessimism Removal (CPR):    -0.133ns

    Location             Delay type                Incr(ns)  Path(ns)    Netlist Resource(s)
  -------------------------------------------------------------------    -------------------
                         (clock layers_spi_divided rise edge)
                                                     25.000    25.000 r  
    L17                                               0.000    25.000 r  sysclk (IN)
                         net (fo=0)                   0.000    25.000    astep24_3l_top_I/clocking_reset_I/sys_to_40/inst/clk_in1
    L17                  IBUF (Prop_ibuf_I_O)         0.244    25.244 r  astep24_3l_top_I/clocking_reset_I/sys_to_40/inst/clkin1_ibufg/O
                         net (fo=1, routed)           0.440    25.684    astep24_3l_top_I/clocking_reset_I/sys_to_40/inst/clk_in1_clk_sys_to_40
    MMCME2_ADV_X0Y0      MMCME2_ADV (Prop_mmcme2_adv_CLKIN1_CLKOUT0)
                                                     -2.362    23.322 r  astep24_3l_top_I/clocking_reset_I/sys_to_40/inst/mmcm_adv_inst/CLKOUT0
                         net (fo=1, routed)           0.489    23.810    astep24_3l_top_I/clocking_reset_I/sys_to_40/inst/clk_out1_clk_sys_to_40
    BUFGCTRL_X0Y10       BUFG (Prop_bufg_I_O)         0.026    23.836 r  astep24_3l_top_I/clocking_reset_I/sys_to_40/inst/clkout1_buf/O
                         net (fo=34, routed)          0.549    24.385    astep24_3l_top_I/clocking_reset_I/intern_or_ext_to_internal/inst/clk_in1
    MMCME2_ADV_X1Y0      MMCME2_ADV (Prop_mmcme2_adv_CLKIN1_CLKOUT1)
                                                     -1.061    23.325 r  astep24_3l_top_I/clocking_reset_I/intern_or_ext_to_internal/inst/mmcm_adv_inst/CLKOUT1
                         net (fo=1, routed)           0.486    23.810    astep24_3l_top_I/clocking_reset_I/intern_or_ext_to_internal/inst/clk_80_clk_core_extorint_40
    BUFGCTRL_X0Y6        BUFG (Prop_bufg_I_O)         0.026    23.836 r  astep24_3l_top_I/clocking_reset_I/intern_or_ext_to_internal/inst/clkout2_buf/O
                         net (fo=5288, routed)        0.563    24.399    astep24_3l_top_I/main_rfg_I/clk_80
    SLICE_X35Y48         FDRE (Prop_fdre_C_Q)         0.141    24.540 r  astep24_3l_top_I/main_rfg_I/spi_layers_ckdivider_divided_clk_reg/Q
                         net (fo=2, routed)           0.458    24.998    astep24_3l_top_I_n_27
    BUFGCTRL_X0Y7        BUFG (Prop_bufg_I_O)         0.026    25.024 r  spi_layers_ckdivider_divided_resn_delay_reg[7]_i_1/O
                         net (fo=992, routed)         0.564    25.588    astep24_3l_top_I/switched_readout/genblk1[2].layer_if_I/spi_io/CLK
    SLICE_X52Y55         FDRE                                         r  astep24_3l_top_I/switched_readout/genblk1[2].layer_if_I/spi_io/mosi_byte_reg[0]/C
  -------------------------------------------------------------------    -------------------
    SLICE_X52Y55         FDRE (Prop_fdre_C_Q)         0.164    25.752 r  astep24_3l_top_I/switched_readout/genblk1[2].layer_if_I/spi_io/mosi_byte_reg[0]/Q
                         net (fo=1, routed)           2.309    28.061    astep24_3l_top_I/loopback_spi_layer_2/spi_igress/layer_2_spi_mosi
    SLICE_X33Y49         FDRE                                         r  astep24_3l_top_I/loopback_spi_layer_2/spi_igress/rcv_byte_reg[7]/D
  -------------------------------------------------------------------    -------------------

                         (clock spi_layer2_clock_internal fall edge)
                                                     25.000    25.000 r  
    L17                                               0.000    25.000 r  sysclk (IN)
                         net (fo=0)                   0.000    25.000    astep24_3l_top_I/clocking_reset_I/sys_to_40/inst/clk_in1
    L17                  IBUF (Prop_ibuf_I_O)         0.432    25.432 r  astep24_3l_top_I/clocking_reset_I/sys_to_40/inst/clkin1_ibufg/O
                         net (fo=1, routed)           0.480    25.912    astep24_3l_top_I/clocking_reset_I/sys_to_40/inst/clk_in1_clk_sys_to_40
    MMCME2_ADV_X0Y0      MMCME2_ADV (Prop_mmcme2_adv_CLKIN1_CLKOUT0)
                                                     -3.145    22.767 r  astep24_3l_top_I/clocking_reset_I/sys_to_40/inst/mmcm_adv_inst/CLKOUT0
                         net (fo=1, routed)           0.534    23.300    astep24_3l_top_I/clocking_reset_I/sys_to_40/inst/clk_out1_clk_sys_to_40
    BUFGCTRL_X0Y10       BUFG (Prop_bufg_I_O)         0.029    23.329 r  astep24_3l_top_I/clocking_reset_I/sys_to_40/inst/clkout1_buf/O
                         net (fo=34, routed)          0.817    24.146    astep24_3l_top_I/clocking_reset_I/intern_or_ext_to_internal/inst/clk_in1
    MMCME2_ADV_X1Y0      MMCME2_ADV (Prop_mmcme2_adv_CLKIN1_CLKOUT1)
                                                     -1.375    22.771 r  astep24_3l_top_I/clocking_reset_I/intern_or_ext_to_internal/inst/mmcm_adv_inst/CLKOUT1
                         net (fo=1, routed)           0.530    23.300    astep24_3l_top_I/clocking_reset_I/intern_or_ext_to_internal/inst/clk_80_clk_core_extorint_40
    BUFGCTRL_X0Y6        BUFG (Prop_bufg_I_O)         0.029    23.329 r  astep24_3l_top_I/clocking_reset_I/intern_or_ext_to_internal/inst/clkout2_buf/O
                         net (fo=5288, routed)        0.832    24.161    astep24_3l_top_I/main_rfg_I/clk_80
    SLICE_X35Y48         FDRE (Prop_fdre_C_Q)         0.175    24.336 r  astep24_3l_top_I/main_rfg_I/spi_layers_ckdivider_divided_clk_reg/Q
                         net (fo=2, routed)           0.526    24.862    astep24_3l_top_I_n_27
    BUFGCTRL_X0Y7        BUFG (Prop_bufg_I_O)         0.029    24.891 r  spi_layers_ckdivider_divided_resn_delay_reg[7]_i_1/O
                         net (fo=992, routed)         0.832    25.723    astep24_3l_top_I/switched_readout/genblk1[2].layer_if_I/spi_io/CLK
    SLICE_X49Y59         FDRE (Prop_fdre_C_Q)         0.175    25.898 f  astep24_3l_top_I/switched_readout/genblk1[2].layer_if_I/spi_io/spi_clk_reg_reg/Q
                         net (fo=2, routed)           0.748    26.647    layer_2_spi_clk_OBUF
    BUFGCTRL_X0Y4        BUFG (Prop_bufg_I_O)         0.029    26.676 f  layer_2_spi_clk_OBUF_BUFG_inst/O
                         net (fo=232, routed)         0.833    27.509    astep24_3l_top_I/loopback_spi_layer_2/spi_igress/m_axis_tvalid_reg_0
    SLICE_X33Y49         FDRE                                         r  astep24_3l_top_I/loopback_spi_layer_2/spi_igress/rcv_byte_reg[7]/C  (IS_INVERTED)
                         clock pessimism              0.133    27.642    
    SLICE_X33Y49         FDRE (Hold_fdre_C_D)         0.085    27.727    astep24_3l_top_I/loopback_spi_layer_2/spi_igress/rcv_byte_reg[7]
  -------------------------------------------------------------------
                         required time                        -27.727    
                         arrival time                          28.061    
  -------------------------------------------------------------------
                         slack                                  0.334    





---------------------------------------------------------------------------------------------------
Path Group:  **async_default**
From Clock:  clk_80_clk_core_extorint_40
  To Clock:  clk_80_clk_core_extorint_40

Setup :            0  Failing Endpoints,  Worst Slack        5.680ns,  Total Violation        0.000ns
Hold  :            0  Failing Endpoints,  Worst Slack        0.948ns,  Total Violation        0.000ns
---------------------------------------------------------------------------------------------------


Max Delay Paths
--------------------------------------------------------------------------------------
Slack (MET) :             5.680ns  (required time - arrival time)
  Source:                 astep24_3l_top_I/clocking_reset_I/resets/genblk1[3].reset_generator/resn_main_reg_reg[14]/C
                            (rising edge-triggered cell FDCE clocked by clk_80_clk_core_extorint_40  {rise@0.000ns fall@6.250ns period=12.500ns})
  Destination:            astep24_3l_top_I/sw_if/neo_uart_axis/tx_engine_reg[state][1]/CLR
                            (recovery check against rising-edge clock clk_80_clk_core_extorint_40  {rise@0.000ns fall@6.250ns period=12.500ns})
  Path Group:             **async_default**
  Path Type:              Recovery (Max at Slow Process Corner)
  Requirement:            12.500ns  (clk_80_clk_core_extorint_40 rise@12.500ns - clk_80_clk_core_extorint_40 rise@0.000ns)
  Data Path Delay:        6.206ns  (logic 0.716ns (11.537%)  route 5.490ns (88.463%))
  Logic Levels:           1  (LUT1=1)
  Clock Path Skew:        -0.094ns (DCD - SCD + CPR)
    Destination Clock Delay (DCD):    -1.531ns = ( 10.969 - 12.500 ) 
    Source Clock Delay      (SCD):    -0.954ns
    Clock Pessimism Removal (CPR):    0.483ns
  Clock Uncertainty:      0.115ns  ((TSJ^2 + DJ^2)^1/2) / 2 + PE
    Total System Jitter     (TSJ):    0.071ns
    Discrete Jitter          (DJ):    0.220ns
    Phase Error              (PE):    0.000ns

    Location             Delay type                Incr(ns)  Path(ns)    Netlist Resource(s)
  -------------------------------------------------------------------    -------------------
                         (clock clk_80_clk_core_extorint_40 rise edge)
                                                      0.000     0.000 r  
    L17                                               0.000     0.000 r  sysclk (IN)
                         net (fo=0)                   0.000     0.000    astep24_3l_top_I/clocking_reset_I/sys_to_40/inst/clk_in1
    L17                  IBUF (Prop_ibuf_I_O)         1.476     1.476 r  astep24_3l_top_I/clocking_reset_I/sys_to_40/inst/clkin1_ibufg/O
                         net (fo=1, routed)           1.233     2.709    astep24_3l_top_I/clocking_reset_I/sys_to_40/inst/clk_in1_clk_sys_to_40
    MMCME2_ADV_X0Y0      MMCME2_ADV (Prop_mmcme2_adv_CLKIN1_CLKOUT0)
                                                     -6.965    -4.256 r  astep24_3l_top_I/clocking_reset_I/sys_to_40/inst/mmcm_adv_inst/CLKOUT0
                         net (fo=1, routed)           1.666    -2.589    astep24_3l_top_I/clocking_reset_I/sys_to_40/inst/clk_out1_clk_sys_to_40
    BUFGCTRL_X0Y10       BUFG (Prop_bufg_I_O)         0.096    -2.493 r  astep24_3l_top_I/clocking_reset_I/sys_to_40/inst/clkout1_buf/O
                         net (fo=34, routed)          1.575    -0.918    astep24_3l_top_I/clocking_reset_I/intern_or_ext_to_internal/inst/clk_in1
    MMCME2_ADV_X1Y0      MMCME2_ADV (Prop_mmcme2_adv_CLKIN1_CLKOUT1)
                                                     -3.333    -4.251 r  astep24_3l_top_I/clocking_reset_I/intern_or_ext_to_internal/inst/mmcm_adv_inst/CLKOUT1
                         net (fo=1, routed)           1.661    -2.589    astep24_3l_top_I/clocking_reset_I/intern_or_ext_to_internal/inst/clk_80_clk_core_extorint_40
    BUFGCTRL_X0Y6        BUFG (Prop_bufg_I_O)         0.096    -2.493 r  astep24_3l_top_I/clocking_reset_I/intern_or_ext_to_internal/inst/clkout2_buf/O
                         net (fo=5288, routed)        1.539    -0.954    astep24_3l_top_I/clocking_reset_I/resets/genblk1[3].reset_generator/clk_80
    SLICE_X9Y76          FDCE                                         r  astep24_3l_top_I/clocking_reset_I/resets/genblk1[3].reset_generator/resn_main_reg_reg[14]/C
  -------------------------------------------------------------------    -------------------
    SLICE_X9Y76          FDCE (Prop_fdce_C_Q)         0.419    -0.535 r  astep24_3l_top_I/clocking_reset_I/resets/genblk1[3].reset_generator/resn_main_reg_reg[14]/Q
                         net (fo=74, routed)          2.111     1.575    astep24_3l_top_I/clocking_reset_I/resets/genblk1[3].reset_generator/resn_main_reg[14]
    SLICE_X12Y81         LUT1 (Prop_lut1_I0_O)        0.297     1.872 f  astep24_3l_top_I/clocking_reset_I/resets/genblk1[3].reset_generator/resn_main_reg[14]_i_1__3/O
                         net (fo=1069, routed)        3.380     5.252    astep24_3l_top_I/sw_if/neo_uart_axis/SS[0]
    SLICE_X45Y38         FDCE                                         f  astep24_3l_top_I/sw_if/neo_uart_axis/tx_engine_reg[state][1]/CLR
  -------------------------------------------------------------------    -------------------

                         (clock clk_80_clk_core_extorint_40 rise edge)
                                                     12.500    12.500 r  
    L17                                               0.000    12.500 r  sysclk (IN)
                         net (fo=0)                   0.000    12.500    astep24_3l_top_I/clocking_reset_I/sys_to_40/inst/clk_in1
    L17                  IBUF (Prop_ibuf_I_O)         1.406    13.905 r  astep24_3l_top_I/clocking_reset_I/sys_to_40/inst/clkin1_ibufg/O
                         net (fo=1, routed)           1.162    15.067    astep24_3l_top_I/clocking_reset_I/sys_to_40/inst/clk_in1_clk_sys_to_40
    MMCME2_ADV_X0Y0      MMCME2_ADV (Prop_mmcme2_adv_CLKIN1_CLKOUT0)
                                                     -7.221     7.846 r  astep24_3l_top_I/clocking_reset_I/sys_to_40/inst/mmcm_adv_inst/CLKOUT0
                         net (fo=1, routed)           1.587     9.433    astep24_3l_top_I/clocking_reset_I/sys_to_40/inst/clk_out1_clk_sys_to_40
    BUFGCTRL_X0Y10       BUFG (Prop_bufg_I_O)         0.091     9.524 r  astep24_3l_top_I/clocking_reset_I/sys_to_40/inst/clkout1_buf/O
                         net (fo=34, routed)          1.457    10.981    astep24_3l_top_I/clocking_reset_I/intern_or_ext_to_internal/inst/clk_in1
    MMCME2_ADV_X1Y0      MMCME2_ADV (Prop_mmcme2_adv_CLKIN1_CLKOUT1)
                                                     -3.129     7.852 r  astep24_3l_top_I/clocking_reset_I/intern_or_ext_to_internal/inst/mmcm_adv_inst/CLKOUT1
                         net (fo=1, routed)           1.581     9.433    astep24_3l_top_I/clocking_reset_I/intern_or_ext_to_internal/inst/clk_80_clk_core_extorint_40
    BUFGCTRL_X0Y6        BUFG (Prop_bufg_I_O)         0.091     9.524 r  astep24_3l_top_I/clocking_reset_I/intern_or_ext_to_internal/inst/clkout2_buf/O
                         net (fo=5288, routed)        1.445    10.969    astep24_3l_top_I/sw_if/neo_uart_axis/clk_80
    SLICE_X45Y38         FDCE                                         r  astep24_3l_top_I/sw_if/neo_uart_axis/tx_engine_reg[state][1]/C
                         clock pessimism              0.483    11.452    
                         clock uncertainty           -0.115    11.337    
    SLICE_X45Y38         FDCE (Recov_fdce_C_CLR)     -0.405    10.932    astep24_3l_top_I/sw_if/neo_uart_axis/tx_engine_reg[state][1]
  -------------------------------------------------------------------
                         required time                         10.932    
                         arrival time                          -5.252    
  -------------------------------------------------------------------
                         slack                                  5.680    





Min Delay Paths
--------------------------------------------------------------------------------------
Slack (MET) :             0.948ns  (arrival time - required time)
  Source:                 astep24_3l_top_I/clocking_reset_I/resets/genblk1[3].reset_generator/resn_main_reg_reg[14]/C
                            (rising edge-triggered cell FDCE clocked by clk_80_clk_core_extorint_40  {rise@0.000ns fall@6.250ns period=12.500ns})
  Destination:            astep24_3l_top_I/housekeeping/xadc_hk_driver_I/xadc/inst/AXI_XADC_CORE_I/drp_to_axi4stream_inst/channel_id_reg[3]/CLR
                            (removal check against rising-edge clock clk_80_clk_core_extorint_40  {rise@0.000ns fall@6.250ns period=12.500ns})
  Path Group:             **async_default**
  Path Type:              Removal (Min at Fast Process Corner)
  Requirement:            0.000ns  (clk_80_clk_core_extorint_40 rise@0.000ns - clk_80_clk_core_extorint_40 rise@0.000ns)
  Data Path Delay:        0.848ns  (logic 0.227ns (26.764%)  route 0.621ns (73.236%))
  Logic Levels:           1  (LUT1=1)
  Clock Path Skew:        0.033ns (DCD - SCD - CPR)
    Destination Clock Delay (DCD):    -0.852ns
    Source Clock Delay      (SCD):    -0.612ns
    Clock Pessimism Removal (CPR):    -0.273ns

    Location             Delay type                Incr(ns)  Path(ns)    Netlist Resource(s)
  -------------------------------------------------------------------    -------------------
                         (clock clk_80_clk_core_extorint_40 rise edge)
                                                      0.000     0.000 r  
    L17                                               0.000     0.000 r  sysclk (IN)
                         net (fo=0)                   0.000     0.000    astep24_3l_top_I/clocking_reset_I/sys_to_40/inst/clk_in1
    L17                  IBUF (Prop_ibuf_I_O)         0.244     0.244 r  astep24_3l_top_I/clocking_reset_I/sys_to_40/inst/clkin1_ibufg/O
                         net (fo=1, routed)           0.440     0.684    astep24_3l_top_I/clocking_reset_I/sys_to_40/inst/clk_in1_clk_sys_to_40
    MMCME2_ADV_X0Y0      MMCME2_ADV (Prop_mmcme2_adv_CLKIN1_CLKOUT0)
                                                     -2.362    -1.678 r  astep24_3l_top_I/clocking_reset_I/sys_to_40/inst/mmcm_adv_inst/CLKOUT0
                         net (fo=1, routed)           0.489    -1.189    astep24_3l_top_I/clocking_reset_I/sys_to_40/inst/clk_out1_clk_sys_to_40
    BUFGCTRL_X0Y10       BUFG (Prop_bufg_I_O)         0.026    -1.163 r  astep24_3l_top_I/clocking_reset_I/sys_to_40/inst/clkout1_buf/O
                         net (fo=34, routed)          0.549    -0.615    astep24_3l_top_I/clocking_reset_I/intern_or_ext_to_internal/inst/clk_in1
    MMCME2_ADV_X1Y0      MMCME2_ADV (Prop_mmcme2_adv_CLKIN1_CLKOUT1)
                                                     -1.061    -1.675 r  astep24_3l_top_I/clocking_reset_I/intern_or_ext_to_internal/inst/mmcm_adv_inst/CLKOUT1
                         net (fo=1, routed)           0.486    -1.189    astep24_3l_top_I/clocking_reset_I/intern_or_ext_to_internal/inst/clk_80_clk_core_extorint_40
    BUFGCTRL_X0Y6        BUFG (Prop_bufg_I_O)         0.026    -1.163 r  astep24_3l_top_I/clocking_reset_I/intern_or_ext_to_internal/inst/clkout2_buf/O
                         net (fo=5288, routed)        0.552    -0.612    astep24_3l_top_I/clocking_reset_I/resets/genblk1[3].reset_generator/clk_80
    SLICE_X9Y76          FDCE                                         r  astep24_3l_top_I/clocking_reset_I/resets/genblk1[3].reset_generator/resn_main_reg_reg[14]/C
  -------------------------------------------------------------------    -------------------
    SLICE_X9Y76          FDCE (Prop_fdce_C_Q)         0.128    -0.484 r  astep24_3l_top_I/clocking_reset_I/resets/genblk1[3].reset_generator/resn_main_reg_reg[14]/Q
                         net (fo=74, routed)          0.328    -0.155    astep24_3l_top_I/housekeeping/xadc_hk_driver_I/xadc/inst/AXI_XADC_CORE_I/drp_to_axi4stream_inst/m_axis_resetn
    SLICE_X10Y74         LUT1 (Prop_lut1_I0_O)        0.099    -0.056 f  astep24_3l_top_I/housekeeping/xadc_hk_driver_I/xadc/inst/AXI_XADC_CORE_I/drp_to_axi4stream_inst/FIFO18E1_inst_data_i_2/O
                         net (fo=15, routed)          0.293     0.236    astep24_3l_top_I/housekeeping/xadc_hk_driver_I/xadc/inst/AXI_XADC_CORE_I/drp_to_axi4stream_inst/AR[0]
    SLICE_X10Y76         FDCE                                         f  astep24_3l_top_I/housekeeping/xadc_hk_driver_I/xadc/inst/AXI_XADC_CORE_I/drp_to_axi4stream_inst/channel_id_reg[3]/CLR
  -------------------------------------------------------------------    -------------------

                         (clock clk_80_clk_core_extorint_40 rise edge)
                                                      0.000     0.000 r  
    L17                                               0.000     0.000 r  sysclk (IN)
                         net (fo=0)                   0.000     0.000    astep24_3l_top_I/clocking_reset_I/sys_to_40/inst/clk_in1
    L17                  IBUF (Prop_ibuf_I_O)         0.432     0.432 r  astep24_3l_top_I/clocking_reset_I/sys_to_40/inst/clkin1_ibufg/O
                         net (fo=1, routed)           0.480     0.912    astep24_3l_top_I/clocking_reset_I/sys_to_40/inst/clk_in1_clk_sys_to_40
    MMCME2_ADV_X0Y0      MMCME2_ADV (Prop_mmcme2_adv_CLKIN1_CLKOUT0)
                                                     -3.145    -2.233 r  astep24_3l_top_I/clocking_reset_I/sys_to_40/inst/mmcm_adv_inst/CLKOUT0
                         net (fo=1, routed)           0.534    -1.700    astep24_3l_top_I/clocking_reset_I/sys_to_40/inst/clk_out1_clk_sys_to_40
    BUFGCTRL_X0Y10       BUFG (Prop_bufg_I_O)         0.029    -1.671 r  astep24_3l_top_I/clocking_reset_I/sys_to_40/inst/clkout1_buf/O
                         net (fo=34, routed)          0.817    -0.854    astep24_3l_top_I/clocking_reset_I/intern_or_ext_to_internal/inst/clk_in1
    MMCME2_ADV_X1Y0      MMCME2_ADV (Prop_mmcme2_adv_CLKIN1_CLKOUT1)
                                                     -1.375    -2.229 r  astep24_3l_top_I/clocking_reset_I/intern_or_ext_to_internal/inst/mmcm_adv_inst/CLKOUT1
                         net (fo=1, routed)           0.530    -1.700    astep24_3l_top_I/clocking_reset_I/intern_or_ext_to_internal/inst/clk_80_clk_core_extorint_40
    BUFGCTRL_X0Y6        BUFG (Prop_bufg_I_O)         0.029    -1.671 r  astep24_3l_top_I/clocking_reset_I/intern_or_ext_to_internal/inst/clkout2_buf/O
                         net (fo=5288, routed)        0.818    -0.852    astep24_3l_top_I/housekeeping/xadc_hk_driver_I/xadc/inst/AXI_XADC_CORE_I/drp_to_axi4stream_inst/m_axis_aclk
    SLICE_X10Y76         FDCE                                         r  astep24_3l_top_I/housekeeping/xadc_hk_driver_I/xadc/inst/AXI_XADC_CORE_I/drp_to_axi4stream_inst/channel_id_reg[3]/C
                         clock pessimism              0.273    -0.579    
    SLICE_X10Y76         FDCE (Remov_fdce_C_CLR)     -0.133    -0.712    astep24_3l_top_I/housekeeping/xadc_hk_driver_I/xadc/inst/AXI_XADC_CORE_I/drp_to_axi4stream_inst/channel_id_reg[3]
  -------------------------------------------------------------------
                         required time                          0.712    
                         arrival time                           0.236    
  -------------------------------------------------------------------
                         slack                                  0.948    





---------------------------------------------------------------------------------------------------
Path Group:  **async_default**
From Clock:  clk_80_clk_core_extorint_40_1
  To Clock:  clk_80_clk_core_extorint_40_1

Setup :            0  Failing Endpoints,  Worst Slack        5.686ns,  Total Violation        0.000ns
Hold  :            0  Failing Endpoints,  Worst Slack        0.948ns,  Total Violation        0.000ns
---------------------------------------------------------------------------------------------------


Max Delay Paths
--------------------------------------------------------------------------------------
Slack (MET) :             5.686ns  (required time - arrival time)
  Source:                 astep24_3l_top_I/clocking_reset_I/resets/genblk1[3].reset_generator/resn_main_reg_reg[14]/C
                            (rising edge-triggered cell FDCE clocked by clk_80_clk_core_extorint_40_1  {rise@0.000ns fall@6.250ns period=12.500ns})
  Destination:            astep24_3l_top_I/sw_if/neo_uart_axis/tx_engine_reg[state][1]/CLR
                            (recovery check against rising-edge clock clk_80_clk_core_extorint_40_1  {rise@0.000ns fall@6.250ns period=12.500ns})
  Path Group:             **async_default**
  Path Type:              Recovery (Max at Slow Process Corner)
  Requirement:            12.500ns  (clk_80_clk_core_extorint_40_1 rise@12.500ns - clk_80_clk_core_extorint_40_1 rise@0.000ns)
  Data Path Delay:        6.206ns  (logic 0.716ns (11.537%)  route 5.490ns (88.463%))
  Logic Levels:           1  (LUT1=1)
  Clock Path Skew:        -0.094ns (DCD - SCD + CPR)
    Destination Clock Delay (DCD):    4.742ns = ( 17.242 - 12.500 ) 
    Source Clock Delay      (SCD):    5.178ns
    Clock Pessimism Removal (CPR):    0.343ns
  Clock Uncertainty:      0.109ns  ((TSJ^2 + DJ^2)^1/2) / 2 + PE
    Total System Jitter     (TSJ):    0.071ns
    Discrete Jitter          (DJ):    0.206ns
    Phase Error              (PE):    0.000ns

    Location             Delay type                Incr(ns)  Path(ns)    Netlist Resource(s)
  -------------------------------------------------------------------    -------------------
                         (clock clk_80_clk_core_extorint_40_1 rise edge)
                                                      0.000     0.000 r  
    G17                                               0.000     0.000 r  clk_ext (IN)
                         net (fo=0)                   0.000     0.000    clk_ext
    G17                  IBUF (Prop_ibuf_I_O)         1.474     1.474 r  clk_ext_IBUF_inst/O
                         net (fo=1, routed)           2.069     3.543    clk_ext_IBUF
    BUFGCTRL_X0Y11       BUFG (Prop_bufg_I_O)         0.096     3.639 r  clk_ext_IBUF_BUFG_inst/O
                         net (fo=16, routed)          1.575     5.214    astep24_3l_top_I/clocking_reset_I/intern_or_ext_to_internal/inst/clk_in2
    MMCME2_ADV_X1Y0      MMCME2_ADV (Prop_mmcme2_adv_CLKIN2_CLKOUT1)
                                                     -3.333     1.881 r  astep24_3l_top_I/clocking_reset_I/intern_or_ext_to_internal/inst/mmcm_adv_inst/CLKOUT1
                         net (fo=1, routed)           1.661     3.543    astep24_3l_top_I/clocking_reset_I/intern_or_ext_to_internal/inst/clk_80_clk_core_extorint_40
    BUFGCTRL_X0Y6        BUFG (Prop_bufg_I_O)         0.096     3.639 r  astep24_3l_top_I/clocking_reset_I/intern_or_ext_to_internal/inst/clkout2_buf/O
                         net (fo=5288, routed)        1.539     5.178    astep24_3l_top_I/clocking_reset_I/resets/genblk1[3].reset_generator/clk_80
    SLICE_X9Y76          FDCE                                         r  astep24_3l_top_I/clocking_reset_I/resets/genblk1[3].reset_generator/resn_main_reg_reg[14]/C
  -------------------------------------------------------------------    -------------------
    SLICE_X9Y76          FDCE (Prop_fdce_C_Q)         0.419     5.597 r  astep24_3l_top_I/clocking_reset_I/resets/genblk1[3].reset_generator/resn_main_reg_reg[14]/Q
                         net (fo=74, routed)          2.111     7.708    astep24_3l_top_I/clocking_reset_I/resets/genblk1[3].reset_generator/resn_main_reg[14]
    SLICE_X12Y81         LUT1 (Prop_lut1_I0_O)        0.297     8.005 f  astep24_3l_top_I/clocking_reset_I/resets/genblk1[3].reset_generator/resn_main_reg[14]_i_1__3/O
                         net (fo=1069, routed)        3.380    11.384    astep24_3l_top_I/sw_if/neo_uart_axis/SS[0]
    SLICE_X45Y38         FDCE                                         f  astep24_3l_top_I/sw_if/neo_uart_axis/tx_engine_reg[state][1]/CLR
  -------------------------------------------------------------------    -------------------

                         (clock clk_80_clk_core_extorint_40_1 rise edge)
                                                     12.500    12.500 r  
    G17                                               0.000    12.500 r  clk_ext (IN)
                         net (fo=0)                   0.000    12.500    clk_ext
    G17                  IBUF (Prop_ibuf_I_O)         1.404    13.904 r  clk_ext_IBUF_inst/O
                         net (fo=1, routed)           1.802    15.705    clk_ext_IBUF
    BUFGCTRL_X0Y11       BUFG (Prop_bufg_I_O)         0.091    15.796 r  clk_ext_IBUF_BUFG_inst/O
                         net (fo=16, routed)          1.457    17.254    astep24_3l_top_I/clocking_reset_I/intern_or_ext_to_internal/inst/clk_in2
    MMCME2_ADV_X1Y0      MMCME2_ADV (Prop_mmcme2_adv_CLKIN2_CLKOUT1)
                                                     -3.129    14.124 r  astep24_3l_top_I/clocking_reset_I/intern_or_ext_to_internal/inst/mmcm_adv_inst/CLKOUT1
                         net (fo=1, routed)           1.581    15.705    astep24_3l_top_I/clocking_reset_I/intern_or_ext_to_internal/inst/clk_80_clk_core_extorint_40
    BUFGCTRL_X0Y6        BUFG (Prop_bufg_I_O)         0.091    15.796 r  astep24_3l_top_I/clocking_reset_I/intern_or_ext_to_internal/inst/clkout2_buf/O
                         net (fo=5288, routed)        1.445    17.242    astep24_3l_top_I/sw_if/neo_uart_axis/clk_80
    SLICE_X45Y38         FDCE                                         r  astep24_3l_top_I/sw_if/neo_uart_axis/tx_engine_reg[state][1]/C
                         clock pessimism              0.343    17.584    
                         clock uncertainty           -0.109    17.475    
    SLICE_X45Y38         FDCE (Recov_fdce_C_CLR)     -0.405    17.070    astep24_3l_top_I/sw_if/neo_uart_axis/tx_engine_reg[state][1]
  -------------------------------------------------------------------
                         required time                         17.070    
                         arrival time                         -11.384    
  -------------------------------------------------------------------
                         slack                                  5.686    





Min Delay Paths
--------------------------------------------------------------------------------------
Slack (MET) :             0.948ns  (arrival time - required time)
  Source:                 astep24_3l_top_I/clocking_reset_I/resets/genblk1[3].reset_generator/resn_main_reg_reg[14]/C
                            (rising edge-triggered cell FDCE clocked by clk_80_clk_core_extorint_40_1  {rise@0.000ns fall@6.250ns period=12.500ns})
  Destination:            astep24_3l_top_I/housekeeping/xadc_hk_driver_I/xadc/inst/AXI_XADC_CORE_I/drp_to_axi4stream_inst/channel_id_reg[3]/CLR
                            (removal check against rising-edge clock clk_80_clk_core_extorint_40_1  {rise@0.000ns fall@6.250ns period=12.500ns})
  Path Group:             **async_default**
  Path Type:              Removal (Min at Fast Process Corner)
  Requirement:            0.000ns  (clk_80_clk_core_extorint_40_1 rise@0.000ns - clk_80_clk_core_extorint_40_1 rise@0.000ns)
  Data Path Delay:        0.848ns  (logic 0.227ns (26.764%)  route 0.621ns (73.236%))
  Logic Levels:           1  (LUT1=1)
  Clock Path Skew:        0.033ns (DCD - SCD - CPR)
    Destination Clock Delay (DCD):    2.286ns
    Source Clock Delay      (SCD):    1.703ns
    Clock Pessimism Removal (CPR):    0.550ns

    Location             Delay type                Incr(ns)  Path(ns)    Netlist Resource(s)
  -------------------------------------------------------------------    -------------------
                         (clock clk_80_clk_core_extorint_40_1 rise edge)
                                                      0.000     0.000 r  
    G17                                               0.000     0.000 r  clk_ext (IN)
                         net (fo=0)                   0.000     0.000    clk_ext
    G17                  IBUF (Prop_ibuf_I_O)         0.242     0.242 r  clk_ext_IBUF_inst/O
                         net (fo=1, routed)           0.884     1.126    clk_ext_IBUF
    BUFGCTRL_X0Y11       BUFG (Prop_bufg_I_O)         0.026     1.152 r  clk_ext_IBUF_BUFG_inst/O
                         net (fo=16, routed)          0.549     1.700    astep24_3l_top_I/clocking_reset_I/intern_or_ext_to_internal/inst/clk_in2
    MMCME2_ADV_X1Y0      MMCME2_ADV (Prop_mmcme2_adv_CLKIN2_CLKOUT1)
                                                     -1.061     0.640 r  astep24_3l_top_I/clocking_reset_I/intern_or_ext_to_internal/inst/mmcm_adv_inst/CLKOUT1
                         net (fo=1, routed)           0.486     1.126    astep24_3l_top_I/clocking_reset_I/intern_or_ext_to_internal/inst/clk_80_clk_core_extorint_40
    BUFGCTRL_X0Y6        BUFG (Prop_bufg_I_O)         0.026     1.152 r  astep24_3l_top_I/clocking_reset_I/intern_or_ext_to_internal/inst/clkout2_buf/O
                         net (fo=5288, routed)        0.552     1.703    astep24_3l_top_I/clocking_reset_I/resets/genblk1[3].reset_generator/clk_80
    SLICE_X9Y76          FDCE                                         r  astep24_3l_top_I/clocking_reset_I/resets/genblk1[3].reset_generator/resn_main_reg_reg[14]/C
  -------------------------------------------------------------------    -------------------
    SLICE_X9Y76          FDCE (Prop_fdce_C_Q)         0.128     1.831 r  astep24_3l_top_I/clocking_reset_I/resets/genblk1[3].reset_generator/resn_main_reg_reg[14]/Q
                         net (fo=74, routed)          0.328     2.160    astep24_3l_top_I/housekeeping/xadc_hk_driver_I/xadc/inst/AXI_XADC_CORE_I/drp_to_axi4stream_inst/m_axis_resetn
    SLICE_X10Y74         LUT1 (Prop_lut1_I0_O)        0.099     2.259 f  astep24_3l_top_I/housekeeping/xadc_hk_driver_I/xadc/inst/AXI_XADC_CORE_I/drp_to_axi4stream_inst/FIFO18E1_inst_data_i_2/O
                         net (fo=15, routed)          0.293     2.552    astep24_3l_top_I/housekeeping/xadc_hk_driver_I/xadc/inst/AXI_XADC_CORE_I/drp_to_axi4stream_inst/AR[0]
    SLICE_X10Y76         FDCE                                         f  astep24_3l_top_I/housekeeping/xadc_hk_driver_I/xadc/inst/AXI_XADC_CORE_I/drp_to_axi4stream_inst/channel_id_reg[3]/CLR
  -------------------------------------------------------------------    -------------------

                         (clock clk_80_clk_core_extorint_40_1 rise edge)
                                                      0.000     0.000 r  
    G17                                               0.000     0.000 r  clk_ext (IN)
                         net (fo=0)                   0.000     0.000    clk_ext
    G17                  IBUF (Prop_ibuf_I_O)         0.430     0.430 r  clk_ext_IBUF_inst/O
                         net (fo=1, routed)           1.009     1.439    clk_ext_IBUF
    BUFGCTRL_X0Y11       BUFG (Prop_bufg_I_O)         0.029     1.468 r  clk_ext_IBUF_BUFG_inst/O
                         net (fo=16, routed)          0.817     2.284    astep24_3l_top_I/clocking_reset_I/intern_or_ext_to_internal/inst/clk_in2
    MMCME2_ADV_X1Y0      MMCME2_ADV (Prop_mmcme2_adv_CLKIN2_CLKOUT1)
                                                     -1.375     0.909 r  astep24_3l_top_I/clocking_reset_I/intern_or_ext_to_internal/inst/mmcm_adv_inst/CLKOUT1
                         net (fo=1, routed)           0.530     1.439    astep24_3l_top_I/clocking_reset_I/intern_or_ext_to_internal/inst/clk_80_clk_core_extorint_40
    BUFGCTRL_X0Y6        BUFG (Prop_bufg_I_O)         0.029     1.468 r  astep24_3l_top_I/clocking_reset_I/intern_or_ext_to_internal/inst/clkout2_buf/O
                         net (fo=5288, routed)        0.818     2.286    astep24_3l_top_I/housekeeping/xadc_hk_driver_I/xadc/inst/AXI_XADC_CORE_I/drp_to_axi4stream_inst/m_axis_aclk
    SLICE_X10Y76         FDCE                                         r  astep24_3l_top_I/housekeeping/xadc_hk_driver_I/xadc/inst/AXI_XADC_CORE_I/drp_to_axi4stream_inst/channel_id_reg[3]/C
                         clock pessimism             -0.550     1.736    
    SLICE_X10Y76         FDCE (Remov_fdce_C_CLR)     -0.133     1.603    astep24_3l_top_I/housekeeping/xadc_hk_driver_I/xadc/inst/AXI_XADC_CORE_I/drp_to_axi4stream_inst/channel_id_reg[3]
  -------------------------------------------------------------------
                         required time                         -1.603    
                         arrival time                           2.552    
  -------------------------------------------------------------------
                         slack                                  0.948    





---------------------------------------------------------------------------------------------------
Path Group:  **async_default**
From Clock:  clk_out1_clk_sys_to_40
  To Clock:  clk_out1_clk_sys_to_40

Setup :            0  Failing Endpoints,  Worst Slack       22.191ns,  Total Violation        0.000ns
Hold  :            0  Failing Endpoints,  Worst Slack        0.746ns,  Total Violation        0.000ns
---------------------------------------------------------------------------------------------------


Max Delay Paths
--------------------------------------------------------------------------------------
Slack (MET) :             22.191ns  (required time - arrival time)
  Source:                 astep24_3l_top_I/clocking_reset_I/ext_clk_allowed_synced_reg/C
                            (rising edge-triggered cell FDCE clocked by clk_out1_clk_sys_to_40  {rise@0.000ns fall@12.500ns period=25.000ns})
  Destination:            astep24_3l_top_I/clocking_reset_I/clk_ext_selected_reg/CLR
                            (recovery check against rising-edge clock clk_out1_clk_sys_to_40  {rise@0.000ns fall@12.500ns period=25.000ns})
  Path Group:             **async_default**
  Path Type:              Recovery (Max at Slow Process Corner)
  Requirement:            25.000ns  (clk_out1_clk_sys_to_40 rise@25.000ns - clk_out1_clk_sys_to_40 rise@0.000ns)
  Data Path Delay:        1.909ns  (logic 0.667ns (34.947%)  route 1.242ns (65.053%))
  Logic Levels:           1  (LUT2=1)
  Clock Path Skew:        -0.036ns (DCD - SCD + CPR)
    Destination Clock Delay (DCD):    -1.551ns = ( 23.449 - 25.000 ) 
    Source Clock Delay      (SCD):    -0.954ns
    Clock Pessimism Removal (CPR):    0.561ns
  Clock Uncertainty:      0.251ns  ((TSJ^2 + DJ^2)^1/2) / 2 + PE
    Total System Jitter     (TSJ):    0.071ns
    Discrete Jitter          (DJ):    0.497ns
    Phase Error              (PE):    0.000ns

    Location             Delay type                Incr(ns)  Path(ns)    Netlist Resource(s)
  -------------------------------------------------------------------    -------------------
                         (clock clk_out1_clk_sys_to_40 rise edge)
                                                      0.000     0.000 r  
    L17                                               0.000     0.000 r  sysclk (IN)
                         net (fo=0)                   0.000     0.000    astep24_3l_top_I/clocking_reset_I/sys_to_40/inst/clk_in1
    L17                  IBUF (Prop_ibuf_I_O)         1.476     1.476 r  astep24_3l_top_I/clocking_reset_I/sys_to_40/inst/clkin1_ibufg/O
                         net (fo=1, routed)           1.233     2.709    astep24_3l_top_I/clocking_reset_I/sys_to_40/inst/clk_in1_clk_sys_to_40
    MMCME2_ADV_X0Y0      MMCME2_ADV (Prop_mmcme2_adv_CLKIN1_CLKOUT0)
                                                     -6.965    -4.256 r  astep24_3l_top_I/clocking_reset_I/sys_to_40/inst/mmcm_adv_inst/CLKOUT0
                         net (fo=1, routed)           1.666    -2.589    astep24_3l_top_I/clocking_reset_I/sys_to_40/inst/clk_out1_clk_sys_to_40
    BUFGCTRL_X0Y10       BUFG (Prop_bufg_I_O)         0.096    -2.493 r  astep24_3l_top_I/clocking_reset_I/sys_to_40/inst/clkout1_buf/O
                         net (fo=34, routed)          1.539    -0.954    astep24_3l_top_I/clocking_reset_I/sysclk_40M
    SLICE_X10Y73         FDCE                                         r  astep24_3l_top_I/clocking_reset_I/ext_clk_allowed_synced_reg/C
  -------------------------------------------------------------------    -------------------
    SLICE_X10Y73         FDCE (Prop_fdce_C_Q)         0.518    -0.436 r  astep24_3l_top_I/clocking_reset_I/ext_clk_allowed_synced_reg/Q
                         net (fo=3, routed)           0.842     0.406    astep24_3l_top_I/clocking_reset_I/ext_clk_allowed_synced
    SLICE_X9Y73          LUT2 (Prop_lut2_I1_O)        0.149     0.555 f  astep24_3l_top_I/clocking_reset_I/clk_ext_switch[2]_i_2/O
                         net (fo=6, routed)           0.400     0.954    astep24_3l_top_I/clocking_reset_I/clk_ext_switch0
    SLICE_X9Y73          FDCE                                         f  astep24_3l_top_I/clocking_reset_I/clk_ext_selected_reg/CLR
  -------------------------------------------------------------------    -------------------

                         (clock clk_out1_clk_sys_to_40 rise edge)
                                                     25.000    25.000 r  
    L17                                               0.000    25.000 r  sysclk (IN)
                         net (fo=0)                   0.000    25.000    astep24_3l_top_I/clocking_reset_I/sys_to_40/inst/clk_in1
    L17                  IBUF (Prop_ibuf_I_O)         1.406    26.405 r  astep24_3l_top_I/clocking_reset_I/sys_to_40/inst/clkin1_ibufg/O
                         net (fo=1, routed)           1.162    27.567    astep24_3l_top_I/clocking_reset_I/sys_to_40/inst/clk_in1_clk_sys_to_40
    MMCME2_ADV_X0Y0      MMCME2_ADV (Prop_mmcme2_adv_CLKIN1_CLKOUT0)
                                                     -7.221    20.346 r  astep24_3l_top_I/clocking_reset_I/sys_to_40/inst/mmcm_adv_inst/CLKOUT0
                         net (fo=1, routed)           1.587    21.933    astep24_3l_top_I/clocking_reset_I/sys_to_40/inst/clk_out1_clk_sys_to_40
    BUFGCTRL_X0Y10       BUFG (Prop_bufg_I_O)         0.091    22.024 r  astep24_3l_top_I/clocking_reset_I/sys_to_40/inst/clkout1_buf/O
                         net (fo=34, routed)          1.425    23.449    astep24_3l_top_I/clocking_reset_I/sysclk_40M
    SLICE_X9Y73          FDCE                                         r  astep24_3l_top_I/clocking_reset_I/clk_ext_selected_reg/C
                         clock pessimism              0.561    24.010    
                         clock uncertainty           -0.251    23.759    
    SLICE_X9Y73          FDCE (Recov_fdce_C_CLR)     -0.613    23.146    astep24_3l_top_I/clocking_reset_I/clk_ext_selected_reg
  -------------------------------------------------------------------
                         required time                         23.146    
                         arrival time                          -0.954    
  -------------------------------------------------------------------
                         slack                                 22.191    





Min Delay Paths
--------------------------------------------------------------------------------------
Slack (MET) :             0.746ns  (arrival time - required time)
  Source:                 astep24_3l_top_I/clocking_reset_I/ext_clk_allowed_synced_reg/C
                            (rising edge-triggered cell FDCE clocked by clk_out1_clk_sys_to_40  {rise@0.000ns fall@12.500ns period=25.000ns})
  Destination:            astep24_3l_top_I/clocking_reset_I/clk_ext_locked_reg/CLR
                            (removal check against rising-edge clock clk_out1_clk_sys_to_40  {rise@0.000ns fall@12.500ns period=25.000ns})
  Path Group:             **async_default**
  Path Type:              Removal (Min at Fast Process Corner)
  Requirement:            0.000ns  (clk_out1_clk_sys_to_40 rise@0.000ns - clk_out1_clk_sys_to_40 rise@0.000ns)
  Data Path Delay:        0.645ns  (logic 0.208ns (32.267%)  route 0.437ns (67.733%))
  Logic Levels:           1  (LUT2=1)
  Clock Path Skew:        0.033ns (DCD - SCD - CPR)
    Destination Clock Delay (DCD):    -0.852ns
    Source Clock Delay      (SCD):    -0.612ns
    Clock Pessimism Removal (CPR):    -0.273ns

    Location             Delay type                Incr(ns)  Path(ns)    Netlist Resource(s)
  -------------------------------------------------------------------    -------------------
                         (clock clk_out1_clk_sys_to_40 rise edge)
                                                      0.000     0.000 r  
    L17                                               0.000     0.000 r  sysclk (IN)
                         net (fo=0)                   0.000     0.000    astep24_3l_top_I/clocking_reset_I/sys_to_40/inst/clk_in1
    L17                  IBUF (Prop_ibuf_I_O)         0.244     0.244 r  astep24_3l_top_I/clocking_reset_I/sys_to_40/inst/clkin1_ibufg/O
                         net (fo=1, routed)           0.440     0.684    astep24_3l_top_I/clocking_reset_I/sys_to_40/inst/clk_in1_clk_sys_to_40
    MMCME2_ADV_X0Y0      MMCME2_ADV (Prop_mmcme2_adv_CLKIN1_CLKOUT0)
                                                     -2.362    -1.678 r  astep24_3l_top_I/clocking_reset_I/sys_to_40/inst/mmcm_adv_inst/CLKOUT0
                         net (fo=1, routed)           0.489    -1.189    astep24_3l_top_I/clocking_reset_I/sys_to_40/inst/clk_out1_clk_sys_to_40
    BUFGCTRL_X0Y10       BUFG (Prop_bufg_I_O)         0.026    -1.163 r  astep24_3l_top_I/clocking_reset_I/sys_to_40/inst/clkout1_buf/O
                         net (fo=34, routed)          0.552    -0.612    astep24_3l_top_I/clocking_reset_I/sysclk_40M
    SLICE_X10Y73         FDCE                                         r  astep24_3l_top_I/clocking_reset_I/ext_clk_allowed_synced_reg/C
  -------------------------------------------------------------------    -------------------
    SLICE_X10Y73         FDCE (Prop_fdce_C_Q)         0.164    -0.448 r  astep24_3l_top_I/clocking_reset_I/ext_clk_allowed_synced_reg/Q
                         net (fo=3, routed)           0.305    -0.143    astep24_3l_top_I/clocking_reset_I/ext_clk_allowed_synced
    SLICE_X9Y73          LUT2 (Prop_lut2_I1_O)        0.044    -0.099 f  astep24_3l_top_I/clocking_reset_I/clk_ext_switch[2]_i_2/O
                         net (fo=6, routed)           0.132     0.033    astep24_3l_top_I/clocking_reset_I/clk_ext_switch0
    SLICE_X8Y73          FDCE                                         f  astep24_3l_top_I/clocking_reset_I/clk_ext_locked_reg/CLR
  -------------------------------------------------------------------    -------------------

                         (clock clk_out1_clk_sys_to_40 rise edge)
                                                      0.000     0.000 r  
    L17                                               0.000     0.000 r  sysclk (IN)
                         net (fo=0)                   0.000     0.000    astep24_3l_top_I/clocking_reset_I/sys_to_40/inst/clk_in1
    L17                  IBUF (Prop_ibuf_I_O)         0.432     0.432 r  astep24_3l_top_I/clocking_reset_I/sys_to_40/inst/clkin1_ibufg/O
                         net (fo=1, routed)           0.480     0.912    astep24_3l_top_I/clocking_reset_I/sys_to_40/inst/clk_in1_clk_sys_to_40
    MMCME2_ADV_X0Y0      MMCME2_ADV (Prop_mmcme2_adv_CLKIN1_CLKOUT0)
                                                     -3.145    -2.233 r  astep24_3l_top_I/clocking_reset_I/sys_to_40/inst/mmcm_adv_inst/CLKOUT0
                         net (fo=1, routed)           0.534    -1.700    astep24_3l_top_I/clocking_reset_I/sys_to_40/inst/clk_out1_clk_sys_to_40
    BUFGCTRL_X0Y10       BUFG (Prop_bufg_I_O)         0.029    -1.671 r  astep24_3l_top_I/clocking_reset_I/sys_to_40/inst/clkout1_buf/O
                         net (fo=34, routed)          0.818    -0.852    astep24_3l_top_I/clocking_reset_I/sysclk_40M
    SLICE_X8Y73          FDCE                                         r  astep24_3l_top_I/clocking_reset_I/clk_ext_locked_reg/C
                         clock pessimism              0.273    -0.579    
    SLICE_X8Y73          FDCE (Remov_fdce_C_CLR)     -0.134    -0.713    astep24_3l_top_I/clocking_reset_I/clk_ext_locked_reg
  -------------------------------------------------------------------
                         required time                          0.713    
                         arrival time                           0.033    
  -------------------------------------------------------------------
                         slack                                  0.746    





---------------------------------------------------------------------------------------------------
Path Group:  **async_default**
From Clock:  clk_80_clk_core_extorint_40
  To Clock:  hk_spi_divided

Setup :            0  Failing Endpoints,  Worst Slack        9.500ns,  Total Violation        0.000ns
Hold  :            0  Failing Endpoints,  Worst Slack        0.560ns,  Total Violation        0.000ns
---------------------------------------------------------------------------------------------------


Max Delay Paths
--------------------------------------------------------------------------------------
Slack (MET) :             9.500ns  (required time - arrival time)
  Source:                 astep24_3l_top_I/clocking_reset_I/resets/genblk1[3].reset_generator/resn_main_reg_reg[14]/C
                            (rising edge-triggered cell FDCE clocked by clk_80_clk_core_extorint_40  {rise@0.000ns fall@6.250ns period=12.500ns})
  Destination:            astep24_3l_top_I/main_rfg_I/spi_hk_ckdivider_divided_resn_delay_reg[0]/CLR
                            (recovery check against rising-edge clock hk_spi_divided  {rise@0.000ns fall@12.500ns period=25.000ns})
  Path Group:             **async_default**
  Path Type:              Recovery (Max at Slow Process Corner)
  Requirement:            12.500ns  (hk_spi_divided rise@25.000ns - clk_80_clk_core_extorint_40 rise@12.500ns)
  Data Path Delay:        5.268ns  (logic 0.716ns (13.591%)  route 4.552ns (86.409%))
  Logic Levels:           1  (LUT1=1)
  Clock Path Skew:        2.784ns (DCD - SCD + CPR)
    Destination Clock Delay (DCD):    1.347ns = ( 26.347 - 25.000 ) 
    Source Clock Delay      (SCD):    -0.954ns = ( 11.546 - 12.500 ) 
    Clock Pessimism Removal (CPR):    0.483ns
  Clock Uncertainty:      0.110ns  ((TSJ^2 + DJ^2)^1/2) / 2 + PE
    Total System Jitter     (TSJ):    0.071ns
    Discrete Jitter          (DJ):    0.209ns
    Phase Error              (PE):    0.000ns

    Location             Delay type                Incr(ns)  Path(ns)    Netlist Resource(s)
  -------------------------------------------------------------------    -------------------
                         (clock clk_80_clk_core_extorint_40 rise edge)
                                                     12.500    12.500 r  
    L17                                               0.000    12.500 r  sysclk (IN)
                         net (fo=0)                   0.000    12.500    astep24_3l_top_I/clocking_reset_I/sys_to_40/inst/clk_in1
    L17                  IBUF (Prop_ibuf_I_O)         1.476    13.976 r  astep24_3l_top_I/clocking_reset_I/sys_to_40/inst/clkin1_ibufg/O
                         net (fo=1, routed)           1.233    15.209    astep24_3l_top_I/clocking_reset_I/sys_to_40/inst/clk_in1_clk_sys_to_40
    MMCME2_ADV_X0Y0      MMCME2_ADV (Prop_mmcme2_adv_CLKIN1_CLKOUT0)
                                                     -6.965     8.244 r  astep24_3l_top_I/clocking_reset_I/sys_to_40/inst/mmcm_adv_inst/CLKOUT0
                         net (fo=1, routed)           1.666     9.911    astep24_3l_top_I/clocking_reset_I/sys_to_40/inst/clk_out1_clk_sys_to_40
    BUFGCTRL_X0Y10       BUFG (Prop_bufg_I_O)         0.096    10.007 r  astep24_3l_top_I/clocking_reset_I/sys_to_40/inst/clkout1_buf/O
                         net (fo=34, routed)          1.575    11.582    astep24_3l_top_I/clocking_reset_I/intern_or_ext_to_internal/inst/clk_in1
    MMCME2_ADV_X1Y0      MMCME2_ADV (Prop_mmcme2_adv_CLKIN1_CLKOUT1)
                                                     -3.333     8.249 r  astep24_3l_top_I/clocking_reset_I/intern_or_ext_to_internal/inst/mmcm_adv_inst/CLKOUT1
                         net (fo=1, routed)           1.661     9.911    astep24_3l_top_I/clocking_reset_I/intern_or_ext_to_internal/inst/clk_80_clk_core_extorint_40
    BUFGCTRL_X0Y6        BUFG (Prop_bufg_I_O)         0.096    10.007 r  astep24_3l_top_I/clocking_reset_I/intern_or_ext_to_internal/inst/clkout2_buf/O
                         net (fo=5288, routed)        1.539    11.546    astep24_3l_top_I/clocking_reset_I/resets/genblk1[3].reset_generator/clk_80
    SLICE_X9Y76          FDCE                                         r  astep24_3l_top_I/clocking_reset_I/resets/genblk1[3].reset_generator/resn_main_reg_reg[14]/C
  -------------------------------------------------------------------    -------------------
    SLICE_X9Y76          FDCE (Prop_fdce_C_Q)         0.419    11.965 r  astep24_3l_top_I/clocking_reset_I/resets/genblk1[3].reset_generator/resn_main_reg_reg[14]/Q
                         net (fo=74, routed)          2.111    14.075    astep24_3l_top_I/clocking_reset_I/resets/genblk1[3].reset_generator/resn_main_reg[14]
    SLICE_X12Y81         LUT1 (Prop_lut1_I0_O)        0.297    14.372 f  astep24_3l_top_I/clocking_reset_I/resets/genblk1[3].reset_generator/resn_main_reg[14]_i_1__3/O
                         net (fo=1069, routed)        2.442    16.814    astep24_3l_top_I/main_rfg_I/SS[0]
    SLICE_X15Y90         FDCE                                         f  astep24_3l_top_I/main_rfg_I/spi_hk_ckdivider_divided_resn_delay_reg[0]/CLR
  -------------------------------------------------------------------    -------------------

                         (clock hk_spi_divided rise edge)
                                                     25.000    25.000 r  
    L17                                               0.000    25.000 r  sysclk (IN)
                         net (fo=0)                   0.000    25.000    astep24_3l_top_I/clocking_reset_I/sys_to_40/inst/clk_in1
    L17                  IBUF (Prop_ibuf_I_O)         1.406    26.405 r  astep24_3l_top_I/clocking_reset_I/sys_to_40/inst/clkin1_ibufg/O
                         net (fo=1, routed)           1.162    27.567    astep24_3l_top_I/clocking_reset_I/sys_to_40/inst/clk_in1_clk_sys_to_40
    MMCME2_ADV_X0Y0      MMCME2_ADV (Prop_mmcme2_adv_CLKIN1_CLKOUT0)
                                                     -7.221    20.346 r  astep24_3l_top_I/clocking_reset_I/sys_to_40/inst/mmcm_adv_inst/CLKOUT0
                         net (fo=1, routed)           1.587    21.933    astep24_3l_top_I/clocking_reset_I/sys_to_40/inst/clk_out1_clk_sys_to_40
    BUFGCTRL_X0Y10       BUFG (Prop_bufg_I_O)         0.091    22.024 r  astep24_3l_top_I/clocking_reset_I/sys_to_40/inst/clkout1_buf/O
                         net (fo=34, routed)          1.457    23.481    astep24_3l_top_I/clocking_reset_I/intern_or_ext_to_internal/inst/clk_in1
    MMCME2_ADV_X1Y0      MMCME2_ADV (Prop_mmcme2_adv_CLKIN1_CLKOUT1)
                                                     -3.129    20.352 r  astep24_3l_top_I/clocking_reset_I/intern_or_ext_to_internal/inst/mmcm_adv_inst/CLKOUT1
                         net (fo=1, routed)           1.581    21.933    astep24_3l_top_I/clocking_reset_I/intern_or_ext_to_internal/inst/clk_80_clk_core_extorint_40
    BUFGCTRL_X0Y6        BUFG (Prop_bufg_I_O)         0.091    22.024 r  astep24_3l_top_I/clocking_reset_I/intern_or_ext_to_internal/inst/clkout2_buf/O
                         net (fo=5288, routed)        1.445    23.469    astep24_3l_top_I/main_rfg_I/clk_80
    SLICE_X35Y48         FDRE (Prop_fdre_C_Q)         0.367    23.836 r  astep24_3l_top_I/main_rfg_I/spi_hk_ckdivider_divided_clk_reg/Q
                         net (fo=2, routed)           0.982    24.818    astep24_3l_top_I_n_28
    BUFGCTRL_X0Y8        BUFG (Prop_bufg_I_O)         0.091    24.909 r  spi_hk_ckdivider_divided_resn_delay_reg[7]_i_1/O
                         net (fo=257, routed)         1.438    26.347    astep24_3l_top_I/main_rfg_I/spi_hk_ckdivider_divided_resn_delay_reg[7]_1
    SLICE_X15Y90         FDCE                                         r  astep24_3l_top_I/main_rfg_I/spi_hk_ckdivider_divided_resn_delay_reg[0]/C
                         clock pessimism              0.483    26.829    
                         clock uncertainty           -0.110    26.719    
    SLICE_X15Y90         FDCE (Recov_fdce_C_CLR)     -0.405    26.314    astep24_3l_top_I/main_rfg_I/spi_hk_ckdivider_divided_resn_delay_reg[0]
  -------------------------------------------------------------------
                         required time                         26.314    
                         arrival time                         -16.814    
  -------------------------------------------------------------------
                         slack                                  9.500    





Min Delay Paths
--------------------------------------------------------------------------------------
Slack (MET) :             0.560ns  (arrival time - required time)
  Source:                 astep24_3l_top_I/clocking_reset_I/resets/genblk1[3].reset_generator/resn_main_reg_reg[14]/C
                            (rising edge-triggered cell FDCE clocked by clk_80_clk_core_extorint_40  {rise@0.000ns fall@6.250ns period=12.500ns})
  Destination:            astep24_3l_top_I/main_rfg_I/spi_hk_ckdivider_divided_resn_delay_reg[4]/CLR
                            (removal check against rising-edge clock hk_spi_divided  {rise@0.000ns fall@12.500ns period=25.000ns})
  Path Group:             **async_default**
  Path Type:              Removal (Min at Fast Process Corner)
  Requirement:            0.000ns  (hk_spi_divided rise@0.000ns - clk_80_clk_core_extorint_40 rise@0.000ns)
  Data Path Delay:        2.313ns  (logic 0.226ns (9.769%)  route 2.087ns (90.231%))
  Logic Levels:           1  (LUT1=1)
  Clock Path Skew:        1.820ns (DCD - SCD - CPR)
    Destination Clock Delay (DCD):    0.701ns
    Source Clock Delay      (SCD):    -0.612ns
    Clock Pessimism Removal (CPR):    -0.507ns

    Location             Delay type                Incr(ns)  Path(ns)    Netlist Resource(s)
  -------------------------------------------------------------------    -------------------
                         (clock clk_80_clk_core_extorint_40 rise edge)
                                                      0.000     0.000 r  
    L17                                               0.000     0.000 r  sysclk (IN)
                         net (fo=0)                   0.000     0.000    astep24_3l_top_I/clocking_reset_I/sys_to_40/inst/clk_in1
    L17                  IBUF (Prop_ibuf_I_O)         0.244     0.244 r  astep24_3l_top_I/clocking_reset_I/sys_to_40/inst/clkin1_ibufg/O
                         net (fo=1, routed)           0.440     0.684    astep24_3l_top_I/clocking_reset_I/sys_to_40/inst/clk_in1_clk_sys_to_40
    MMCME2_ADV_X0Y0      MMCME2_ADV (Prop_mmcme2_adv_CLKIN1_CLKOUT0)
                                                     -2.362    -1.678 r  astep24_3l_top_I/clocking_reset_I/sys_to_40/inst/mmcm_adv_inst/CLKOUT0
                         net (fo=1, routed)           0.489    -1.189    astep24_3l_top_I/clocking_reset_I/sys_to_40/inst/clk_out1_clk_sys_to_40
    BUFGCTRL_X0Y10       BUFG (Prop_bufg_I_O)         0.026    -1.163 r  astep24_3l_top_I/clocking_reset_I/sys_to_40/inst/clkout1_buf/O
                         net (fo=34, routed)          0.549    -0.615    astep24_3l_top_I/clocking_reset_I/intern_or_ext_to_internal/inst/clk_in1
    MMCME2_ADV_X1Y0      MMCME2_ADV (Prop_mmcme2_adv_CLKIN1_CLKOUT1)
                                                     -1.061    -1.675 r  astep24_3l_top_I/clocking_reset_I/intern_or_ext_to_internal/inst/mmcm_adv_inst/CLKOUT1
                         net (fo=1, routed)           0.486    -1.189    astep24_3l_top_I/clocking_reset_I/intern_or_ext_to_internal/inst/clk_80_clk_core_extorint_40
    BUFGCTRL_X0Y6        BUFG (Prop_bufg_I_O)         0.026    -1.163 r  astep24_3l_top_I/clocking_reset_I/intern_or_ext_to_internal/inst/clkout2_buf/O
                         net (fo=5288, routed)        0.552    -0.612    astep24_3l_top_I/clocking_reset_I/resets/genblk1[3].reset_generator/clk_80
    SLICE_X9Y76          FDCE                                         r  astep24_3l_top_I/clocking_reset_I/resets/genblk1[3].reset_generator/resn_main_reg_reg[14]/C
  -------------------------------------------------------------------    -------------------
    SLICE_X9Y76          FDCE (Prop_fdce_C_Q)         0.128    -0.484 r  astep24_3l_top_I/clocking_reset_I/resets/genblk1[3].reset_generator/resn_main_reg_reg[14]/Q
                         net (fo=74, routed)          0.920     0.436    astep24_3l_top_I/clocking_reset_I/resets/genblk1[3].reset_generator/resn_main_reg[14]
    SLICE_X12Y81         LUT1 (Prop_lut1_I0_O)        0.098     0.534 f  astep24_3l_top_I/clocking_reset_I/resets/genblk1[3].reset_generator/resn_main_reg[14]_i_1__3/O
                         net (fo=1069, routed)        1.168     1.702    astep24_3l_top_I/main_rfg_I/SS[0]
    SLICE_X14Y90         FDCE                                         f  astep24_3l_top_I/main_rfg_I/spi_hk_ckdivider_divided_resn_delay_reg[4]/CLR
  -------------------------------------------------------------------    -------------------

                         (clock hk_spi_divided rise edge)
                                                      0.000     0.000 r  
    L17                                               0.000     0.000 r  sysclk (IN)
                         net (fo=0)                   0.000     0.000    astep24_3l_top_I/clocking_reset_I/sys_to_40/inst/clk_in1
    L17                  IBUF (Prop_ibuf_I_O)         0.432     0.432 r  astep24_3l_top_I/clocking_reset_I/sys_to_40/inst/clkin1_ibufg/O
                         net (fo=1, routed)           0.480     0.912    astep24_3l_top_I/clocking_reset_I/sys_to_40/inst/clk_in1_clk_sys_to_40
    MMCME2_ADV_X0Y0      MMCME2_ADV (Prop_mmcme2_adv_CLKIN1_CLKOUT0)
                                                     -3.145    -2.233 r  astep24_3l_top_I/clocking_reset_I/sys_to_40/inst/mmcm_adv_inst/CLKOUT0
                         net (fo=1, routed)           0.534    -1.700    astep24_3l_top_I/clocking_reset_I/sys_to_40/inst/clk_out1_clk_sys_to_40
    BUFGCTRL_X0Y10       BUFG (Prop_bufg_I_O)         0.029    -1.671 r  astep24_3l_top_I/clocking_reset_I/sys_to_40/inst/clkout1_buf/O
                         net (fo=34, routed)          0.817    -0.854    astep24_3l_top_I/clocking_reset_I/intern_or_ext_to_internal/inst/clk_in1
    MMCME2_ADV_X1Y0      MMCME2_ADV (Prop_mmcme2_adv_CLKIN1_CLKOUT1)
                                                     -1.375    -2.229 r  astep24_3l_top_I/clocking_reset_I/intern_or_ext_to_internal/inst/mmcm_adv_inst/CLKOUT1
                         net (fo=1, routed)           0.530    -1.700    astep24_3l_top_I/clocking_reset_I/intern_or_ext_to_internal/inst/clk_80_clk_core_extorint_40
    BUFGCTRL_X0Y6        BUFG (Prop_bufg_I_O)         0.029    -1.671 r  astep24_3l_top_I/clocking_reset_I/intern_or_ext_to_internal/inst/clkout2_buf/O
                         net (fo=5288, routed)        0.832    -0.839    astep24_3l_top_I/main_rfg_I/clk_80
    SLICE_X35Y48         FDRE (Prop_fdre_C_Q)         0.175    -0.664 r  astep24_3l_top_I/main_rfg_I/spi_hk_ckdivider_divided_clk_reg/Q
                         net (fo=2, routed)           0.504    -0.160    astep24_3l_top_I_n_28
    BUFGCTRL_X0Y8        BUFG (Prop_bufg_I_O)         0.029    -0.131 r  spi_hk_ckdivider_divided_resn_delay_reg[7]_i_1/O
                         net (fo=257, routed)         0.832     0.701    astep24_3l_top_I/main_rfg_I/spi_hk_ckdivider_divided_resn_delay_reg[7]_1
    SLICE_X14Y90         FDCE                                         r  astep24_3l_top_I/main_rfg_I/spi_hk_ckdivider_divided_resn_delay_reg[4]/C
                         clock pessimism              0.507     1.208    
    SLICE_X14Y90         FDCE (Remov_fdce_C_CLR)     -0.067     1.141    astep24_3l_top_I/main_rfg_I/spi_hk_ckdivider_divided_resn_delay_reg[4]
  -------------------------------------------------------------------
                         required time                         -1.141    
                         arrival time                           1.702    
  -------------------------------------------------------------------
                         slack                                  0.560    





---------------------------------------------------------------------------------------------------
Path Group:  **async_default**
From Clock:  clk_80_clk_core_extorint_40
  To Clock:  layers_spi_divided

Setup :            0  Failing Endpoints,  Worst Slack        8.869ns,  Total Violation        0.000ns
Hold  :            0  Failing Endpoints,  Worst Slack        0.509ns,  Total Violation        0.000ns
---------------------------------------------------------------------------------------------------


Max Delay Paths
--------------------------------------------------------------------------------------
Slack (MET) :             8.869ns  (required time - arrival time)
  Source:                 astep24_3l_top_I/clocking_reset_I/resets/genblk1[3].reset_generator/resn_main_reg_reg[14]/C
                            (rising edge-triggered cell FDCE clocked by clk_80_clk_core_extorint_40  {rise@0.000ns fall@6.250ns period=12.500ns})
  Destination:            astep24_3l_top_I/main_rfg_I/spi_layers_ckdivider_divided_resn_delay_reg[7]/CLR
                            (recovery check against rising-edge clock layers_spi_divided  {rise@0.000ns fall@12.500ns period=25.000ns})
  Path Group:             **async_default**
  Path Type:              Recovery (Max at Slow Process Corner)
  Requirement:            12.500ns  (layers_spi_divided rise@25.000ns - clk_80_clk_core_extorint_40 rise@12.500ns)
  Data Path Delay:        5.990ns  (logic 0.716ns (11.954%)  route 5.274ns (88.046%))
  Logic Levels:           1  (LUT1=1)
  Clock Path Skew:        2.874ns (DCD - SCD + CPR)
    Destination Clock Delay (DCD):    1.437ns = ( 26.437 - 25.000 ) 
    Source Clock Delay      (SCD):    -0.954ns = ( 11.546 - 12.500 ) 
    Clock Pessimism Removal (CPR):    0.483ns
  Clock Uncertainty:      0.110ns  ((TSJ^2 + DJ^2)^1/2) / 2 + PE
    Total System Jitter     (TSJ):    0.071ns
    Discrete Jitter          (DJ):    0.209ns
    Phase Error              (PE):    0.000ns

    Location             Delay type                Incr(ns)  Path(ns)    Netlist Resource(s)
  -------------------------------------------------------------------    -------------------
                         (clock clk_80_clk_core_extorint_40 rise edge)
                                                     12.500    12.500 r  
    L17                                               0.000    12.500 r  sysclk (IN)
                         net (fo=0)                   0.000    12.500    astep24_3l_top_I/clocking_reset_I/sys_to_40/inst/clk_in1
    L17                  IBUF (Prop_ibuf_I_O)         1.476    13.976 r  astep24_3l_top_I/clocking_reset_I/sys_to_40/inst/clkin1_ibufg/O
                         net (fo=1, routed)           1.233    15.209    astep24_3l_top_I/clocking_reset_I/sys_to_40/inst/clk_in1_clk_sys_to_40
    MMCME2_ADV_X0Y0      MMCME2_ADV (Prop_mmcme2_adv_CLKIN1_CLKOUT0)
                                                     -6.965     8.244 r  astep24_3l_top_I/clocking_reset_I/sys_to_40/inst/mmcm_adv_inst/CLKOUT0
                         net (fo=1, routed)           1.666     9.911    astep24_3l_top_I/clocking_reset_I/sys_to_40/inst/clk_out1_clk_sys_to_40
    BUFGCTRL_X0Y10       BUFG (Prop_bufg_I_O)         0.096    10.007 r  astep24_3l_top_I/clocking_reset_I/sys_to_40/inst/clkout1_buf/O
                         net (fo=34, routed)          1.575    11.582    astep24_3l_top_I/clocking_reset_I/intern_or_ext_to_internal/inst/clk_in1
    MMCME2_ADV_X1Y0      MMCME2_ADV (Prop_mmcme2_adv_CLKIN1_CLKOUT1)
                                                     -3.333     8.249 r  astep24_3l_top_I/clocking_reset_I/intern_or_ext_to_internal/inst/mmcm_adv_inst/CLKOUT1
                         net (fo=1, routed)           1.661     9.911    astep24_3l_top_I/clocking_reset_I/intern_or_ext_to_internal/inst/clk_80_clk_core_extorint_40
    BUFGCTRL_X0Y6        BUFG (Prop_bufg_I_O)         0.096    10.007 r  astep24_3l_top_I/clocking_reset_I/intern_or_ext_to_internal/inst/clkout2_buf/O
                         net (fo=5288, routed)        1.539    11.546    astep24_3l_top_I/clocking_reset_I/resets/genblk1[3].reset_generator/clk_80
    SLICE_X9Y76          FDCE                                         r  astep24_3l_top_I/clocking_reset_I/resets/genblk1[3].reset_generator/resn_main_reg_reg[14]/C
  -------------------------------------------------------------------    -------------------
    SLICE_X9Y76          FDCE (Prop_fdce_C_Q)         0.419    11.965 r  astep24_3l_top_I/clocking_reset_I/resets/genblk1[3].reset_generator/resn_main_reg_reg[14]/Q
                         net (fo=74, routed)          2.111    14.075    astep24_3l_top_I/clocking_reset_I/resets/genblk1[3].reset_generator/resn_main_reg[14]
    SLICE_X12Y81         LUT1 (Prop_lut1_I0_O)        0.297    14.372 f  astep24_3l_top_I/clocking_reset_I/resets/genblk1[3].reset_generator/resn_main_reg[14]_i_1__3/O
                         net (fo=1069, routed)        3.163    17.535    astep24_3l_top_I/main_rfg_I/SS[0]
    SLICE_X41Y67         FDCE                                         f  astep24_3l_top_I/main_rfg_I/spi_layers_ckdivider_divided_resn_delay_reg[7]/CLR
  -------------------------------------------------------------------    -------------------

                         (clock layers_spi_divided rise edge)
                                                     25.000    25.000 r  
    L17                                               0.000    25.000 r  sysclk (IN)
                         net (fo=0)                   0.000    25.000    astep24_3l_top_I/clocking_reset_I/sys_to_40/inst/clk_in1
    L17                  IBUF (Prop_ibuf_I_O)         1.406    26.405 r  astep24_3l_top_I/clocking_reset_I/sys_to_40/inst/clkin1_ibufg/O
                         net (fo=1, routed)           1.162    27.567    astep24_3l_top_I/clocking_reset_I/sys_to_40/inst/clk_in1_clk_sys_to_40
    MMCME2_ADV_X0Y0      MMCME2_ADV (Prop_mmcme2_adv_CLKIN1_CLKOUT0)
                                                     -7.221    20.346 r  astep24_3l_top_I/clocking_reset_I/sys_to_40/inst/mmcm_adv_inst/CLKOUT0
                         net (fo=1, routed)           1.587    21.933    astep24_3l_top_I/clocking_reset_I/sys_to_40/inst/clk_out1_clk_sys_to_40
    BUFGCTRL_X0Y10       BUFG (Prop_bufg_I_O)         0.091    22.024 r  astep24_3l_top_I/clocking_reset_I/sys_to_40/inst/clkout1_buf/O
                         net (fo=34, routed)          1.457    23.481    astep24_3l_top_I/clocking_reset_I/intern_or_ext_to_internal/inst/clk_in1
    MMCME2_ADV_X1Y0      MMCME2_ADV (Prop_mmcme2_adv_CLKIN1_CLKOUT1)
                                                     -3.129    20.352 r  astep24_3l_top_I/clocking_reset_I/intern_or_ext_to_internal/inst/mmcm_adv_inst/CLKOUT1
                         net (fo=1, routed)           1.581    21.933    astep24_3l_top_I/clocking_reset_I/intern_or_ext_to_internal/inst/clk_80_clk_core_extorint_40
    BUFGCTRL_X0Y6        BUFG (Prop_bufg_I_O)         0.091    22.024 r  astep24_3l_top_I/clocking_reset_I/intern_or_ext_to_internal/inst/clkout2_buf/O
                         net (fo=5288, routed)        1.445    23.469    astep24_3l_top_I/main_rfg_I/clk_80
    SLICE_X35Y48         FDRE (Prop_fdre_C_Q)         0.367    23.836 r  astep24_3l_top_I/main_rfg_I/spi_layers_ckdivider_divided_clk_reg/Q
                         net (fo=2, routed)           1.081    24.918    astep24_3l_top_I_n_27
    BUFGCTRL_X0Y7        BUFG (Prop_bufg_I_O)         0.091    25.009 r  spi_layers_ckdivider_divided_resn_delay_reg[7]_i_1/O
                         net (fo=992, routed)         1.429    26.437    astep24_3l_top_I/main_rfg_I/CLK
    SLICE_X41Y67         FDCE                                         r  astep24_3l_top_I/main_rfg_I/spi_layers_ckdivider_divided_resn_delay_reg[7]/C
                         clock pessimism              0.483    26.920    
                         clock uncertainty           -0.110    26.810    
    SLICE_X41Y67         FDCE (Recov_fdce_C_CLR)     -0.405    26.405    astep24_3l_top_I/main_rfg_I/spi_layers_ckdivider_divided_resn_delay_reg[7]
  -------------------------------------------------------------------
                         required time                         26.405    
                         arrival time                         -17.535    
  -------------------------------------------------------------------
                         slack                                  8.869    





Min Delay Paths
--------------------------------------------------------------------------------------
Slack (MET) :             0.509ns  (arrival time - required time)
  Source:                 astep24_3l_top_I/clocking_reset_I/resets/genblk1[3].reset_generator/resn_main_reg_reg[14]/C
                            (rising edge-triggered cell FDCE clocked by clk_80_clk_core_extorint_40  {rise@0.000ns fall@6.250ns period=12.500ns})
  Destination:            astep24_3l_top_I/main_rfg_I/spi_layers_ckdivider_divided_resn_delay_reg[4]/CLR
                            (removal check against rising-edge clock layers_spi_divided  {rise@0.000ns fall@12.500ns period=25.000ns})
  Path Group:             **async_default**
  Path Type:              Removal (Min at Fast Process Corner)
  Requirement:            0.000ns  (layers_spi_divided rise@0.000ns - clk_80_clk_core_extorint_40 rise@0.000ns)
  Data Path Delay:        2.269ns  (logic 0.226ns (9.961%)  route 2.043ns (90.039%))
  Logic Levels:           1  (LUT1=1)
  Clock Path Skew:        1.827ns (DCD - SCD - CPR)
    Destination Clock Delay (DCD):    0.708ns
    Source Clock Delay      (SCD):    -0.612ns
    Clock Pessimism Removal (CPR):    -0.507ns

    Location             Delay type                Incr(ns)  Path(ns)    Netlist Resource(s)
  -------------------------------------------------------------------    -------------------
                         (clock clk_80_clk_core_extorint_40 rise edge)
                                                      0.000     0.000 r  
    L17                                               0.000     0.000 r  sysclk (IN)
                         net (fo=0)                   0.000     0.000    astep24_3l_top_I/clocking_reset_I/sys_to_40/inst/clk_in1
    L17                  IBUF (Prop_ibuf_I_O)         0.244     0.244 r  astep24_3l_top_I/clocking_reset_I/sys_to_40/inst/clkin1_ibufg/O
                         net (fo=1, routed)           0.440     0.684    astep24_3l_top_I/clocking_reset_I/sys_to_40/inst/clk_in1_clk_sys_to_40
    MMCME2_ADV_X0Y0      MMCME2_ADV (Prop_mmcme2_adv_CLKIN1_CLKOUT0)
                                                     -2.362    -1.678 r  astep24_3l_top_I/clocking_reset_I/sys_to_40/inst/mmcm_adv_inst/CLKOUT0
                         net (fo=1, routed)           0.489    -1.189    astep24_3l_top_I/clocking_reset_I/sys_to_40/inst/clk_out1_clk_sys_to_40
    BUFGCTRL_X0Y10       BUFG (Prop_bufg_I_O)         0.026    -1.163 r  astep24_3l_top_I/clocking_reset_I/sys_to_40/inst/clkout1_buf/O
                         net (fo=34, routed)          0.549    -0.615    astep24_3l_top_I/clocking_reset_I/intern_or_ext_to_internal/inst/clk_in1
    MMCME2_ADV_X1Y0      MMCME2_ADV (Prop_mmcme2_adv_CLKIN1_CLKOUT1)
                                                     -1.061    -1.675 r  astep24_3l_top_I/clocking_reset_I/intern_or_ext_to_internal/inst/mmcm_adv_inst/CLKOUT1
                         net (fo=1, routed)           0.486    -1.189    astep24_3l_top_I/clocking_reset_I/intern_or_ext_to_internal/inst/clk_80_clk_core_extorint_40
    BUFGCTRL_X0Y6        BUFG (Prop_bufg_I_O)         0.026    -1.163 r  astep24_3l_top_I/clocking_reset_I/intern_or_ext_to_internal/inst/clkout2_buf/O
                         net (fo=5288, routed)        0.552    -0.612    astep24_3l_top_I/clocking_reset_I/resets/genblk1[3].reset_generator/clk_80
    SLICE_X9Y76          FDCE                                         r  astep24_3l_top_I/clocking_reset_I/resets/genblk1[3].reset_generator/resn_main_reg_reg[14]/C
  -------------------------------------------------------------------    -------------------
    SLICE_X9Y76          FDCE (Prop_fdce_C_Q)         0.128    -0.484 r  astep24_3l_top_I/clocking_reset_I/resets/genblk1[3].reset_generator/resn_main_reg_reg[14]/Q
                         net (fo=74, routed)          0.920     0.436    astep24_3l_top_I/clocking_reset_I/resets/genblk1[3].reset_generator/resn_main_reg[14]
    SLICE_X12Y81         LUT1 (Prop_lut1_I0_O)        0.098     0.534 f  astep24_3l_top_I/clocking_reset_I/resets/genblk1[3].reset_generator/resn_main_reg[14]_i_1__3/O
                         net (fo=1069, routed)        1.123     1.657    astep24_3l_top_I/main_rfg_I/SS[0]
    SLICE_X38Y72         FDCE                                         f  astep24_3l_top_I/main_rfg_I/spi_layers_ckdivider_divided_resn_delay_reg[4]/CLR
  -------------------------------------------------------------------    -------------------

                         (clock layers_spi_divided rise edge)
                                                      0.000     0.000 r  
    L17                                               0.000     0.000 r  sysclk (IN)
                         net (fo=0)                   0.000     0.000    astep24_3l_top_I/clocking_reset_I/sys_to_40/inst/clk_in1
    L17                  IBUF (Prop_ibuf_I_O)         0.432     0.432 r  astep24_3l_top_I/clocking_reset_I/sys_to_40/inst/clkin1_ibufg/O
                         net (fo=1, routed)           0.480     0.912    astep24_3l_top_I/clocking_reset_I/sys_to_40/inst/clk_in1_clk_sys_to_40
    MMCME2_ADV_X0Y0      MMCME2_ADV (Prop_mmcme2_adv_CLKIN1_CLKOUT0)
                                                     -3.145    -2.233 r  astep24_3l_top_I/clocking_reset_I/sys_to_40/inst/mmcm_adv_inst/CLKOUT0
                         net (fo=1, routed)           0.534    -1.700    astep24_3l_top_I/clocking_reset_I/sys_to_40/inst/clk_out1_clk_sys_to_40
    BUFGCTRL_X0Y10       BUFG (Prop_bufg_I_O)         0.029    -1.671 r  astep24_3l_top_I/clocking_reset_I/sys_to_40/inst/clkout1_buf/O
                         net (fo=34, routed)          0.817    -0.854    astep24_3l_top_I/clocking_reset_I/intern_or_ext_to_internal/inst/clk_in1
    MMCME2_ADV_X1Y0      MMCME2_ADV (Prop_mmcme2_adv_CLKIN1_CLKOUT1)
                                                     -1.375    -2.229 r  astep24_3l_top_I/clocking_reset_I/intern_or_ext_to_internal/inst/mmcm_adv_inst/CLKOUT1
                         net (fo=1, routed)           0.530    -1.700    astep24_3l_top_I/clocking_reset_I/intern_or_ext_to_internal/inst/clk_80_clk_core_extorint_40
    BUFGCTRL_X0Y6        BUFG (Prop_bufg_I_O)         0.029    -1.671 r  astep24_3l_top_I/clocking_reset_I/intern_or_ext_to_internal/inst/clkout2_buf/O
                         net (fo=5288, routed)        0.832    -0.839    astep24_3l_top_I/main_rfg_I/clk_80
    SLICE_X35Y48         FDRE (Prop_fdre_C_Q)         0.175    -0.664 r  astep24_3l_top_I/main_rfg_I/spi_layers_ckdivider_divided_clk_reg/Q
                         net (fo=2, routed)           0.526    -0.138    astep24_3l_top_I_n_27
    BUFGCTRL_X0Y7        BUFG (Prop_bufg_I_O)         0.029    -0.109 r  spi_layers_ckdivider_divided_resn_delay_reg[7]_i_1/O
                         net (fo=992, routed)         0.816     0.708    astep24_3l_top_I/main_rfg_I/CLK
    SLICE_X38Y72         FDCE                                         r  astep24_3l_top_I/main_rfg_I/spi_layers_ckdivider_divided_resn_delay_reg[4]/C
                         clock pessimism              0.507     1.215    
    SLICE_X38Y72         FDCE (Remov_fdce_C_CLR)     -0.067     1.148    astep24_3l_top_I/main_rfg_I/spi_layers_ckdivider_divided_resn_delay_reg[4]
  -------------------------------------------------------------------
                         required time                         -1.148    
                         arrival time                           1.657    
  -------------------------------------------------------------------
                         slack                                  0.509    





---------------------------------------------------------------------------------------------------
Path Group:  **async_default**
From Clock:  sw_spi_clk
  To Clock:  sw_spi_clk

Setup :            0  Failing Endpoints,  Worst Slack        8.622ns,  Total Violation        0.000ns
Hold  :            0  Failing Endpoints,  Worst Slack        0.341ns,  Total Violation        0.000ns
---------------------------------------------------------------------------------------------------


Max Delay Paths
--------------------------------------------------------------------------------------
Slack (MET) :             8.622ns  (required time - arrival time)
  Source:                 spi_csn
                            (input port clocked by sw_spi_clk  {rise@0.000ns fall@15.000ns period=30.000ns})
  Destination:            astep24_3l_top_I/sw_if/spi_igress/m_axis_tvalid_reg/CLR
                            (recovery check against rising-edge clock sw_spi_clk  {rise@0.000ns fall@15.000ns period=30.000ns})
  Path Group:             **async_default**
  Path Type:              Recovery (Max at Slow Process Corner)
  Requirement:            15.000ns  (sw_spi_clk fall@15.000ns - sw_spi_clk rise@0.000ns)
  Data Path Delay:        8.928ns  (logic 1.457ns (16.315%)  route 7.471ns (83.685%))
  Logic Levels:           1  (IBUF=1)
  Input Delay:            2.000ns
  Clock Path Skew:        4.988ns (DCD - SCD + CPR)
    Destination Clock Delay (DCD):    4.988ns = ( 19.988 - 15.000 ) 
    Source Clock Delay      (SCD):    0.000ns
    Clock Pessimism Removal (CPR):    0.000ns
  Clock Uncertainty:      0.035ns  ((TSJ^2 + TIJ^2)^1/2 + DJ) / 2 + PE
    Total System Jitter     (TSJ):    0.071ns
    Total Input Jitter      (TIJ):    0.000ns
    Discrete Jitter          (DJ):    0.000ns
    Phase Error              (PE):    0.000ns

    Location             Delay type                Incr(ns)  Path(ns)    Netlist Resource(s)
  -------------------------------------------------------------------    -------------------
                         (clock sw_spi_clk rise edge)
                                                      0.000     0.000 r  
                         input delay                  2.000     2.000    
    M2                                                0.000     2.000 f  spi_csn (IN)
                         net (fo=0)                   0.000     2.000    spi_csn
    M2                   IBUF (Prop_ibuf_I_O)         1.457     3.457 f  spi_csn_IBUF_inst/O
                         net (fo=38, routed)          7.471    10.928    astep24_3l_top_I/sw_if/spi_igress/spi_miso_TRI
    SLICE_X62Y37         FDCE                                         f  astep24_3l_top_I/sw_if/spi_igress/m_axis_tvalid_reg/CLR
  -------------------------------------------------------------------    -------------------

                         (clock sw_spi_clk fall edge)
                                                     15.000    15.000 f  
    P3                                                0.000    15.000 f  spi_clk (IN)
                         net (fo=0)                   0.000    15.000    spi_clk
    P3                   IBUF (Prop_ibuf_I_O)         1.393    16.393 f  spi_clk_IBUF_inst/O
                         net (fo=1, routed)           1.988    18.381    spi_clk_IBUF
    BUFGCTRL_X0Y9        BUFG (Prop_bufg_I_O)         0.091    18.472 f  spi_clk_IBUF_BUFG_inst/O
                         net (fo=185, routed)         1.515    19.988    astep24_3l_top_I/sw_if/spi_igress/spi_clk
    SLICE_X62Y37         FDCE                                         r  astep24_3l_top_I/sw_if/spi_igress/m_axis_tvalid_reg/C  (IS_INVERTED)
                         clock pessimism              0.000    19.988    
                         clock uncertainty           -0.035    19.952    
    SLICE_X62Y37         FDCE (Recov_fdce_C_CLR)     -0.402    19.550    astep24_3l_top_I/sw_if/spi_igress/m_axis_tvalid_reg
  -------------------------------------------------------------------
                         required time                         19.550    
                         arrival time                         -10.928    
  -------------------------------------------------------------------
                         slack                                  8.622    





Min Delay Paths
--------------------------------------------------------------------------------------
Slack (MET) :             0.341ns  (arrival time - required time)
  Source:                 spi_csn
                            (input port clocked by sw_spi_clk  {rise@0.000ns fall@15.000ns period=30.000ns})
  Destination:            astep24_3l_top_I/sw_if/readout_framing/s_axis_tready_reg/CLR
                            (removal check against rising-edge clock sw_spi_clk  {rise@0.000ns fall@15.000ns period=30.000ns})
  Path Group:             **async_default**
  Path Type:              Removal (Min at Fast Process Corner)
  Requirement:            0.000ns  (sw_spi_clk rise@0.000ns - sw_spi_clk rise@0.000ns)
  Data Path Delay:        3.725ns  (logic 0.225ns (6.031%)  route 3.500ns (93.969%))
  Logic Levels:           1  (IBUF=1)
  Input Delay:            -1.000ns
  Clock Path Skew:        2.416ns (DCD - SCD - CPR)
    Destination Clock Delay (DCD):    2.416ns
    Source Clock Delay      (SCD):    0.000ns
    Clock Pessimism Removal (CPR):    -0.000ns
  Clock Uncertainty:      0.035ns  ((TSJ^2 + TIJ^2)^1/2 + DJ) / 2 + PE
    Total System Jitter     (TSJ):    0.071ns
    Total Input Jitter      (TIJ):    0.000ns
    Discrete Jitter          (DJ):    0.000ns
    Phase Error              (PE):    0.000ns

    Location             Delay type                Incr(ns)  Path(ns)    Netlist Resource(s)
  -------------------------------------------------------------------    -------------------
                         (clock sw_spi_clk rise edge)
                                                      0.000     0.000 r  
                         input delay                 -1.000    -1.000    
    M2                                                0.000    -1.000 f  spi_csn (IN)
                         net (fo=0)                   0.000    -1.000    spi_csn
    M2                   IBUF (Prop_ibuf_I_O)         0.225    -0.775 f  spi_csn_IBUF_inst/O
                         net (fo=38, routed)          3.500     2.725    astep24_3l_top_I/sw_if/readout_framing/spi_miso_TRI
    SLICE_X60Y41         FDCE                                         f  astep24_3l_top_I/sw_if/readout_framing/s_axis_tready_reg/CLR
  -------------------------------------------------------------------    -------------------

                         (clock sw_spi_clk rise edge)
                                                      0.000     0.000 r  
    P3                                                0.000     0.000 r  spi_clk (IN)
                         net (fo=0)                   0.000     0.000    spi_clk
    P3                   IBUF (Prop_ibuf_I_O)         0.419     0.419 r  spi_clk_IBUF_inst/O
                         net (fo=1, routed)           1.105     1.524    spi_clk_IBUF
    BUFGCTRL_X0Y9        BUFG (Prop_bufg_I_O)         0.029     1.553 r  spi_clk_IBUF_BUFG_inst/O
                         net (fo=185, routed)         0.863     2.416    astep24_3l_top_I/sw_if/readout_framing/spi_clk
    SLICE_X60Y41         FDCE                                         r  astep24_3l_top_I/sw_if/readout_framing/s_axis_tready_reg/C
                         clock pessimism              0.000     2.416    
                         clock uncertainty            0.035     2.451    
    SLICE_X60Y41         FDCE (Remov_fdce_C_CLR)     -0.067     2.384    astep24_3l_top_I/sw_if/readout_framing/s_axis_tready_reg
  -------------------------------------------------------------------
                         required time                         -2.384    
                         arrival time                           2.725    
  -------------------------------------------------------------------
                         slack                                  0.341    





